date,year,month,quarter,acquisition_channel,impressions,clicks,marketing_spend_usd
2020-01-01,2020,1,Q1,Organic Search,0,0,0.0
2020-01-01,2020,1,Q1,Social Media,7771,140,306.17
2020-01-01,2020,1,Q1,Email Campaign,3614,163,97.07
2020-01-01,2020,1,Q1,Paid Ad,13592,163,550.67
2020-01-01,2020,1,Q1,Direct,0,0,0.0
2020-01-01,2020,1,Q1,Referral,0,0,0.0
2020-01-02,2020,1,Q1,Organic Search,0,0,0.0
2020-01-02,2020,1,Q1,Social Media,8389,151,330.35
2020-01-02,2020,1,Q1,Email Campaign,3592,162,96.32
2020-01-02,2020,1,Q1,Paid Ad,12665,152,513.72
2020-01-02,2020,1,Q1,Direct,0,0,0.0
2020-01-02,2020,1,Q1,Referral,0,0,0.0
2020-01-03,2020,1,Q1,Organic Search,0,0,0.0
2020-01-03,2020,1,Q1,Social Media,8416,151,331.7
2020-01-03,2020,1,Q1,Email Campaign,3883,175,104.19
2020-01-03,2020,1,Q1,Paid Ad,12423,149,503.86
2020-01-03,2020,1,Q1,Direct,0,0,0.0
2020-01-03,2020,1,Q1,Referral,0,0,0.0
2020-01-04,2020,1,Q1,Organic Search,0,0,0.0
2020-01-04,2020,1,Q1,Social Media,8981,162,353.38
2020-01-04,2020,1,Q1,Email Campaign,4055,182,108.73
2020-01-04,2020,1,Q1,Paid Ad,14278,171,579.66
2020-01-04,2020,1,Q1,Direct,0,0,0.0
2020-01-04,2020,1,Q1,Referral,0,0,0.0
2020-01-05,2020,1,Q1,Organic Search,0,0,0.0
2020-01-05,2020,1,Q1,Social Media,8766,158,345.23
2020-01-05,2020,1,Q1,Email Campaign,3560,160,95.6
2020-01-05,2020,1,Q1,Paid Ad,12786,153,519.01
2020-01-05,2020,1,Q1,Direct,0,0,0.0
2020-01-05,2020,1,Q1,Referral,0,0,0.0
2020-01-06,2020,1,Q1,Organic Search,0,0,0.0
2020-01-06,2020,1,Q1,Social Media,7153,129,281.24
2020-01-06,2020,1,Q1,Email Campaign,3356,151,90.23
2020-01-06,2020,1,Q1,Paid Ad,13229,159,536.71
2020-01-06,2020,1,Q1,Direct,0,0,0.0
2020-01-06,2020,1,Q1,Referral,0,0,0.0
2020-01-07,2020,1,Q1,Organic Search,0,0,0.0
2020-01-07,2020,1,Q1,Social Media,6937,125,273.09
2020-01-07,2020,1,Q1,Email Campaign,3248,146,87.09
2020-01-07,2020,1,Q1,Paid Ad,14439,173,584.91
2020-01-07,2020,1,Q1,Direct,0,0,0.0
2020-01-07,2020,1,Q1,Referral,0,0,0.0
2020-01-08,2020,1,Q1,Organic Search,0,0,0.0
2020-01-08,2020,1,Q1,Social Media,7341,132,289.19
2020-01-08,2020,1,Q1,Email Campaign,3678,166,98.7
2020-01-08,2020,1,Q1,Paid Ad,11455,137,463.85
2020-01-08,2020,1,Q1,Direct,0,0,0.0
2020-01-08,2020,1,Q1,Referral,0,0,0.0
2020-01-09,2020,1,Q1,Organic Search,0,0,0.0
2020-01-09,2020,1,Q1,Social Media,7153,129,281.68
2020-01-09,2020,1,Q1,Email Campaign,3689,166,99.02
2020-01-09,2020,1,Q1,Paid Ad,11737,141,475.31
2020-01-09,2020,1,Q1,Direct,0,0,0.0
2020-01-09,2020,1,Q1,Referral,0,0,0.0
2020-01-10,2020,1,Q1,Organic Search,0,0,0.0
2020-01-10,2020,1,Q1,Social Media,7717,139,303.35
2020-01-10,2020,1,Q1,Email Campaign,3485,157,93.45
2020-01-10,2020,1,Q1,Paid Ad,12624,151,511.3
2020-01-10,2020,1,Q1,Direct,0,0,0.0
2020-01-10,2020,1,Q1,Referral,0,0,0.0
2020-01-11,2020,1,Q1,Organic Search,0,0,0.0
2020-01-11,2020,1,Q1,Social Media,8201,148,322.36
2020-01-11,2020,1,Q1,Email Campaign,4829,217,129.6
2020-01-11,2020,1,Q1,Paid Ad,14843,178,601.41
2020-01-11,2020,1,Q1,Direct,0,0,0.0
2020-01-11,2020,1,Q1,Referral,0,0,0.0
2020-01-12,2020,1,Q1,Organic Search,0,0,0.0
2020-01-12,2020,1,Q1,Social Media,7879,142,309.99
2020-01-12,2020,1,Q1,Email Campaign,4485,202,120.3
2020-01-12,2020,1,Q1,Paid Ad,13391,161,543.27
2020-01-12,2020,1,Q1,Direct,0,0,0.0
2020-01-12,2020,1,Q1,Referral,0,0,0.0
2020-01-13,2020,1,Q1,Organic Search,0,0,0.0
2020-01-13,2020,1,Q1,Social Media,7609,137,299.41
2020-01-13,2020,1,Q1,Email Campaign,3087,139,82.76
2020-01-13,2020,1,Q1,Paid Ad,11535,138,467.91
2020-01-13,2020,1,Q1,Direct,0,0,0.0
2020-01-13,2020,1,Q1,Referral,0,0,0.0
2020-01-14,2020,1,Q1,Organic Search,0,0,0.0
2020-01-14,2020,1,Q1,Social Media,7609,137,299.13
2020-01-14,2020,1,Q1,Email Campaign,3872,174,103.95
2020-01-14,2020,1,Q1,Paid Ad,13068,157,530.7
2020-01-14,2020,1,Q1,Direct,0,0,0.0
2020-01-14,2020,1,Q1,Referral,0,0,0.0
2020-01-15,2020,1,Q1,Organic Search,0,0,0.0
2020-01-15,2020,1,Q1,Social Media,7421,134,291.74
2020-01-15,2020,1,Q1,Email Campaign,3571,161,95.8
2020-01-15,2020,1,Q1,Paid Ad,11374,136,461.63
2020-01-15,2020,1,Q1,Direct,0,0,0.0
2020-01-15,2020,1,Q1,Referral,0,0,0.0
2020-01-16,2020,1,Q1,Organic Search,0,0,0.0
2020-01-16,2020,1,Q1,Social Media,7045,127,277.54
2020-01-16,2020,1,Q1,Email Campaign,3517,158,94.53
2020-01-16,2020,1,Q1,Paid Ad,13996,168,567.81
2020-01-16,2020,1,Q1,Direct,0,0,0.0
2020-01-16,2020,1,Q1,Referral,0,0,0.0
2020-01-17,2020,1,Q1,Organic Search,0,0,0.0
2020-01-17,2020,1,Q1,Social Media,7690,138,302.59
2020-01-17,2020,1,Q1,Email Campaign,3141,141,84.31
2020-01-17,2020,1,Q1,Paid Ad,13229,159,537.11
2020-01-17,2020,1,Q1,Direct,0,0,0.0
2020-01-17,2020,1,Q1,Referral,0,0,0.0
2020-01-18,2020,1,Q1,Organic Search,0,0,0.0
2020-01-18,2020,1,Q1,Social Media,8335,150,328.24
2020-01-18,2020,1,Q1,Email Campaign,3979,179,106.78
2020-01-18,2020,1,Q1,Paid Ad,15569,187,631.55
2020-01-18,2020,1,Q1,Direct,0,0,0.0
2020-01-18,2020,1,Q1,Referral,0,0,0.0
2020-01-19,2020,1,Q1,Organic Search,0,0,0.0
2020-01-19,2020,1,Q1,Social Media,9303,167,366.58
2020-01-19,2020,1,Q1,Email Campaign,4517,203,121.29
2020-01-19,2020,1,Q1,Paid Ad,13834,166,561.64
2020-01-19,2020,1,Q1,Direct,0,0,0.0
2020-01-19,2020,1,Q1,Referral,0,0,0.0
2020-01-20,2020,1,Q1,Organic Search,0,0,0.0
2020-01-20,2020,1,Q1,Social Media,7287,131,287.2
2020-01-20,2020,1,Q1,Email Campaign,3754,169,100.77
2020-01-20,2020,1,Q1,Paid Ad,13915,167,564.39
2020-01-20,2020,1,Q1,Direct,0,0,0.0
2020-01-20,2020,1,Q1,Referral,0,0,0.0
2020-01-21,2020,1,Q1,Organic Search,0,0,0.0
2020-01-21,2020,1,Q1,Social Media,7206,130,283.19
2020-01-21,2020,1,Q1,Email Campaign,3603,162,96.72
2020-01-21,2020,1,Q1,Paid Ad,11777,141,477.21
2020-01-21,2020,1,Q1,Direct,0,0,0.0
2020-01-21,2020,1,Q1,Referral,0,0,0.0
2020-01-22,2020,1,Q1,Organic Search,0,0,0.0
2020-01-22,2020,1,Q1,Social Media,6776,122,266.33
2020-01-22,2020,1,Q1,Email Campaign,3893,175,104.55
2020-01-22,2020,1,Q1,Paid Ad,14318,172,580.33
2020-01-22,2020,1,Q1,Direct,0,0,0.0
2020-01-22,2020,1,Q1,Referral,0,0,0.0
2020-01-23,2020,1,Q1,Organic Search,0,0,0.0
2020-01-23,2020,1,Q1,Social Media,7448,134,292.81
2020-01-23,2020,1,Q1,Email Campaign,3948,178,106.02
2020-01-23,2020,1,Q1,Paid Ad,13270,159,538.7
2020-01-23,2020,1,Q1,Direct,0,0,0.0
2020-01-23,2020,1,Q1,Referral,0,0,0.0
2020-01-24,2020,1,Q1,Organic Search,0,0,0.0
2020-01-24,2020,1,Q1,Social Media,7099,128,279.29
2020-01-24,2020,1,Q1,Email Campaign,3765,169,101.01
2020-01-24,2020,1,Q1,Paid Ad,14480,174,587.97
2020-01-24,2020,1,Q1,Direct,0,0,0.0
2020-01-24,2020,1,Q1,Referral,0,0,0.0
2020-01-25,2020,1,Q1,Organic Search,0,0,0.0
2020-01-25,2020,1,Q1,Social Media,8577,154,337.71
2020-01-25,2020,1,Q1,Email Campaign,4733,213,127.02
2020-01-25,2020,1,Q1,Paid Ad,11737,141,475.86
2020-01-25,2020,1,Q1,Direct,0,0,0.0
2020-01-25,2020,1,Q1,Referral,0,0,0.0
2020-01-26,2020,1,Q1,Organic Search,0,0,0.0
2020-01-26,2020,1,Q1,Social Media,9169,165,360.93
2020-01-26,2020,1,Q1,Email Campaign,4238,191,113.7
2020-01-26,2020,1,Q1,Paid Ad,14480,174,587.65
2020-01-26,2020,1,Q1,Direct,0,0,0.0
2020-01-26,2020,1,Q1,Referral,0,0,0.0
2020-01-27,2020,1,Q1,Organic Search,0,0,0.0
2020-01-27,2020,1,Q1,Social Media,7529,136,296.63
2020-01-27,2020,1,Q1,Email Campaign,3076,138,82.56
2020-01-27,2020,1,Q1,Paid Ad,12665,152,514.32
2020-01-27,2020,1,Q1,Direct,0,0,0.0
2020-01-27,2020,1,Q1,Referral,0,0,0.0
2020-01-28,2020,1,Q1,Organic Search,0,0,0.0
2020-01-28,2020,1,Q1,Social Media,7690,138,302.91
2020-01-28,2020,1,Q1,Email Campaign,4087,184,109.76
2020-01-28,2020,1,Q1,Paid Ad,12382,149,501.83
2020-01-28,2020,1,Q1,Direct,0,0,0.0
2020-01-28,2020,1,Q1,Referral,0,0,0.0
2020-01-29,2020,1,Q1,Organic Search,0,0,0.0
2020-01-29,2020,1,Q1,Social Media,6991,126,275.43
2020-01-29,2020,1,Q1,Email Campaign,3506,158,94.21
2020-01-29,2020,1,Q1,Paid Ad,13834,166,561.88
2020-01-29,2020,1,Q1,Direct,0,0,0.0
2020-01-29,2020,1,Q1,Referral,0,0,0.0
2020-01-30,2020,1,Q1,Organic Search,0,0,0.0
2020-01-30,2020,1,Q1,Social Media,7663,138,302.24
2020-01-30,2020,1,Q1,Email Campaign,3506,158,94.01
2020-01-30,2020,1,Q1,Paid Ad,13431,161,545.02
2020-01-30,2020,1,Q1,Direct,0,0,0.0
2020-01-30,2020,1,Q1,Referral,0,0,0.0
2020-01-31,2020,1,Q1,Organic Search,0,0,0.0
2020-01-31,2020,1,Q1,Social Media,7529,136,296.79
2020-01-31,2020,1,Q1,Email Campaign,3936,177,105.78
2020-01-31,2020,1,Q1,Paid Ad,12181,146,494.12
2020-01-31,2020,1,Q1,Direct,0,0,0.0
2020-01-31,2020,1,Q1,Referral,0,0,0.0
2020-02-01,2020,2,Q1,Organic Search,0,0,0.0
2020-02-01,2020,2,Q1,Social Media,8389,151,329.8
2020-02-01,2020,2,Q1,Email Campaign,4076,183,109.36
2020-02-01,2020,2,Q1,Paid Ad,13108,157,531.58
2020-02-01,2020,2,Q1,Direct,0,0,0.0
2020-02-01,2020,2,Q1,Referral,0,0,0.0
2020-02-02,2020,2,Q1,Organic Search,0,0,0.0
2020-02-02,2020,2,Q1,Social Media,8793,158,346.7
2020-02-02,2020,2,Q1,Email Campaign,4292,193,115.25
2020-02-02,2020,2,Q1,Paid Ad,14843,178,602.32
2020-02-02,2020,2,Q1,Direct,0,0,0.0
2020-02-02,2020,2,Q1,Referral,0,0,0.0
2020-02-03,2020,2,Q1,Organic Search,0,0,0.0
2020-02-03,2020,2,Q1,Social Media,7341,132,288.95
2020-02-03,2020,2,Q1,Email Campaign,3248,146,87.05
2020-02-03,2020,2,Q1,Paid Ad,12463,150,505.93
2020-02-03,2020,2,Q1,Direct,0,0,0.0
2020-02-03,2020,2,Q1,Referral,0,0,0.0
2020-02-04,2020,2,Q1,Organic Search,0,0,0.0
2020-02-04,2020,2,Q1,Social Media,7287,131,286.41
2020-02-04,2020,2,Q1,Email Campaign,3420,154,91.86
2020-02-04,2020,2,Q1,Paid Ad,12745,153,516.78
2020-02-04,2020,2,Q1,Direct,0,0,0.0
2020-02-04,2020,2,Q1,Referral,0,0,0.0
2020-02-05,2020,2,Q1,Organic Search,0,0,0.0
2020-02-05,2020,2,Q1,Social Media,7717,139,304.03
2020-02-05,2020,2,Q1,Email Campaign,4205,189,112.98
2020-02-05,2020,2,Q1,Paid Ad,13068,157,530.86
2020-02-05,2020,2,Q1,Direct,0,0,0.0
2020-02-05,2020,2,Q1,Referral,0,0,0.0
2020-02-06,2020,2,Q1,Organic Search,0,0,0.0
2020-02-06,2020,2,Q1,Social Media,7637,137,300.57
2020-02-06,2020,2,Q1,Email Campaign,3635,164,97.59
2020-02-06,2020,2,Q1,Paid Ad,10930,131,443.17
2020-02-06,2020,2,Q1,Direct,0,0,0.0
2020-02-06,2020,2,Q1,Referral,0,0,0.0
2020-02-07,2020,2,Q1,Organic Search,0,0,0.0
2020-02-07,2020,2,Q1,Social Media,7475,135,293.88
2020-02-07,2020,2,Q1,Email Campaign,3678,166,98.62
2020-02-07,2020,2,Q1,Paid Ad,15448,185,626.7
2020-02-07,2020,2,Q1,Direct,0,0,0.0
2020-02-07,2020,2,Q1,Referral,0,0,0.0
2020-02-08,2020,2,Q1,Organic Search,0,0,0.0
2020-02-08,2020,2,Q1,Social Media,8470,152,333.45
2020-02-08,2020,2,Q1,Email Campaign,4302,194,115.61
2020-02-08,2020,2,Q1,Paid Ad,14802,178,600.38
2020-02-08,2020,2,Q1,Direct,0,0,0.0
2020-02-08,2020,2,Q1,Referral,0,0,0.0
2020-02-09,2020,2,Q1,Organic Search,0,0,0.0
2020-02-09,2020,2,Q1,Social Media,7798,140,307.01
2020-02-09,2020,2,Q1,Email Campaign,4593,207,123.2
2020-02-09,2020,2,Q1,Paid Ad,15730,189,638.27
2020-02-09,2020,2,Q1,Direct,0,0,0.0
2020-02-09,2020,2,Q1,Referral,0,0,0.0
2020-02-10,2020,2,Q1,Organic Search,0,0,0.0
2020-02-10,2020,2,Q1,Social Media,7959,143,313.13
2020-02-10,2020,2,Q1,Email Campaign,3388,152,91.03
2020-02-10,2020,2,Q1,Paid Ad,14359,172,582.28
2020-02-10,2020,2,Q1,Direct,0,0,0.0
2020-02-10,2020,2,Q1,Referral,0,0,0.0
2020-02-11,2020,2,Q1,Organic Search,0,0,0.0
2020-02-11,2020,2,Q1,Social Media,6641,120,261.47
2020-02-11,2020,2,Q1,Email Campaign,3829,172,102.76
2020-02-11,2020,2,Q1,Paid Ad,15165,182,615.29
2020-02-11,2020,2,Q1,Direct,0,0,0.0
2020-02-11,2020,2,Q1,Referral,0,0,0.0
2020-02-12,2020,2,Q1,Organic Search,0,0,0.0
2020-02-12,2020,2,Q1,Social Media,6883,124,271.18
2020-02-12,2020,2,Q1,Email Campaign,3495,157,93.73
2020-02-12,2020,2,Q1,Paid Ad,13028,156,527.72
2020-02-12,2020,2,Q1,Direct,0,0,0.0
2020-02-12,2020,2,Q1,Referral,0,0,0.0
2020-02-13,2020,2,Q1,Organic Search,0,0,0.0
2020-02-13,2020,2,Q1,Social Media,7179,129,282.63
2020-02-13,2020,2,Q1,Email Campaign,3205,144,85.98
2020-02-13,2020,2,Q1,Paid Ad,12987,156,526.41
2020-02-13,2020,2,Q1,Direct,0,0,0.0
2020-02-13,2020,2,Q1,Referral,0,0,0.0
2020-02-14,2020,2,Q1,Organic Search,0,0,0.0
2020-02-14,2020,2,Q1,Social Media,6857,123,269.47
2020-02-14,2020,2,Q1,Email Campaign,3796,171,101.89
2020-02-14,2020,2,Q1,Paid Ad,11939,143,485.01
2020-02-14,2020,2,Q1,Direct,0,0,0.0
2020-02-14,2020,2,Q1,Referral,0,0,0.0
2020-02-15,2020,2,Q1,Organic Search,0,0,0.0
2020-02-15,2020,2,Q1,Social Media,9680,174,380.66
2020-02-15,2020,2,Q1,Email Campaign,3936,177,105.82
2020-02-15,2020,2,Q1,Paid Ad,14480,174,586.54
2020-02-15,2020,2,Q1,Direct,0,0,0.0
2020-02-15,2020,2,Q1,Referral,0,0,0.0
2020-02-16,2020,2,Q1,Organic Search,0,0,0.0
2020-02-16,2020,2,Q1,Social Media,9169,165,360.69
2020-02-16,2020,2,Q1,Email Campaign,3786,170,101.77
2020-02-16,2020,2,Q1,Paid Ad,15125,182,613.02
2020-02-16,2020,2,Q1,Direct,0,0,0.0
2020-02-16,2020,2,Q1,Referral,0,0,0.0
2020-02-17,2020,2,Q1,Organic Search,0,0,0.0
2020-02-17,2020,2,Q1,Social Media,8255,149,325.3
2020-02-17,2020,2,Q1,Email Campaign,3184,143,85.54
2020-02-17,2020,2,Q1,Paid Ad,13108,157,531.26
2020-02-17,2020,2,Q1,Direct,0,0,0.0
2020-02-17,2020,2,Q1,Referral,0,0,0.0
2020-02-18,2020,2,Q1,Organic Search,0,0,0.0
2020-02-18,2020,2,Q1,Social Media,7637,137,300.61
2020-02-18,2020,2,Q1,Email Campaign,3883,175,104.31
2020-02-18,2020,2,Q1,Paid Ad,11616,139,471.73
2020-02-18,2020,2,Q1,Direct,0,0,0.0
2020-02-18,2020,2,Q1,Referral,0,0,0.0
2020-02-19,2020,2,Q1,Organic Search,0,0,0.0
2020-02-19,2020,2,Q1,Social Media,6695,121,263.38
2020-02-19,2020,2,Q1,Email Campaign,3808,171,102.24
2020-02-19,2020,2,Q1,Paid Ad,13229,159,535.95
2020-02-19,2020,2,Q1,Direct,0,0,0.0
2020-02-19,2020,2,Q1,Referral,0,0,0.0
2020-02-20,2020,2,Q1,Organic Search,0,0,0.0
2020-02-20,2020,2,Q1,Social Media,7637,137,300.41
2020-02-20,2020,2,Q1,Email Campaign,3754,169,100.89
2020-02-20,2020,2,Q1,Paid Ad,12221,147,495.03
2020-02-20,2020,2,Q1,Direct,0,0,0.0
2020-02-20,2020,2,Q1,Referral,0,0,0.0
2020-02-21,2020,2,Q1,Organic Search,0,0,0.0
2020-02-21,2020,2,Q1,Social Media,7609,137,299.97
2020-02-21,2020,2,Q1,Email Campaign,3743,168,100.45
2020-02-21,2020,2,Q1,Paid Ad,12181,146,493.64
2020-02-21,2020,2,Q1,Direct,0,0,0.0
2020-02-21,2020,2,Q1,Referral,0,0,0.0
2020-02-22,2020,2,Q1,Organic Search,0,0,0.0
2020-02-22,2020,2,Q1,Social Media,9895,178,389.21
2020-02-22,2020,2,Q1,Email Campaign,4367,197,117.16
2020-02-22,2020,2,Q1,Paid Ad,13431,161,544.7
2020-02-22,2020,2,Q1,Direct,0,0,0.0
2020-02-22,2020,2,Q1,Referral,0,0,0.0
2020-02-23,2020,2,Q1,Organic Search,0,0,0.0
2020-02-23,2020,2,Q1,Social Media,9061,163,356.44
2020-02-23,2020,2,Q1,Email Campaign,3883,175,104.07
2020-02-23,2020,2,Q1,Paid Ad,15770,189,639.98
2020-02-23,2020,2,Q1,Direct,0,0,0.0
2020-02-23,2020,2,Q1,Referral,0,0,0.0
2020-02-24,2020,2,Q1,Organic Search,0,0,0.0
2020-02-24,2020,2,Q1,Social Media,8174,147,321.8
2020-02-24,2020,2,Q1,Email Campaign,3420,154,91.7
2020-02-24,2020,2,Q1,Paid Ad,13915,167,563.87
2020-02-24,2020,2,Q1,Direct,0,0,0.0
2020-02-24,2020,2,Q1,Referral,0,0,0.0
2020-02-25,2020,2,Q1,Organic Search,0,0,0.0
2020-02-25,2020,2,Q1,Social Media,7717,139,304.22
2020-02-25,2020,2,Q1,Email Campaign,3893,175,104.63
2020-02-25,2020,2,Q1,Paid Ad,14883,179,602.96
2020-02-25,2020,2,Q1,Direct,0,0,0.0
2020-02-25,2020,2,Q1,Referral,0,0,0.0
2020-02-26,2020,2,Q1,Organic Search,0,0,0.0
2020-02-26,2020,2,Q1,Social Media,7341,132,288.72
2020-02-26,2020,2,Q1,Email Campaign,3431,154,92.22
2020-02-26,2020,2,Q1,Paid Ad,11979,144,486.28
2020-02-26,2020,2,Q1,Direct,0,0,0.0
2020-02-26,2020,2,Q1,Referral,0,0,0.0
2020-02-27,2020,2,Q1,Organic Search,0,0,0.0
2020-02-27,2020,2,Q1,Social Media,6991,126,275.27
2020-02-27,2020,2,Q1,Email Campaign,3635,164,97.55
2020-02-27,2020,2,Q1,Paid Ad,13270,159,537.82
2020-02-27,2020,2,Q1,Direct,0,0,0.0
2020-02-27,2020,2,Q1,Referral,0,0,0.0
2020-02-28,2020,2,Q1,Organic Search,0,0,0.0
2020-02-28,2020,2,Q1,Social Media,7637,137,301.0
2020-02-28,2020,2,Q1,Email Campaign,3893,175,104.67
2020-02-28,2020,2,Q1,Paid Ad,12907,155,524.06
2020-02-28,2020,2,Q1,Direct,0,0,0.0
2020-02-28,2020,2,Q1,Referral,0,0,0.0
2020-02-29,2020,2,Q1,Organic Search,0,0,0.0
2020-02-29,2020,2,Q1,Social Media,9599,173,378.03
2020-02-29,2020,2,Q1,Email Campaign,4119,185,110.52
2020-02-29,2020,2,Q1,Paid Ad,18069,217,733.08
2020-02-29,2020,2,Q1,Direct,0,0,0.0
2020-02-29,2020,2,Q1,Referral,0,0,0.0
2020-03-01,2020,3,Q1,Organic Search,0,0,0.0
2020-03-01,2020,3,Q1,Social Media,10621,191,418.36
2020-03-01,2020,3,Q1,Email Campaign,4603,207,123.72
2020-03-01,2020,3,Q1,Paid Ad,15972,192,647.62
2020-03-01,2020,3,Q1,Direct,0,0,0.0
2020-03-01,2020,3,Q1,Referral,0,0,0.0
2020-03-02,2020,3,Q1,Organic Search,0,0,0.0
2020-03-02,2020,3,Q1,Social Media,9142,165,359.82
2020-03-02,2020,3,Q1,Email Campaign,4227,190,113.42
2020-03-02,2020,3,Q1,Paid Ad,16053,193,651.12
2020-03-02,2020,3,Q1,Direct,0,0,0.0
2020-03-02,2020,3,Q1,Referral,0,0,0.0
2020-03-03,2020,3,Q1,Organic Search,0,0,0.0
2020-03-03,2020,3,Q1,Social Media,9142,165,359.58
2020-03-03,2020,3,Q1,Email Campaign,4280,193,114.81
2020-03-03,2020,3,Q1,Paid Ad,14157,170,574.21
2020-03-03,2020,3,Q1,Direct,0,0,0.0
2020-03-03,2020,3,Q1,Referral,0,0,0.0
2020-03-04,2020,3,Q1,Organic Search,0,0,0.0
2020-03-04,2020,3,Q1,Social Media,7744,139,304.46
2020-03-04,2020,3,Q1,Email Campaign,4152,187,111.35
2020-03-04,2020,3,Q1,Paid Ad,16214,195,658.12
2020-03-04,2020,3,Q1,Direct,0,0,0.0
2020-03-04,2020,3,Q1,Referral,0,0,0.0
2020-03-05,2020,3,Q1,Organic Search,0,0,0.0
2020-03-05,2020,3,Q1,Social Media,8954,161,352.38
2020-03-05,2020,3,Q1,Email Campaign,3872,174,103.99
2020-03-05,2020,3,Q1,Paid Ad,15407,185,624.44
2020-03-05,2020,3,Q1,Direct,0,0,0.0
2020-03-05,2020,3,Q1,Referral,0,0,0.0
2020-03-06,2020,3,Q1,Organic Search,0,0,0.0
2020-03-06,2020,3,Q1,Social Media,9061,163,357.16
2020-03-06,2020,3,Q1,Email Campaign,4001,180,107.33
2020-03-06,2020,3,Q1,Paid Ad,15367,184,623.52
2020-03-06,2020,3,Q1,Direct,0,0,0.0
2020-03-06,2020,3,Q1,Referral,0,0,0.0
2020-03-07,2020,3,Q1,Organic Search,0,0,0.0
2020-03-07,2020,3,Q1,Social Media,10164,183,400.26
2020-03-07,2020,3,Q1,Email Campaign,4496,202,120.66
2020-03-07,2020,3,Q1,Paid Ad,17948,215,728.59
2020-03-07,2020,3,Q1,Direct,0,0,0.0
2020-03-07,2020,3,Q1,Referral,0,0,0.0
2020-03-08,2020,3,Q1,Organic Search,0,0,0.0
2020-03-08,2020,3,Q1,Social Media,10567,190,416.29
2020-03-08,2020,3,Q1,Email Campaign,5378,242,144.32
2020-03-08,2020,3,Q1,Paid Ad,18916,227,768.04
2020-03-08,2020,3,Q1,Direct,0,0,0.0
2020-03-08,2020,3,Q1,Referral,0,0,0.0
2020-03-09,2020,3,Q1,Organic Search,0,0,0.0
2020-03-09,2020,3,Q1,Social Media,7825,141,308.28
2020-03-09,2020,3,Q1,Email Campaign,3979,179,106.82
2020-03-09,2020,3,Q1,Paid Ad,15811,190,641.3
2020-03-09,2020,3,Q1,Direct,0,0,0.0
2020-03-09,2020,3,Q1,Referral,0,0,0.0
2020-03-10,2020,3,Q1,Organic Search,0,0,0.0
2020-03-10,2020,3,Q1,Social Media,9169,165,360.69
2020-03-10,2020,3,Q1,Email Campaign,4474,201,120.26
2020-03-10,2020,3,Q1,Paid Ad,19884,239,805.78
2020-03-10,2020,3,Q1,Direct,0,0,0.0
2020-03-10,2020,3,Q1,Referral,0,0,0.0
2020-03-11,2020,3,Q1,Organic Search,0,0,0.0
2020-03-11,2020,3,Q1,Social Media,9196,166,362.29
2020-03-11,2020,3,Q1,Email Campaign,4689,211,125.98
2020-03-11,2020,3,Q1,Paid Ad,16335,196,662.93
2020-03-11,2020,3,Q1,Direct,0,0,0.0
2020-03-11,2020,3,Q1,Referral,0,0,0.0
2020-03-12,2020,3,Q1,Organic Search,0,0,0.0
2020-03-12,2020,3,Q1,Social Media,9250,166,364.51
2020-03-12,2020,3,Q1,Email Campaign,4195,189,112.58
2020-03-12,2020,3,Q1,Paid Ad,16093,193,653.31
2020-03-12,2020,3,Q1,Direct,0,0,0.0
2020-03-12,2020,3,Q1,Referral,0,0,0.0
2020-03-13,2020,3,Q1,Organic Search,0,0,0.0
2020-03-13,2020,3,Q1,Social Media,8255,149,325.02
2020-03-13,2020,3,Q1,Email Campaign,4216,190,113.3
2020-03-13,2020,3,Q1,Paid Ad,14601,175,591.99
2020-03-13,2020,3,Q1,Direct,0,0,0.0
2020-03-13,2020,3,Q1,Referral,0,0,0.0
2020-03-14,2020,3,Q1,Organic Search,0,0,0.0
2020-03-14,2020,3,Q1,Social Media,10191,183,401.06
2020-03-14,2020,3,Q1,Email Campaign,5862,264,157.4
2020-03-14,2020,3,Q1,Paid Ad,14843,178,602.52
2020-03-14,2020,3,Q1,Direct,0,0,0.0
2020-03-14,2020,3,Q1,Referral,0,0,0.0
2020-03-15,2020,3,Q1,Organic Search,0,0,0.0
2020-03-15,2020,3,Q1,Social Media,10675,192,420.31
2020-03-15,2020,3,Q1,Email Campaign,4313,194,115.68
2020-03-15,2020,3,Q1,Paid Ad,16819,202,681.58
2020-03-15,2020,3,Q1,Direct,0,0,0.0
2020-03-15,2020,3,Q1,Referral,0,0,0.0
2020-03-16,2020,3,Q1,Organic Search,0,0,0.0
2020-03-16,2020,3,Q1,Social Media,9573,172,376.64
2020-03-16,2020,3,Q1,Email Campaign,4324,195,116.08
2020-03-16,2020,3,Q1,Paid Ad,13875,166,562.84
2020-03-16,2020,3,Q1,Direct,0,0,0.0
2020-03-16,2020,3,Q1,Referral,0,0,0.0
2020-03-17,2020,3,Q1,Organic Search,0,0,0.0
2020-03-17,2020,3,Q1,Social Media,8309,150,326.61
2020-03-17,2020,3,Q1,Email Campaign,4539,204,121.77
2020-03-17,2020,3,Q1,Paid Ad,14278,171,579.94
2020-03-17,2020,3,Q1,Direct,0,0,0.0
2020-03-17,2020,3,Q1,Referral,0,0,0.0
2020-03-18,2020,3,Q1,Organic Search,0,0,0.0
2020-03-18,2020,3,Q1,Social Media,8954,161,352.46
2020-03-18,2020,3,Q1,Email Campaign,4313,194,115.92
2020-03-18,2020,3,Q1,Paid Ad,14399,173,583.83
2020-03-18,2020,3,Q1,Direct,0,0,0.0
2020-03-18,2020,3,Q1,Referral,0,0,0.0
2020-03-19,2020,3,Q1,Organic Search,0,0,0.0
2020-03-19,2020,3,Q1,Social Media,10299,185,405.87
2020-03-19,2020,3,Q1,Email Campaign,4517,203,121.33
2020-03-19,2020,3,Q1,Paid Ad,12705,152,516.15
2020-03-19,2020,3,Q1,Direct,0,0,0.0
2020-03-19,2020,3,Q1,Referral,0,0,0.0
2020-03-20,2020,3,Q1,Organic Search,0,0,0.0
2020-03-20,2020,3,Q1,Social Media,8927,161,351.63
2020-03-20,2020,3,Q1,Email Campaign,4076,183,109.36
2020-03-20,2020,3,Q1,Paid Ad,16214,195,657.92
2020-03-20,2020,3,Q1,Direct,0,0,0.0
2020-03-20,2020,3,Q1,Referral,0,0,0.0
2020-03-21,2020,3,Q1,Organic Search,0,0,0.0
2020-03-21,2020,3,Q1,Social Media,9492,171,373.18
2020-03-21,2020,3,Q1,Email Campaign,4904,221,131.59
2020-03-21,2020,3,Q1,Paid Ad,18150,218,736.94
2020-03-21,2020,3,Q1,Direct,0,0,0.0
2020-03-21,2020,3,Q1,Referral,0,0,0.0
2020-03-22,2020,3,Q1,Organic Search,0,0,0.0
2020-03-22,2020,3,Q1,Social Media,10809,195,426.03
2020-03-22,2020,3,Q1,Email Campaign,4474,201,120.06
2020-03-22,2020,3,Q1,Paid Ad,16980,204,689.34
2020-03-22,2020,3,Q1,Direct,0,0,0.0
2020-03-22,2020,3,Q1,Referral,0,0,0.0
2020-03-23,2020,3,Q1,Organic Search,0,0,0.0
2020-03-23,2020,3,Q1,Social Media,8470,152,333.29
2020-03-23,2020,3,Q1,Email Campaign,4076,183,109.44
2020-03-23,2020,3,Q1,Paid Ad,17343,208,702.94
2020-03-23,2020,3,Q1,Direct,0,0,0.0
2020-03-23,2020,3,Q1,Referral,0,0,0.0
2020-03-24,2020,3,Q1,Organic Search,0,0,0.0
2020-03-24,2020,3,Q1,Social Media,9089,164,357.67
2020-03-24,2020,3,Q1,Email Campaign,3872,174,103.83
2020-03-24,2020,3,Q1,Paid Ad,16295,196,661.14
2020-03-24,2020,3,Q1,Direct,0,0,0.0
2020-03-24,2020,3,Q1,Referral,0,0,0.0
2020-03-25,2020,3,Q1,Organic Search,0,0,0.0
2020-03-25,2020,3,Q1,Social Media,10299,185,405.27
2020-03-25,2020,3,Q1,Email Campaign,4657,210,125.03
2020-03-25,2020,3,Q1,Paid Ad,13350,160,541.04
2020-03-25,2020,3,Q1,Direct,0,0,0.0
2020-03-25,2020,3,Q1,Referral,0,0,0.0
2020-03-26,2020,3,Q1,Organic Search,0,0,0.0
2020-03-26,2020,3,Q1,Social Media,8470,152,333.06
2020-03-26,2020,3,Q1,Email Campaign,4743,213,127.18
2020-03-26,2020,3,Q1,Paid Ad,14318,172,581.05
2020-03-26,2020,3,Q1,Direct,0,0,0.0
2020-03-26,2020,3,Q1,Referral,0,0,0.0
2020-03-27,2020,3,Q1,Organic Search,0,0,0.0
2020-03-27,2020,3,Q1,Social Media,9115,164,358.75
2020-03-27,2020,3,Q1,Email Campaign,4571,206,122.64
2020-03-27,2020,3,Q1,Paid Ad,14076,169,570.23
2020-03-27,2020,3,Q1,Direct,0,0,0.0
2020-03-27,2020,3,Q1,Referral,0,0,0.0
2020-03-28,2020,3,Q1,Organic Search,0,0,0.0
2020-03-28,2020,3,Q1,Social Media,10083,182,396.53
2020-03-28,2020,3,Q1,Email Campaign,3668,165,98.39
2020-03-28,2020,3,Q1,Paid Ad,16012,192,650.25
2020-03-28,2020,3,Q1,Direct,0,0,0.0
2020-03-28,2020,3,Q1,Referral,0,0,0.0
2020-03-29,2020,3,Q1,Organic Search,0,0,0.0
2020-03-29,2020,3,Q1,Social Media,9922,179,390.36
2020-03-29,2020,3,Q1,Email Campaign,4453,200,119.54
2020-03-29,2020,3,Q1,Paid Ad,19723,237,800.81
2020-03-29,2020,3,Q1,Direct,0,0,0.0
2020-03-29,2020,3,Q1,Referral,0,0,0.0
2020-03-30,2020,3,Q1,Organic Search,0,0,0.0
2020-03-30,2020,3,Q1,Social Media,7798,140,306.81
2020-03-30,2020,3,Q1,Email Campaign,4152,187,111.43
2020-03-30,2020,3,Q1,Paid Ad,15327,184,622.37
2020-03-30,2020,3,Q1,Direct,0,0,0.0
2020-03-30,2020,3,Q1,Referral,0,0,0.0
2020-03-31,2020,3,Q1,Organic Search,0,0,0.0
2020-03-31,2020,3,Q1,Social Media,9815,177,386.39
2020-03-31,2020,3,Q1,Email Campaign,3808,171,102.24
2020-03-31,2020,3,Q1,Paid Ad,16617,199,673.23
2020-03-31,2020,3,Q1,Direct,0,0,0.0
2020-03-31,2020,3,Q1,Referral,0,0,0.0
2020-04-01,2020,4,Q2,Organic Search,0,0,0.0
2020-04-01,2020,4,Q2,Social Media,8819,159,346.74
2020-04-01,2020,4,Q2,Email Campaign,3969,179,106.42
2020-04-01,2020,4,Q2,Paid Ad,15730,189,638.71
2020-04-01,2020,4,Q2,Direct,0,0,0.0
2020-04-01,2020,4,Q2,Referral,0,0,0.0
2020-04-02,2020,4,Q2,Organic Search,0,0,0.0
2020-04-02,2020,4,Q2,Social Media,8927,161,351.99
2020-04-02,2020,4,Q2,Email Campaign,4098,184,109.96
2020-04-02,2020,4,Q2,Paid Ad,15286,183,619.39
2020-04-02,2020,4,Q2,Direct,0,0,0.0
2020-04-02,2020,4,Q2,Referral,0,0,0.0
2020-04-03,2020,4,Q2,Organic Search,0,0,0.0
2020-04-03,2020,4,Q2,Social Media,8524,153,335.76
2020-04-03,2020,4,Q2,Email Campaign,4345,196,116.52
2020-04-03,2020,4,Q2,Paid Ad,15972,192,648.54
2020-04-03,2020,4,Q2,Direct,0,0,0.0
2020-04-03,2020,4,Q2,Referral,0,0,0.0
2020-04-04,2020,4,Q2,Organic Search,0,0,0.0
2020-04-04,2020,4,Q2,Social Media,11401,205,448.98
2020-04-04,2020,4,Q2,Email Campaign,4453,200,119.66
2020-04-04,2020,4,Q2,Paid Ad,20449,245,829.2
2020-04-04,2020,4,Q2,Direct,0,0,0.0
2020-04-04,2020,4,Q2,Referral,0,0,0.0
2020-04-05,2020,4,Q2,Organic Search,0,0,0.0
2020-04-05,2020,4,Q2,Social Media,8551,154,336.2
2020-04-05,2020,4,Q2,Email Campaign,4883,220,131.19
2020-04-05,2020,4,Q2,Paid Ad,18271,219,741.63
2020-04-05,2020,4,Q2,Direct,0,0,0.0
2020-04-05,2020,4,Q2,Referral,0,0,0.0
2020-04-06,2020,4,Q2,Organic Search,0,0,0.0
2020-04-06,2020,4,Q2,Social Media,9008,162,354.25
2020-04-06,2020,4,Q2,Email Campaign,4087,184,109.72
2020-04-06,2020,4,Q2,Paid Ad,14923,179,605.67
2020-04-06,2020,4,Q2,Direct,0,0,0.0
2020-04-06,2020,4,Q2,Referral,0,0,0.0
2020-04-07,2020,4,Q2,Organic Search,0,0,0.0
2020-04-07,2020,4,Q2,Social Media,8443,152,332.78
2020-04-07,2020,4,Q2,Email Campaign,4098,184,110.04
2020-04-07,2020,4,Q2,Paid Ad,16214,195,657.8
2020-04-07,2020,4,Q2,Direct,0,0,0.0
2020-04-07,2020,4,Q2,Referral,0,0,0.0
2020-04-08,2020,4,Q2,Organic Search,0,0,0.0
2020-04-08,2020,4,Q2,Social Media,9061,163,356.36
2020-04-08,2020,4,Q2,Email Campaign,4066,183,109.08
2020-04-08,2020,4,Q2,Paid Ad,16295,196,660.27
2020-04-08,2020,4,Q2,Direct,0,0,0.0
2020-04-08,2020,4,Q2,Referral,0,0,0.0
2020-04-09,2020,4,Q2,Organic Search,0,0,0.0
2020-04-09,2020,4,Q2,Social Media,9008,162,354.97
2020-04-09,2020,4,Q2,Email Campaign,4582,206,123.0
2020-04-09,2020,4,Q2,Paid Ad,15932,191,646.94
2020-04-09,2020,4,Q2,Direct,0,0,0.0
2020-04-09,2020,4,Q2,Referral,0,0,0.0
2020-04-10,2020,4,Q2,Organic Search,0,0,0.0
2020-04-10,2020,4,Q2,Social Media,8228,148,323.47
2020-04-10,2020,4,Q2,Email Campaign,4109,185,110.32
2020-04-10,2020,4,Q2,Paid Ad,16093,193,652.75
2020-04-10,2020,4,Q2,Direct,0,0,0.0
2020-04-10,2020,4,Q2,Referral,0,0,0.0
2020-04-11,2020,4,Q2,Organic Search,0,0,0.0
2020-04-11,2020,4,Q2,Social Media,10621,191,417.88
2020-04-11,2020,4,Q2,Email Campaign,4937,222,132.59
2020-04-11,2020,4,Q2,Paid Ad,17626,212,714.95
2020-04-11,2020,4,Q2,Direct,0,0,0.0
2020-04-11,2020,4,Q2,Referral,0,0,0.0
2020-04-12,2020,4,Q2,Organic Search,0,0,0.0
2020-04-12,2020,4,Q2,Social Media,11159,201,439.16
2020-04-12,2020,4,Q2,Email Campaign,4711,212,126.5
2020-04-12,2020,4,Q2,Paid Ad,18231,219,739.33
2020-04-12,2020,4,Q2,Direct,0,0,0.0
2020-04-12,2020,4,Q2,Referral,0,0,0.0
2020-04-13,2020,4,Q2,Organic Search,0,0,0.0
2020-04-13,2020,4,Q2,Social Media,8658,156,340.85
2020-04-13,2020,4,Q2,Email Campaign,4227,190,113.5
2020-04-13,2020,4,Q2,Paid Ad,16537,198,670.05
2020-04-13,2020,4,Q2,Direct,0,0,0.0
2020-04-13,2020,4,Q2,Referral,0,0,0.0
2020-04-14,2020,4,Q2,Organic Search,0,0,0.0
2020-04-14,2020,4,Q2,Social Media,9384,169,369.32
2020-04-14,2020,4,Q2,Email Campaign,4582,206,123.0
2020-04-14,2020,4,Q2,Paid Ad,16779,201,680.27
2020-04-14,2020,4,Q2,Direct,0,0,0.0
2020-04-14,2020,4,Q2,Referral,0,0,0.0
2020-04-15,2020,4,Q2,Organic Search,0,0,0.0
2020-04-15,2020,4,Q2,Social Media,8819,159,347.05
2020-04-15,2020,4,Q2,Email Campaign,4539,204,121.77
2020-04-15,2020,4,Q2,Paid Ad,14802,178,600.65
2020-04-15,2020,4,Q2,Direct,0,0,0.0
2020-04-15,2020,4,Q2,Referral,0,0,0.0
2020-04-16,2020,4,Q2,Organic Search,0,0,0.0
2020-04-16,2020,4,Q2,Social Media,9035,163,355.45
2020-04-16,2020,4,Q2,Email Campaign,4259,192,114.29
2020-04-16,2020,4,Q2,Paid Ad,15286,183,620.7
2020-04-16,2020,4,Q2,Direct,0,0,0.0
2020-04-16,2020,4,Q2,Referral,0,0,0.0
2020-04-17,2020,4,Q2,Organic Search,0,0,0.0
2020-04-17,2020,4,Q2,Social Media,9223,166,362.96
2020-04-17,2020,4,Q2,Email Campaign,4023,181,107.93
2020-04-17,2020,4,Q2,Paid Ad,17706,212,719.04
2020-04-17,2020,4,Q2,Direct,0,0,0.0
2020-04-17,2020,4,Q2,Referral,0,0,0.0
2020-04-18,2020,4,Q2,Organic Search,0,0,0.0
2020-04-18,2020,4,Q2,Social Media,9303,167,366.34
2020-04-18,2020,4,Q2,Email Campaign,4463,201,119.9
2020-04-18,2020,4,Q2,Paid Ad,19078,229,773.92
2020-04-18,2020,4,Q2,Direct,0,0,0.0
2020-04-18,2020,4,Q2,Referral,0,0,0.0
2020-04-19,2020,4,Q2,Organic Search,0,0,0.0
2020-04-19,2020,4,Q2,Social Media,10755,194,423.65
2020-04-19,2020,4,Q2,Email Campaign,5195,234,139.47
2020-04-19,2020,4,Q2,Paid Ad,18352,220,743.94
2020-04-19,2020,4,Q2,Direct,0,0,0.0
2020-04-19,2020,4,Q2,Referral,0,0,0.0
2020-04-20,2020,4,Q2,Organic Search,0,0,0.0
2020-04-20,2020,4,Q2,Social Media,8793,158,346.1
2020-04-20,2020,4,Q2,Email Campaign,3990,180,107.17
2020-04-20,2020,4,Q2,Paid Ad,15286,183,619.66
2020-04-20,2020,4,Q2,Direct,0,0,0.0
2020-04-20,2020,4,Q2,Referral,0,0,0.0
2020-04-21,2020,4,Q2,Organic Search,0,0,0.0
2020-04-21,2020,4,Q2,Social Media,8335,150,327.69
2020-04-21,2020,4,Q2,Email Campaign,4636,209,124.51
2020-04-21,2020,4,Q2,Paid Ad,15004,180,608.69
2020-04-21,2020,4,Q2,Direct,0,0,0.0
2020-04-21,2020,4,Q2,Referral,0,0,0.0
2020-04-22,2020,4,Q2,Organic Search,0,0,0.0
2020-04-22,2020,4,Q2,Social Media,8228,148,323.59
2020-04-22,2020,4,Q2,Email Campaign,4195,189,112.5
2020-04-22,2020,4,Q2,Paid Ad,15690,188,636.29
2020-04-22,2020,4,Q2,Direct,0,0,0.0
2020-04-22,2020,4,Q2,Referral,0,0,0.0
2020-04-23,2020,4,Q2,Organic Search,0,0,0.0
2020-04-23,2020,4,Q2,Social Media,8416,151,330.83
2020-04-23,2020,4,Q2,Email Campaign,4023,181,107.89
2020-04-23,2020,4,Q2,Paid Ad,15488,186,627.94
2020-04-23,2020,4,Q2,Direct,0,0,0.0
2020-04-23,2020,4,Q2,Referral,0,0,0.0
2020-04-24,2020,4,Q2,Organic Search,0,0,0.0
2020-04-24,2020,4,Q2,Social Media,8981,162,353.26
2020-04-24,2020,4,Q2,Email Campaign,4130,186,110.79
2020-04-24,2020,4,Q2,Paid Ad,14601,175,592.7
2020-04-24,2020,4,Q2,Direct,0,0,0.0
2020-04-24,2020,4,Q2,Referral,0,0,0.0
2020-04-25,2020,4,Q2,Organic Search,0,0,0.0
2020-04-25,2020,4,Q2,Social Media,10299,185,405.83
2020-04-25,2020,4,Q2,Email Campaign,4377,197,117.43
2020-04-25,2020,4,Q2,Paid Ad,15488,186,628.57
2020-04-25,2020,4,Q2,Direct,0,0,0.0
2020-04-25,2020,4,Q2,Referral,0,0,0.0
2020-04-26,2020,4,Q2,Organic Search,0,0,0.0
2020-04-26,2020,4,Q2,Social Media,9545,172,375.53
2020-04-26,2020,4,Q2,Email Campaign,4861,219,130.52
2020-04-26,2020,4,Q2,Paid Ad,17908,215,725.92
2020-04-26,2020,4,Q2,Direct,0,0,0.0
2020-04-26,2020,4,Q2,Referral,0,0,0.0
2020-04-27,2020,4,Q2,Organic Search,0,0,0.0
2020-04-27,2020,4,Q2,Social Media,9841,177,387.34
2020-04-27,2020,4,Q2,Email Campaign,4593,207,123.4
2020-04-27,2020,4,Q2,Paid Ad,15004,180,608.05
2020-04-27,2020,4,Q2,Direct,0,0,0.0
2020-04-27,2020,4,Q2,Referral,0,0,0.0
2020-04-28,2020,4,Q2,Organic Search,0,0,0.0
2020-04-28,2020,4,Q2,Social Media,8793,158,345.94
2020-04-28,2020,4,Q2,Email Campaign,3958,178,106.22
2020-04-28,2020,4,Q2,Paid Ad,15165,182,615.01
2020-04-28,2020,4,Q2,Direct,0,0,0.0
2020-04-28,2020,4,Q2,Referral,0,0,0.0
2020-04-29,2020,4,Q2,Organic Search,0,0,0.0
2020-04-29,2020,4,Q2,Social Media,8605,155,338.46
2020-04-29,2020,4,Q2,Email Campaign,4410,198,118.47
2020-04-29,2020,4,Q2,Paid Ad,14197,170,575.16
2020-04-29,2020,4,Q2,Direct,0,0,0.0
2020-04-29,2020,4,Q2,Referral,0,0,0.0
2020-04-30,2020,4,Q2,Organic Search,0,0,0.0
2020-04-30,2020,4,Q2,Social Media,9169,165,360.85
2020-04-30,2020,4,Q2,Email Campaign,4829,217,129.64
2020-04-30,2020,4,Q2,Paid Ad,15044,181,610.56
2020-04-30,2020,4,Q2,Direct,0,0,0.0
2020-04-30,2020,4,Q2,Referral,0,0,0.0
2020-05-01,2020,5,Q2,Organic Search,0,0,0.0
2020-05-01,2020,5,Q2,Social Media,9089,164,357.59
2020-05-01,2020,5,Q2,Email Campaign,4539,204,121.85
2020-05-01,2020,5,Q2,Paid Ad,14681,176,596.16
2020-05-01,2020,5,Q2,Direct,0,0,0.0
2020-05-01,2020,5,Q2,Referral,0,0,0.0
2020-05-02,2020,5,Q2,Organic Search,0,0,0.0
2020-05-02,2020,5,Q2,Social Media,10299,185,405.55
2020-05-02,2020,5,Q2,Email Campaign,4947,223,132.94
2020-05-02,2020,5,Q2,Paid Ad,17585,211,713.87
2020-05-02,2020,5,Q2,Direct,0,0,0.0
2020-05-02,2020,5,Q2,Referral,0,0,0.0
2020-05-03,2020,5,Q2,Organic Search,0,0,0.0
2020-05-03,2020,5,Q2,Social Media,9492,171,373.78
2020-05-03,2020,5,Q2,Email Campaign,4958,223,133.06
2020-05-03,2020,5,Q2,Paid Ad,18150,218,736.54
2020-05-03,2020,5,Q2,Direct,0,0,0.0
2020-05-03,2020,5,Q2,Referral,0,0,0.0
2020-05-04,2020,5,Q2,Organic Search,0,0,0.0
2020-05-04,2020,5,Q2,Social Media,9815,177,386.7
2020-05-04,2020,5,Q2,Email Campaign,4636,209,124.35
2020-05-04,2020,5,Q2,Paid Ad,17787,213,722.03
2020-05-04,2020,5,Q2,Direct,0,0,0.0
2020-05-04,2020,5,Q2,Referral,0,0,0.0
2020-05-05,2020,5,Q2,Organic Search,0,0,0.0
2020-05-05,2020,5,Q2,Social Media,8255,149,325.18
2020-05-05,2020,5,Q2,Email Campaign,4603,207,123.56
2020-05-05,2020,5,Q2,Paid Ad,15407,185,624.95
2020-05-05,2020,5,Q2,Direct,0,0,0.0
2020-05-05,2020,5,Q2,Referral,0,0,0.0
2020-05-06,2020,5,Q2,Organic Search,0,0,0.0
2020-05-06,2020,5,Q2,Social Media,10352,186,407.14
2020-05-06,2020,5,Q2,Email Campaign,4023,181,108.01
2020-05-06,2020,5,Q2,Paid Ad,14157,170,574.53
2020-05-06,2020,5,Q2,Direct,0,0,0.0
2020-05-06,2020,5,Q2,Referral,0,0,0.0
2020-05-07,2020,5,Q2,Organic Search,0,0,0.0
2020-05-07,2020,5,Q2,Social Media,8389,151,329.84
2020-05-07,2020,5,Q2,Email Campaign,3571,161,95.88
2020-05-07,2020,5,Q2,Paid Ad,14560,175,590.04
2020-05-07,2020,5,Q2,Direct,0,0,0.0
2020-05-07,2020,5,Q2,Referral,0,0,0.0
2020-05-08,2020,5,Q2,Organic Search,0,0,0.0
2020-05-08,2020,5,Q2,Social Media,8255,149,325.42
2020-05-08,2020,5,Q2,Email Campaign,4356,196,116.88
2020-05-08,2020,5,Q2,Paid Ad,15609,187,632.79
2020-05-08,2020,5,Q2,Direct,0,0,0.0
2020-05-08,2020,5,Q2,Referral,0,0,0.0
2020-05-09,2020,5,Q2,Organic Search,0,0,0.0
2020-05-09,2020,5,Q2,Social Media,11643,210,458.25
2020-05-09,2020,5,Q2,Email Campaign,5324,240,142.93
2020-05-09,2020,5,Q2,Paid Ad,16658,200,675.62
2020-05-09,2020,5,Q2,Direct,0,0,0.0
2020-05-09,2020,5,Q2,Referral,0,0,0.0
2020-05-10,2020,5,Q2,Organic Search,0,0,0.0
2020-05-10,2020,5,Q2,Social Media,9384,169,369.8
2020-05-10,2020,5,Q2,Email Campaign,5141,231,138.03
2020-05-10,2020,5,Q2,Paid Ad,15609,187,633.5
2020-05-10,2020,5,Q2,Direct,0,0,0.0
2020-05-10,2020,5,Q2,Referral,0,0,0.0
2020-05-11,2020,5,Q2,Organic Search,0,0,0.0
2020-05-11,2020,5,Q2,Social Media,10083,182,397.2
2020-05-11,2020,5,Q2,Email Campaign,4711,212,126.38
2020-05-11,2020,5,Q2,Paid Ad,14601,175,592.82
2020-05-11,2020,5,Q2,Direct,0,0,0.0
2020-05-11,2020,5,Q2,Referral,0,0,0.0
2020-05-12,2020,5,Q2,Organic Search,0,0,0.0
2020-05-12,2020,5,Q2,Social Media,7583,136,298.98
2020-05-12,2020,5,Q2,Email Campaign,4764,214,128.01
2020-05-12,2020,5,Q2,Paid Ad,15044,181,610.28
2020-05-12,2020,5,Q2,Direct,0,0,0.0
2020-05-12,2020,5,Q2,Referral,0,0,0.0
2020-05-13,2020,5,Q2,Organic Search,0,0,0.0
2020-05-13,2020,5,Q2,Social Media,9680,174,380.74
2020-05-13,2020,5,Q2,Email Campaign,3754,169,100.77
2020-05-13,2020,5,Q2,Paid Ad,14439,173,586.42
2020-05-13,2020,5,Q2,Direct,0,0,0.0
2020-05-13,2020,5,Q2,Referral,0,0,0.0
2020-05-14,2020,5,Q2,Organic Search,0,0,0.0
2020-05-14,2020,5,Q2,Social Media,8793,158,346.62
2020-05-14,2020,5,Q2,Email Campaign,4324,195,115.92
2020-05-14,2020,5,Q2,Paid Ad,14641,176,593.73
2020-05-14,2020,5,Q2,Direct,0,0,0.0
2020-05-14,2020,5,Q2,Referral,0,0,0.0
2020-05-15,2020,5,Q2,Organic Search,0,0,0.0
2020-05-15,2020,5,Q2,Social Media,9250,166,363.72
2020-05-15,2020,5,Q2,Email Campaign,3936,177,105.62
2020-05-15,2020,5,Q2,Paid Ad,15004,180,608.93
2020-05-15,2020,5,Q2,Direct,0,0,0.0
2020-05-15,2020,5,Q2,Referral,0,0,0.0
2020-05-16,2020,5,Q2,Organic Search,0,0,0.0
2020-05-16,2020,5,Q2,Social Media,10218,184,402.25
2020-05-16,2020,5,Q2,Email Campaign,5152,232,138.27
2020-05-16,2020,5,Q2,Paid Ad,18473,222,748.63
2020-05-16,2020,5,Q2,Direct,0,0,0.0
2020-05-16,2020,5,Q2,Referral,0,0,0.0
2020-05-17,2020,5,Q2,Organic Search,0,0,0.0
2020-05-17,2020,5,Q2,Social Media,9223,166,362.6
2020-05-17,2020,5,Q2,Email Campaign,4345,196,116.52
2020-05-17,2020,5,Q2,Paid Ad,19239,231,780.72
2020-05-17,2020,5,Q2,Direct,0,0,0.0
2020-05-17,2020,5,Q2,Referral,0,0,0.0
2020-05-18,2020,5,Q2,Organic Search,0,0,0.0
2020-05-18,2020,5,Q2,Social Media,9035,163,355.68
2020-05-18,2020,5,Q2,Email Campaign,4044,182,108.57
2020-05-18,2020,5,Q2,Paid Ad,17061,205,692.36
2020-05-18,2020,5,Q2,Direct,0,0,0.0
2020-05-18,2020,5,Q2,Referral,0,0,0.0
2020-05-19,2020,5,Q2,Organic Search,0,0,0.0
2020-05-19,2020,5,Q2,Social Media,8873,160,349.68
2020-05-19,2020,5,Q2,Email Campaign,4711,212,126.38
2020-05-19,2020,5,Q2,Paid Ad,15286,183,619.27
2020-05-19,2020,5,Q2,Direct,0,0,0.0
2020-05-19,2020,5,Q2,Referral,0,0,0.0
2020-05-20,2020,5,Q2,Organic Search,0,0,0.0
2020-05-20,2020,5,Q2,Social Media,10245,184,403.56
2020-05-20,2020,5,Q2,Email Campaign,4904,221,131.71
2020-05-20,2020,5,Q2,Paid Ad,14883,179,603.68
2020-05-20,2020,5,Q2,Direct,0,0,0.0
2020-05-20,2020,5,Q2,Referral,0,0,0.0
2020-05-21,2020,5,Q2,Organic Search,0,0,0.0
2020-05-21,2020,5,Q2,Social Media,9492,171,373.38
2020-05-21,2020,5,Q2,Email Campaign,4528,204,121.45
2020-05-21,2020,5,Q2,Paid Ad,16859,202,683.37
2020-05-21,2020,5,Q2,Direct,0,0,0.0
2020-05-21,2020,5,Q2,Referral,0,0,0.0
2020-05-22,2020,5,Q2,Organic Search,0,0,0.0
2020-05-22,2020,5,Q2,Social Media,8121,146,319.73
2020-05-22,2020,5,Q2,Email Campaign,4539,204,121.81
2020-05-22,2020,5,Q2,Paid Ad,16456,197,668.1
2020-05-22,2020,5,Q2,Direct,0,0,0.0
2020-05-22,2020,5,Q2,Referral,0,0,0.0
2020-05-23,2020,5,Q2,Organic Search,0,0,0.0
2020-05-23,2020,5,Q2,Social Media,8685,156,342.36
2020-05-23,2020,5,Q2,Email Campaign,4474,201,120.26
2020-05-23,2020,5,Q2,Paid Ad,14601,175,592.78
2020-05-23,2020,5,Q2,Direct,0,0,0.0
2020-05-23,2020,5,Q2,Referral,0,0,0.0
2020-05-24,2020,5,Q2,Organic Search,0,0,0.0
2020-05-24,2020,5,Q2,Social Media,9895,178,389.84
2020-05-24,2020,5,Q2,Email Campaign,5227,235,140.42
2020-05-24,2020,5,Q2,Paid Ad,19562,235,793.45
2020-05-24,2020,5,Q2,Direct,0,0,0.0
2020-05-24,2020,5,Q2,Referral,0,0,0.0
2020-05-25,2020,5,Q2,Organic Search,0,0,0.0
2020-05-25,2020,5,Q2,Social Media,8847,159,348.53
2020-05-25,2020,5,Q2,Email Campaign,4861,219,130.52
2020-05-25,2020,5,Q2,Paid Ad,13512,162,547.92
2020-05-25,2020,5,Q2,Direct,0,0,0.0
2020-05-25,2020,5,Q2,Referral,0,0,0.0
2020-05-26,2020,5,Q2,Organic Search,0,0,0.0
2020-05-26,2020,5,Q2,Social Media,7609,137,299.25
2020-05-26,2020,5,Q2,Email Campaign,4280,193,114.97
2020-05-26,2020,5,Q2,Paid Ad,15649,188,634.85
2020-05-26,2020,5,Q2,Direct,0,0,0.0
2020-05-26,2020,5,Q2,Referral,0,0,0.0
2020-05-27,2020,5,Q2,Organic Search,0,0,0.0
2020-05-27,2020,5,Q2,Social Media,8766,158,345.54
2020-05-27,2020,5,Q2,Email Campaign,3592,162,96.4
2020-05-27,2020,5,Q2,Paid Ad,15085,181,611.55
2020-05-27,2020,5,Q2,Direct,0,0,0.0
2020-05-27,2020,5,Q2,Referral,0,0,0.0
2020-05-28,2020,5,Q2,Organic Search,0,0,0.0
2020-05-28,2020,5,Q2,Social Media,7879,142,310.31
2020-05-28,2020,5,Q2,Email Campaign,4528,204,121.65
2020-05-28,2020,5,Q2,Paid Ad,15649,188,633.98
2020-05-28,2020,5,Q2,Direct,0,0,0.0
2020-05-28,2020,5,Q2,Referral,0,0,0.0
2020-05-29,2020,5,Q2,Organic Search,0,0,0.0
2020-05-29,2020,5,Q2,Social Media,8147,147,320.41
2020-05-29,2020,5,Q2,Email Campaign,4130,186,110.71
2020-05-29,2020,5,Q2,Paid Ad,13915,167,563.71
2020-05-29,2020,5,Q2,Direct,0,0,0.0
2020-05-29,2020,5,Q2,Referral,0,0,0.0
2020-05-30,2020,5,Q2,Organic Search,0,0,0.0
2020-05-30,2020,5,Q2,Social Media,10057,181,396.41
2020-05-30,2020,5,Q2,Email Campaign,5324,240,142.97
2020-05-30,2020,5,Q2,Paid Ad,16093,193,652.47
2020-05-30,2020,5,Q2,Direct,0,0,0.0
2020-05-30,2020,5,Q2,Referral,0,0,0.0
2020-05-31,2020,5,Q2,Organic Search,0,0,0.0
2020-05-31,2020,5,Q2,Social Media,10541,190,414.5
2020-05-31,2020,5,Q2,Email Campaign,4733,213,127.18
2020-05-31,2020,5,Q2,Paid Ad,16335,196,663.41
2020-05-31,2020,5,Q2,Direct,0,0,0.0
2020-05-31,2020,5,Q2,Referral,0,0,0.0
2020-06-01,2020,6,Q2,Organic Search,0,0,0.0
2020-06-01,2020,6,Q2,Social Media,8712,157,343.48
2020-06-01,2020,6,Q2,Email Campaign,3948,178,105.9
2020-06-01,2020,6,Q2,Paid Ad,14520,174,588.64
2020-06-01,2020,6,Q2,Direct,0,0,0.0
2020-06-01,2020,6,Q2,Referral,0,0,0.0
2020-06-02,2020,6,Q2,Organic Search,0,0,0.0
2020-06-02,2020,6,Q2,Social Media,7959,143,313.25
2020-06-02,2020,6,Q2,Email Campaign,4980,224,133.62
2020-06-02,2020,6,Q2,Paid Ad,15246,183,617.68
2020-06-02,2020,6,Q2,Direct,0,0,0.0
2020-06-02,2020,6,Q2,Referral,0,0,0.0
2020-06-03,2020,6,Q2,Organic Search,0,0,0.0
2020-06-03,2020,6,Q2,Social Media,8309,150,327.05
2020-06-03,2020,6,Q2,Email Campaign,4377,197,117.47
2020-06-03,2020,6,Q2,Paid Ad,15044,181,610.4
2020-06-03,2020,6,Q2,Direct,0,0,0.0
2020-06-03,2020,6,Q2,Referral,0,0,0.0
2020-06-04,2020,6,Q2,Organic Search,0,0,0.0
2020-06-04,2020,6,Q2,Social Media,8631,155,340.33
2020-06-04,2020,6,Q2,Email Campaign,4517,203,121.17
2020-06-04,2020,6,Q2,Paid Ad,16093,193,653.23
2020-06-04,2020,6,Q2,Direct,0,0,0.0
2020-06-04,2020,6,Q2,Referral,0,0,0.0
2020-06-05,2020,6,Q2,Organic Search,0,0,0.0
2020-06-05,2020,6,Q2,Social Media,8416,151,331.74
2020-06-05,2020,6,Q2,Email Campaign,4109,185,110.16
2020-06-05,2020,6,Q2,Paid Ad,14843,178,602.36
2020-06-05,2020,6,Q2,Direct,0,0,0.0
2020-06-05,2020,6,Q2,Referral,0,0,0.0
2020-06-06,2020,6,Q2,Organic Search,0,0,0.0
2020-06-06,2020,6,Q2,Social Media,8255,149,325.06
2020-06-06,2020,6,Q2,Email Campaign,4345,196,116.72
2020-06-06,2020,6,Q2,Paid Ad,19360,232,785.77
2020-06-06,2020,6,Q2,Direct,0,0,0.0
2020-06-06,2020,6,Q2,Referral,0,0,0.0
2020-06-07,2020,6,Q2,Organic Search,0,0,0.0
2020-06-07,2020,6,Q2,Social Media,11455,206,450.85
2020-06-07,2020,6,Q2,Email Campaign,4851,218,130.16
2020-06-07,2020,6,Q2,Paid Ad,18271,219,741.0
2020-06-07,2020,6,Q2,Direct,0,0,0.0
2020-06-07,2020,6,Q2,Referral,0,0,0.0
2020-06-08,2020,6,Q2,Organic Search,0,0,0.0
2020-06-08,2020,6,Q2,Social Media,9008,162,355.09
2020-06-08,2020,6,Q2,Email Campaign,5367,242,143.92
2020-06-08,2020,6,Q2,Paid Ad,16537,198,671.08
2020-06-08,2020,6,Q2,Direct,0,0,0.0
2020-06-08,2020,6,Q2,Referral,0,0,0.0
2020-06-09,2020,6,Q2,Organic Search,0,0,0.0
2020-06-09,2020,6,Q2,Social Media,8712,157,342.92
2020-06-09,2020,6,Q2,Email Campaign,3969,179,106.66
2020-06-09,2020,6,Q2,Paid Ad,13229,159,536.75
2020-06-09,2020,6,Q2,Direct,0,0,0.0
2020-06-09,2020,6,Q2,Referral,0,0,0.0
2020-06-10,2020,6,Q2,Organic Search,0,0,0.0
2020-06-10,2020,6,Q2,Social Media,8954,161,352.11
2020-06-10,2020,6,Q2,Email Campaign,4044,182,108.49
2020-06-10,2020,6,Q2,Paid Ad,13471,162,545.85
2020-06-10,2020,6,Q2,Direct,0,0,0.0
2020-06-10,2020,6,Q2,Referral,0,0,0.0
2020-06-11,2020,6,Q2,Organic Search,0,0,0.0
2020-06-11,2020,6,Q2,Social Media,8335,150,328.52
2020-06-11,2020,6,Q2,Email Campaign,3926,177,105.5
2020-06-11,2020,6,Q2,Paid Ad,17222,207,699.04
2020-06-11,2020,6,Q2,Direct,0,0,0.0
2020-06-11,2020,6,Q2,Referral,0,0,0.0
2020-06-12,2020,6,Q2,Organic Search,0,0,0.0
2020-06-12,2020,6,Q2,Social Media,9411,169,370.92
2020-06-12,2020,6,Q2,Email Campaign,4302,194,115.41
2020-06-12,2020,6,Q2,Paid Ad,16980,204,688.86
2020-06-12,2020,6,Q2,Direct,0,0,0.0
2020-06-12,2020,6,Q2,Referral,0,0,0.0
2020-06-13,2020,6,Q2,Organic Search,0,0,0.0
2020-06-13,2020,6,Q2,Social Media,10191,183,400.9
2020-06-13,2020,6,Q2,Email Campaign,4603,207,123.68
2020-06-13,2020,6,Q2,Paid Ad,19602,235,794.6
2020-06-13,2020,6,Q2,Direct,0,0,0.0
2020-06-13,2020,6,Q2,Referral,0,0,0.0
2020-06-14,2020,6,Q2,Organic Search,0,0,0.0
2020-06-14,2020,6,Q2,Social Media,10567,190,415.61
2020-06-14,2020,6,Q2,Email Campaign,4539,204,121.77
2020-06-14,2020,6,Q2,Paid Ad,17182,206,697.53
2020-06-14,2020,6,Q2,Direct,0,0,0.0
2020-06-14,2020,6,Q2,Referral,0,0,0.0
2020-06-15,2020,6,Q2,Organic Search,0,0,0.0
2020-06-15,2020,6,Q2,Social Media,8174,147,322.2
2020-06-15,2020,6,Q2,Email Campaign,3829,172,102.72
2020-06-15,2020,6,Q2,Paid Ad,16295,196,661.58
2020-06-15,2020,6,Q2,Direct,0,0,0.0
2020-06-15,2020,6,Q2,Referral,0,0,0.0
2020-06-16,2020,6,Q2,Organic Search,0,0,0.0
2020-06-16,2020,6,Q2,Social Media,10137,182,399.39
2020-06-16,2020,6,Q2,Email Campaign,3818,172,102.56
2020-06-16,2020,6,Q2,Paid Ad,15851,190,643.64
2020-06-16,2020,6,Q2,Direct,0,0,0.0
2020-06-16,2020,6,Q2,Referral,0,0,0.0
2020-06-17,2020,6,Q2,Organic Search,0,0,0.0
2020-06-17,2020,6,Q2,Social Media,8335,150,328.4
2020-06-17,2020,6,Q2,Email Campaign,4130,186,110.99
2020-06-17,2020,6,Q2,Paid Ad,14480,174,586.74
2020-06-17,2020,6,Q2,Direct,0,0,0.0
2020-06-17,2020,6,Q2,Referral,0,0,0.0
2020-06-18,2020,6,Q2,Organic Search,0,0,0.0
2020-06-18,2020,6,Q2,Social Media,8201,148,322.52
2020-06-18,2020,6,Q2,Email Campaign,4324,195,115.92
2020-06-18,2020,6,Q2,Paid Ad,14157,170,575.0
2020-06-18,2020,6,Q2,Direct,0,0,0.0
2020-06-18,2020,6,Q2,Referral,0,0,0.0
2020-06-19,2020,6,Q2,Organic Search,0,0,0.0
2020-06-19,2020,6,Q2,Social Media,8981,162,353.93
2020-06-19,2020,6,Q2,Email Campaign,4280,193,115.01
2020-06-19,2020,6,Q2,Paid Ad,14883,179,604.15
2020-06-19,2020,6,Q2,Direct,0,0,0.0
2020-06-19,2020,6,Q2,Referral,0,0,0.0
2020-06-20,2020,6,Q2,Organic Search,0,0,0.0
2020-06-20,2020,6,Q2,Social Media,9384,169,369.48
2020-06-20,2020,6,Q2,Email Campaign,4722,212,126.7
2020-06-20,2020,6,Q2,Paid Ad,18513,222,751.14
2020-06-20,2020,6,Q2,Direct,0,0,0.0
2020-06-20,2020,6,Q2,Referral,0,0,0.0
2020-06-21,2020,6,Q2,Organic Search,0,0,0.0
2020-06-21,2020,6,Q2,Social Media,10513,189,414.42
2020-06-21,2020,6,Q2,Email Campaign,4560,205,122.41
2020-06-21,2020,6,Q2,Paid Ad,17585,211,713.95
2020-06-21,2020,6,Q2,Direct,0,0,0.0
2020-06-21,2020,6,Q2,Referral,0,0,0.0
2020-06-22,2020,6,Q2,Organic Search,0,0,0.0
2020-06-22,2020,6,Q2,Social Media,9331,168,367.3
2020-06-22,2020,6,Q2,Email Campaign,3732,168,100.06
2020-06-22,2020,6,Q2,Paid Ad,15851,190,642.69
2020-06-22,2020,6,Q2,Direct,0,0,0.0
2020-06-22,2020,6,Q2,Referral,0,0,0.0
2020-06-23,2020,6,Q2,Organic Search,0,0,0.0
2020-06-23,2020,6,Q2,Social Media,8335,150,328.09
2020-06-23,2020,6,Q2,Email Campaign,4496,202,120.78
2020-06-23,2020,6,Q2,Paid Ad,14238,171,578.3
2020-06-23,2020,6,Q2,Direct,0,0,0.0
2020-06-23,2020,6,Q2,Referral,0,0,0.0
2020-06-24,2020,6,Q2,Organic Search,0,0,0.0
2020-06-24,2020,6,Q2,Social Media,7529,136,296.43
2020-06-24,2020,6,Q2,Email Campaign,3743,168,100.45
2020-06-24,2020,6,Q2,Paid Ad,15246,183,618.31
2020-06-24,2020,6,Q2,Direct,0,0,0.0
2020-06-24,2020,6,Q2,Referral,0,0,0.0
2020-06-25,2020,6,Q2,Organic Search,0,0,0.0
2020-06-25,2020,6,Q2,Social Media,8981,162,353.66
2020-06-25,2020,6,Q2,Email Campaign,3990,180,107.13
2020-06-25,2020,6,Q2,Paid Ad,15972,192,647.38
2020-06-25,2020,6,Q2,Direct,0,0,0.0
2020-06-25,2020,6,Q2,Referral,0,0,0.0
2020-06-26,2020,6,Q2,Organic Search,0,0,0.0
2020-06-26,2020,6,Q2,Social Media,7637,137,300.41
2020-06-26,2020,6,Q2,Email Campaign,4280,193,114.89
2020-06-26,2020,6,Q2,Paid Ad,13713,165,556.27
2020-06-26,2020,6,Q2,Direct,0,0,0.0
2020-06-26,2020,6,Q2,Referral,0,0,0.0
2020-06-27,2020,6,Q2,Organic Search,0,0,0.0
2020-06-27,2020,6,Q2,Social Media,9599,173,377.68
2020-06-27,2020,6,Q2,Email Campaign,4969,224,133.3
2020-06-27,2020,6,Q2,Paid Ad,16254,195,659.55
2020-06-27,2020,6,Q2,Direct,0,0,0.0
2020-06-27,2020,6,Q2,Referral,0,0,0.0
2020-06-28,2020,6,Q2,Organic Search,0,0,0.0
2020-06-28,2020,6,Q2,Social Media,9815,177,386.15
2020-06-28,2020,6,Q2,Email Campaign,5345,241,143.48
2020-06-28,2020,6,Q2,Paid Ad,16658,200,675.62
2020-06-28,2020,6,Q2,Direct,0,0,0.0
2020-06-28,2020,6,Q2,Referral,0,0,0.0
2020-06-29,2020,6,Q2,Organic Search,0,0,0.0
2020-06-29,2020,6,Q2,Social Media,9384,169,369.6
2020-06-29,2020,6,Q2,Email Campaign,3915,176,105.07
2020-06-29,2020,6,Q2,Paid Ad,15811,190,642.01
2020-06-29,2020,6,Q2,Direct,0,0,0.0
2020-06-29,2020,6,Q2,Referral,0,0,0.0
2020-06-30,2020,6,Q2,Organic Search,0,0,0.0
2020-06-30,2020,6,Q2,Social Media,9815,177,386.42
2020-06-30,2020,6,Q2,Email Campaign,3452,155,92.66
2020-06-30,2020,6,Q2,Paid Ad,14197,170,576.67
2020-06-30,2020,6,Q2,Direct,0,0,0.0
2020-06-30,2020,6,Q2,Referral,0,0,0.0
2020-07-01,2020,7,Q3,Organic Search,0,0,0.0
2020-07-01,2020,7,Q3,Social Media,10594,191,416.85
2020-07-01,2020,7,Q3,Email Campaign,4872,219,130.64
2020-07-01,2020,7,Q3,Paid Ad,17989,216,729.34
2020-07-01,2020,7,Q3,Direct,0,0,0.0
2020-07-01,2020,7,Q3,Referral,0,0,0.0
2020-07-02,2020,7,Q3,Organic Search,0,0,0.0
2020-07-02,2020,7,Q3,Social Media,9626,173,379.19
2020-07-02,2020,7,Q3,Email Campaign,4980,224,133.74
2020-07-02,2020,7,Q3,Paid Ad,17263,207,699.52
2020-07-02,2020,7,Q3,Direct,0,0,0.0
2020-07-02,2020,7,Q3,Referral,0,0,0.0
2020-07-03,2020,7,Q3,Organic Search,0,0,0.0
2020-07-03,2020,7,Q3,Social Media,11078,199,435.66
2020-07-03,2020,7,Q3,Email Campaign,5044,227,135.49
2020-07-03,2020,7,Q3,Paid Ad,17948,215,727.43
2020-07-03,2020,7,Q3,Direct,0,0,0.0
2020-07-03,2020,7,Q3,Referral,0,0,0.0
2020-07-04,2020,7,Q3,Organic Search,0,0,0.0
2020-07-04,2020,7,Q3,Social Media,11267,203,443.09
2020-07-04,2020,7,Q3,Email Campaign,5464,246,146.74
2020-07-04,2020,7,Q3,Paid Ad,19400,233,786.37
2020-07-04,2020,7,Q3,Direct,0,0,0.0
2020-07-04,2020,7,Q3,Referral,0,0,0.0
2020-07-05,2020,7,Q3,Organic Search,0,0,0.0
2020-07-05,2020,7,Q3,Social Media,11993,216,472.64
2020-07-05,2020,7,Q3,Email Campaign,5496,247,147.58
2020-07-05,2020,7,Q3,Paid Ad,20530,246,833.46
2020-07-05,2020,7,Q3,Direct,0,0,0.0
2020-07-05,2020,7,Q3,Referral,0,0,0.0
2020-07-06,2020,7,Q3,Organic Search,0,0,0.0
2020-07-06,2020,7,Q3,Social Media,11804,212,464.57
2020-07-06,2020,7,Q3,Email Campaign,5292,238,142.05
2020-07-06,2020,7,Q3,Paid Ad,17021,204,689.85
2020-07-06,2020,7,Q3,Direct,0,0,0.0
2020-07-06,2020,7,Q3,Referral,0,0,0.0
2020-07-07,2020,7,Q3,Organic Search,0,0,0.0
2020-07-07,2020,7,Q3,Social Media,11105,200,436.69
2020-07-07,2020,7,Q3,Email Campaign,4786,215,128.49
2020-07-07,2020,7,Q3,Paid Ad,14601,175,592.82
2020-07-07,2020,7,Q3,Direct,0,0,0.0
2020-07-07,2020,7,Q3,Referral,0,0,0.0
2020-07-08,2020,7,Q3,Organic Search,0,0,0.0
2020-07-08,2020,7,Q3,Social Media,9303,167,366.3
2020-07-08,2020,7,Q3,Email Campaign,4205,189,112.94
2020-07-08,2020,7,Q3,Paid Ad,16980,204,688.38
2020-07-08,2020,7,Q3,Direct,0,0,0.0
2020-07-08,2020,7,Q3,Referral,0,0,0.0
2020-07-09,2020,7,Q3,Organic Search,0,0,0.0
2020-07-09,2020,7,Q3,Social Media,10137,182,399.03
2020-07-09,2020,7,Q3,Email Campaign,5614,253,150.6
2020-07-09,2020,7,Q3,Paid Ad,17908,215,726.84
2020-07-09,2020,7,Q3,Direct,0,0,0.0
2020-07-09,2020,7,Q3,Referral,0,0,0.0
2020-07-10,2020,7,Q3,Organic Search,0,0,0.0
2020-07-10,2020,7,Q3,Social Media,9949,179,391.44
2020-07-10,2020,7,Q3,Email Campaign,5281,238,141.61
2020-07-10,2020,7,Q3,Paid Ad,14359,172,583.0
2020-07-10,2020,7,Q3,Direct,0,0,0.0
2020-07-10,2020,7,Q3,Referral,0,0,0.0
2020-07-11,2020,7,Q3,Organic Search,0,0,0.0
2020-07-11,2020,7,Q3,Social Media,11858,213,466.84
2020-07-11,2020,7,Q3,Email Campaign,6045,272,162.13
2020-07-11,2020,7,Q3,Paid Ad,17706,212,718.21
2020-07-11,2020,7,Q3,Direct,0,0,0.0
2020-07-11,2020,7,Q3,Referral,0,0,0.0
2020-07-12,2020,7,Q3,Organic Search,0,0,0.0
2020-07-12,2020,7,Q3,Social Media,12691,228,500.12
2020-07-12,2020,7,Q3,Email Campaign,5840,263,156.88
2020-07-12,2020,7,Q3,Paid Ad,19400,233,787.48
2020-07-12,2020,7,Q3,Direct,0,0,0.0
2020-07-12,2020,7,Q3,Referral,0,0,0.0
2020-07-13,2020,7,Q3,Organic Search,0,0,0.0
2020-07-13,2020,7,Q3,Social Media,10621,191,418.6
2020-07-13,2020,7,Q3,Email Campaign,5851,263,156.92
2020-07-13,2020,7,Q3,Paid Ad,17706,212,718.61
2020-07-13,2020,7,Q3,Direct,0,0,0.0
2020-07-13,2020,7,Q3,Referral,0,0,0.0
2020-07-14,2020,7,Q3,Organic Search,0,0,0.0
2020-07-14,2020,7,Q3,Social Media,10325,186,406.35
2020-07-14,2020,7,Q3,Email Campaign,4764,214,127.93
2020-07-14,2020,7,Q3,Paid Ad,16295,196,660.15
2020-07-14,2020,7,Q3,Direct,0,0,0.0
2020-07-14,2020,7,Q3,Referral,0,0,0.0
2020-07-15,2020,7,Q3,Organic Search,0,0,0.0
2020-07-15,2020,7,Q3,Social Media,10783,194,424.88
2020-07-15,2020,7,Q3,Email Campaign,4603,207,123.72
2020-07-15,2020,7,Q3,Paid Ad,17545,211,712.36
2020-07-15,2020,7,Q3,Direct,0,0,0.0
2020-07-15,2020,7,Q3,Referral,0,0,0.0
2020-07-16,2020,7,Q3,Organic Search,0,0,0.0
2020-07-16,2020,7,Q3,Social Media,9734,175,383.2
2020-07-16,2020,7,Q3,Email Campaign,5141,231,137.88
2020-07-16,2020,7,Q3,Paid Ad,17908,215,727.2
2020-07-16,2020,7,Q3,Direct,0,0,0.0
2020-07-16,2020,7,Q3,Referral,0,0,0.0
2020-07-17,2020,7,Q3,Organic Search,0,0,0.0
2020-07-17,2020,7,Q3,Social Media,10971,197,431.48
2020-07-17,2020,7,Q3,Email Campaign,4743,213,127.38
2020-07-17,2020,7,Q3,Paid Ad,17101,205,693.0
2020-07-17,2020,7,Q3,Direct,0,0,0.0
2020-07-17,2020,7,Q3,Referral,0,0,0.0
2020-07-18,2020,7,Q3,Organic Search,0,0,0.0
2020-07-18,2020,7,Q3,Social Media,10729,193,422.3
2020-07-18,2020,7,Q3,Email Campaign,5485,247,147.3
2020-07-18,2020,7,Q3,Paid Ad,20691,248,839.14
2020-07-18,2020,7,Q3,Direct,0,0,0.0
2020-07-18,2020,7,Q3,Referral,0,0,0.0
2020-07-19,2020,7,Q3,Organic Search,0,0,0.0
2020-07-19,2020,7,Q3,Social Media,12342,222,485.96
2020-07-19,2020,7,Q3,Email Campaign,5270,237,141.45
2020-07-19,2020,7,Q3,Paid Ad,21498,258,871.24
2020-07-19,2020,7,Q3,Direct,0,0,0.0
2020-07-19,2020,7,Q3,Referral,0,0,0.0
2020-07-20,2020,7,Q3,Organic Search,0,0,0.0
2020-07-20,2020,7,Q3,Social Media,11213,202,441.62
2020-07-20,2020,7,Q3,Email Campaign,5109,230,137.2
2020-07-20,2020,7,Q3,Paid Ad,20086,241,814.65
2020-07-20,2020,7,Q3,Direct,0,0,0.0
2020-07-20,2020,7,Q3,Referral,0,0,0.0
2020-07-21,2020,7,Q3,Organic Search,0,0,0.0
2020-07-21,2020,7,Q3,Social Media,9492,171,373.78
2020-07-21,2020,7,Q3,Email Campaign,4453,200,119.58
2020-07-21,2020,7,Q3,Paid Ad,14964,180,607.49
2020-07-21,2020,7,Q3,Direct,0,0,0.0
2020-07-21,2020,7,Q3,Referral,0,0,0.0
2020-07-22,2020,7,Q3,Organic Search,0,0,0.0
2020-07-22,2020,7,Q3,Social Media,11320,204,446.12
2020-07-22,2020,7,Q3,Email Campaign,5206,234,139.74
2020-07-22,2020,7,Q3,Paid Ad,17384,209,705.16
2020-07-22,2020,7,Q3,Direct,0,0,0.0
2020-07-22,2020,7,Q3,Referral,0,0,0.0
2020-07-23,2020,7,Q3,Organic Search,0,0,0.0
2020-07-23,2020,7,Q3,Social Media,10352,186,407.34
2020-07-23,2020,7,Q3,Email Campaign,4507,203,120.85
2020-07-23,2020,7,Q3,Paid Ad,20893,251,846.9
2020-07-23,2020,7,Q3,Direct,0,0,0.0
2020-07-23,2020,7,Q3,Referral,0,0,0.0
2020-07-24,2020,7,Q3,Organic Search,0,0,0.0
2020-07-24,2020,7,Q3,Social Media,10218,184,402.53
2020-07-24,2020,7,Q3,Email Campaign,4991,225,133.98
2020-07-24,2020,7,Q3,Paid Ad,18473,222,749.47
2020-07-24,2020,7,Q3,Direct,0,0,0.0
2020-07-24,2020,7,Q3,Referral,0,0,0.0
2020-07-25,2020,7,Q3,Organic Search,0,0,0.0
2020-07-25,2020,7,Q3,Social Media,12073,217,475.82
2020-07-25,2020,7,Q3,Email Campaign,5787,260,155.45
2020-07-25,2020,7,Q3,Paid Ad,18795,226,763.07
2020-07-25,2020,7,Q3,Direct,0,0,0.0
2020-07-25,2020,7,Q3,Referral,0,0,0.0
2020-07-26,2020,7,Q3,Organic Search,0,0,0.0
2020-07-26,2020,7,Q3,Social Media,12073,217,475.47
2020-07-26,2020,7,Q3,Email Campaign,6550,295,175.73
2020-07-26,2020,7,Q3,Paid Ad,22224,267,902.25
2020-07-26,2020,7,Q3,Direct,0,0,0.0
2020-07-26,2020,7,Q3,Referral,0,0,0.0
2020-07-27,2020,7,Q3,Organic Search,0,0,0.0
2020-07-27,2020,7,Q3,Social Media,11401,205,449.22
2020-07-27,2020,7,Q3,Email Campaign,4743,213,127.38
2020-07-27,2020,7,Q3,Paid Ad,16093,193,652.23
2020-07-27,2020,7,Q3,Direct,0,0,0.0
2020-07-27,2020,7,Q3,Referral,0,0,0.0
2020-07-28,2020,7,Q3,Organic Search,0,0,0.0
2020-07-28,2020,7,Q3,Social Media,10029,181,394.42
2020-07-28,2020,7,Q3,Email Campaign,4969,224,133.42
2020-07-28,2020,7,Q3,Paid Ad,18997,228,770.3
2020-07-28,2020,7,Q3,Direct,0,0,0.0
2020-07-28,2020,7,Q3,Referral,0,0,0.0
2020-07-29,2020,7,Q3,Organic Search,0,0,0.0
2020-07-29,2020,7,Q3,Social Media,8739,157,344.47
2020-07-29,2020,7,Q3,Email Campaign,5550,250,149.05
2020-07-29,2020,7,Q3,Paid Ad,17222,207,699.36
2020-07-29,2020,7,Q3,Direct,0,0,0.0
2020-07-29,2020,7,Q3,Referral,0,0,0.0
2020-07-30,2020,7,Q3,Organic Search,0,0,0.0
2020-07-30,2020,7,Q3,Social Media,9787,176,384.83
2020-07-30,2020,7,Q3,Email Campaign,4550,205,122.05
2020-07-30,2020,7,Q3,Paid Ad,15165,182,614.53
2020-07-30,2020,7,Q3,Direct,0,0,0.0
2020-07-30,2020,7,Q3,Referral,0,0,0.0
2020-07-31,2020,7,Q3,Organic Search,0,0,0.0
2020-07-31,2020,7,Q3,Social Media,10783,194,424.64
2020-07-31,2020,7,Q3,Email Campaign,4980,224,133.58
2020-07-31,2020,7,Q3,Paid Ad,15649,188,635.21
2020-07-31,2020,7,Q3,Direct,0,0,0.0
2020-07-31,2020,7,Q3,Referral,0,0,0.0
2020-08-01,2020,8,Q3,Organic Search,0,0,0.0
2020-08-01,2020,8,Q3,Social Media,9061,163,357.16
2020-08-01,2020,8,Q3,Email Campaign,4819,217,129.25
2020-08-01,2020,8,Q3,Paid Ad,19804,238,802.91
2020-08-01,2020,8,Q3,Direct,0,0,0.0
2020-08-01,2020,8,Q3,Referral,0,0,0.0
2020-08-02,2020,8,Q3,Organic Search,0,0,0.0
2020-08-02,2020,8,Q3,Social Media,9922,179,390.16
2020-08-02,2020,8,Q3,Email Campaign,4356,196,116.84
2020-08-02,2020,8,Q3,Paid Ad,17101,205,694.39
2020-08-02,2020,8,Q3,Direct,0,0,0.0
2020-08-02,2020,8,Q3,Referral,0,0,0.0
2020-08-03,2020,8,Q3,Organic Search,0,0,0.0
2020-08-03,2020,8,Q3,Social Media,8605,155,338.9
2020-08-03,2020,8,Q3,Email Campaign,3377,152,90.55
2020-08-03,2020,8,Q3,Paid Ad,15125,182,613.26
2020-08-03,2020,8,Q3,Direct,0,0,0.0
2020-08-03,2020,8,Q3,Referral,0,0,0.0
2020-08-04,2020,8,Q3,Organic Search,0,0,0.0
2020-08-04,2020,8,Q3,Social Media,8631,155,340.06
2020-08-04,2020,8,Q3,Email Campaign,4539,204,121.93
2020-08-04,2020,8,Q3,Paid Ad,17424,209,707.03
2020-08-04,2020,8,Q3,Direct,0,0,0.0
2020-08-04,2020,8,Q3,Referral,0,0,0.0
2020-08-05,2020,8,Q3,Organic Search,0,0,0.0
2020-08-05,2020,8,Q3,Social Media,9599,173,377.68
2020-08-05,2020,8,Q3,Email Campaign,4205,189,113.02
2020-08-05,2020,8,Q3,Paid Ad,13834,166,561.4
2020-08-05,2020,8,Q3,Direct,0,0,0.0
2020-08-05,2020,8,Q3,Referral,0,0,0.0
2020-08-06,2020,8,Q3,Organic Search,0,0,0.0
2020-08-06,2020,8,Q3,Social Media,10621,191,417.8
2020-08-06,2020,8,Q3,Email Campaign,4324,195,116.04
2020-08-06,2020,8,Q3,Paid Ad,15206,182,616.6
2020-08-06,2020,8,Q3,Direct,0,0,0.0
2020-08-06,2020,8,Q3,Referral,0,0,0.0
2020-08-07,2020,8,Q3,Organic Search,0,0,0.0
2020-08-07,2020,8,Q3,Social Media,8793,158,345.78
2020-08-07,2020,8,Q3,Email Campaign,4367,197,117.32
2020-08-07,2020,8,Q3,Paid Ad,15004,180,608.81
2020-08-07,2020,8,Q3,Direct,0,0,0.0
2020-08-07,2020,8,Q3,Referral,0,0,0.0
2020-08-08,2020,8,Q3,Organic Search,0,0,0.0
2020-08-08,2020,8,Q3,Social Media,9653,174,380.14
2020-08-08,2020,8,Q3,Email Campaign,4733,213,126.98
2020-08-08,2020,8,Q3,Paid Ad,17424,209,706.48
2020-08-08,2020,8,Q3,Direct,0,0,0.0
2020-08-08,2020,8,Q3,Referral,0,0,0.0
2020-08-09,2020,8,Q3,Organic Search,0,0,0.0
2020-08-09,2020,8,Q3,Social Media,9680,174,381.1
2020-08-09,2020,8,Q3,Email Campaign,4668,210,125.23
2020-08-09,2020,8,Q3,Paid Ad,17626,212,714.35
2020-08-09,2020,8,Q3,Direct,0,0,0.0
2020-08-09,2020,8,Q3,Referral,0,0,0.0
2020-08-10,2020,8,Q3,Organic Search,0,0,0.0
2020-08-10,2020,8,Q3,Social Media,8631,155,339.38
2020-08-10,2020,8,Q3,Email Campaign,4819,217,129.37
2020-08-10,2020,8,Q3,Paid Ad,11979,144,485.33
2020-08-10,2020,8,Q3,Direct,0,0,0.0
2020-08-10,2020,8,Q3,Referral,0,0,0.0
2020-08-11,2020,8,Q3,Organic Search,0,0,0.0
2020-08-11,2020,8,Q3,Social Media,9573,172,376.72
2020-08-11,2020,8,Q3,Email Campaign,4733,213,126.98
2020-08-11,2020,8,Q3,Paid Ad,12665,152,513.76
2020-08-11,2020,8,Q3,Direct,0,0,0.0
2020-08-11,2020,8,Q3,Referral,0,0,0.0
2020-08-12,2020,8,Q3,Organic Search,0,0,0.0
2020-08-12,2020,8,Q3,Social Media,8551,154,336.95
2020-08-12,2020,8,Q3,Email Campaign,4173,188,112.07
2020-08-12,2020,8,Q3,Paid Ad,13471,162,546.57
2020-08-12,2020,8,Q3,Direct,0,0,0.0
2020-08-12,2020,8,Q3,Referral,0,0,0.0
2020-08-13,2020,8,Q3,Organic Search,0,0,0.0
2020-08-13,2020,8,Q3,Social Media,8255,149,324.9
2020-08-13,2020,8,Q3,Email Campaign,3915,176,105.23
2020-08-13,2020,8,Q3,Paid Ad,17303,208,702.26
2020-08-13,2020,8,Q3,Direct,0,0,0.0
2020-08-13,2020,8,Q3,Referral,0,0,0.0
2020-08-14,2020,8,Q3,Organic Search,0,0,0.0
2020-08-14,2020,8,Q3,Social Media,9465,170,372.39
2020-08-14,2020,8,Q3,Email Campaign,4743,213,127.22
2020-08-14,2020,8,Q3,Paid Ad,16053,193,651.48
2020-08-14,2020,8,Q3,Direct,0,0,0.0
2020-08-14,2020,8,Q3,Referral,0,0,0.0
2020-08-15,2020,8,Q3,Organic Search,0,0,0.0
2020-08-15,2020,8,Q3,Social Media,9196,166,362.44
2020-08-15,2020,8,Q3,Email Campaign,4743,213,127.22
2020-08-15,2020,8,Q3,Paid Ad,18150,218,736.06
2020-08-15,2020,8,Q3,Direct,0,0,0.0
2020-08-15,2020,8,Q3,Referral,0,0,0.0
2020-08-16,2020,8,Q3,Organic Search,0,0,0.0
2020-08-16,2020,8,Q3,Social Media,9142,165,359.46
2020-08-16,2020,8,Q3,Email Campaign,5227,235,140.38
2020-08-16,2020,8,Q3,Paid Ad,17142,206,694.71
2020-08-16,2020,8,Q3,Direct,0,0,0.0
2020-08-16,2020,8,Q3,Referral,0,0,0.0
2020-08-17,2020,8,Q3,Organic Search,0,0,0.0
2020-08-17,2020,8,Q3,Social Media,8524,153,336.08
2020-08-17,2020,8,Q3,Email Campaign,4550,205,122.05
2020-08-17,2020,8,Q3,Paid Ad,15730,189,637.8
2020-08-17,2020,8,Q3,Direct,0,0,0.0
2020-08-17,2020,8,Q3,Referral,0,0,0.0
2020-08-18,2020,8,Q3,Organic Search,0,0,0.0
2020-08-18,2020,8,Q3,Social Media,8551,154,336.44
2020-08-18,2020,8,Q3,Email Campaign,4700,212,126.18
2020-08-18,2020,8,Q3,Paid Ad,13875,166,562.64
2020-08-18,2020,8,Q3,Direct,0,0,0.0
2020-08-18,2020,8,Q3,Referral,0,0,0.0
2020-08-19,2020,8,Q3,Organic Search,0,0,0.0
2020-08-19,2020,8,Q3,Social Media,9223,166,363.52
2020-08-19,2020,8,Q3,Email Campaign,4507,203,120.97
2020-08-19,2020,8,Q3,Paid Ad,14802,178,600.69
2020-08-19,2020,8,Q3,Direct,0,0,0.0
2020-08-19,2020,8,Q3,Referral,0,0,0.0
2020-08-20,2020,8,Q3,Organic Search,0,0,0.0
2020-08-20,2020,8,Q3,Social Media,9035,163,355.49
2020-08-20,2020,8,Q3,Email Campaign,3872,174,103.91
2020-08-20,2020,8,Q3,Paid Ad,16295,196,661.46
2020-08-20,2020,8,Q3,Direct,0,0,0.0
2020-08-20,2020,8,Q3,Referral,0,0,0.0
2020-08-21,2020,8,Q3,Organic Search,0,0,0.0
2020-08-21,2020,8,Q3,Social Media,8658,156,341.33
2020-08-21,2020,8,Q3,Email Campaign,4119,185,110.67
2020-08-21,2020,8,Q3,Paid Ad,16456,197,667.62
2020-08-21,2020,8,Q3,Direct,0,0,0.0
2020-08-21,2020,8,Q3,Referral,0,0,0.0
2020-08-22,2020,8,Q3,Organic Search,0,0,0.0
2020-08-22,2020,8,Q3,Social Media,9545,172,375.97
2020-08-22,2020,8,Q3,Email Campaign,4388,197,117.87
2020-08-22,2020,8,Q3,Paid Ad,15286,183,620.1
2020-08-22,2020,8,Q3,Direct,0,0,0.0
2020-08-22,2020,8,Q3,Referral,0,0,0.0
2020-08-23,2020,8,Q3,Organic Search,0,0,0.0
2020-08-23,2020,8,Q3,Social Media,10621,191,417.76
2020-08-23,2020,8,Q3,Email Campaign,4442,200,119.18
2020-08-23,2020,8,Q3,Paid Ad,19925,239,807.77
2020-08-23,2020,8,Q3,Direct,0,0,0.0
2020-08-23,2020,8,Q3,Referral,0,0,0.0
2020-08-24,2020,8,Q3,Organic Search,0,0,0.0
2020-08-24,2020,8,Q3,Social Media,7341,132,288.75
2020-08-24,2020,8,Q3,Email Campaign,4883,220,131.15
2020-08-24,2020,8,Q3,Paid Ad,15448,185,626.3
2020-08-24,2020,8,Q3,Direct,0,0,0.0
2020-08-24,2020,8,Q3,Referral,0,0,0.0
2020-08-25,2020,8,Q3,Organic Search,0,0,0.0
2020-08-25,2020,8,Q3,Social Media,8739,157,343.79
2020-08-25,2020,8,Q3,Email Campaign,4119,185,110.44
2020-08-25,2020,8,Q3,Paid Ad,15649,188,635.61
2020-08-25,2020,8,Q3,Direct,0,0,0.0
2020-08-25,2020,8,Q3,Referral,0,0,0.0
2020-08-26,2020,8,Q3,Organic Search,0,0,0.0
2020-08-26,2020,8,Q3,Social Media,8766,158,345.42
2020-08-26,2020,8,Q3,Email Campaign,4679,211,125.71
2020-08-26,2020,8,Q3,Paid Ad,15327,184,621.53
2020-08-26,2020,8,Q3,Direct,0,0,0.0
2020-08-26,2020,8,Q3,Referral,0,0,0.0
2020-08-27,2020,8,Q3,Organic Search,0,0,0.0
2020-08-27,2020,8,Q3,Social Media,8900,160,350.63
2020-08-27,2020,8,Q3,Email Campaign,4173,188,112.11
2020-08-27,2020,8,Q3,Paid Ad,15125,182,613.1
2020-08-27,2020,8,Q3,Direct,0,0,0.0
2020-08-27,2020,8,Q3,Referral,0,0,0.0
2020-08-28,2020,8,Q3,Organic Search,0,0,0.0
2020-08-28,2020,8,Q3,Social Media,9008,162,354.97
2020-08-28,2020,8,Q3,Email Campaign,3711,167,99.7
2020-08-28,2020,8,Q3,Paid Ad,13552,163,549.51
2020-08-28,2020,8,Q3,Direct,0,0,0.0
2020-08-28,2020,8,Q3,Referral,0,0,0.0
2020-08-29,2020,8,Q3,Organic Search,0,0,0.0
2020-08-29,2020,8,Q3,Social Media,10729,193,422.14
2020-08-29,2020,8,Q3,Email Campaign,5012,226,134.61
2020-08-29,2020,8,Q3,Paid Ad,17222,207,697.89
2020-08-29,2020,8,Q3,Direct,0,0,0.0
2020-08-29,2020,8,Q3,Referral,0,0,0.0
2020-08-30,2020,8,Q3,Organic Search,0,0,0.0
2020-08-30,2020,8,Q3,Social Media,10137,182,399.03
2020-08-30,2020,8,Q3,Email Campaign,5087,229,136.52
2020-08-30,2020,8,Q3,Paid Ad,16698,200,677.72
2020-08-30,2020,8,Q3,Direct,0,0,0.0
2020-08-30,2020,8,Q3,Referral,0,0,0.0
2020-08-31,2020,8,Q3,Organic Search,0,0,0.0
2020-08-31,2020,8,Q3,Social Media,8255,149,324.86
2020-08-31,2020,8,Q3,Email Campaign,4367,197,117.28
2020-08-31,2020,8,Q3,Paid Ad,13996,168,567.73
2020-08-31,2020,8,Q3,Direct,0,0,0.0
2020-08-31,2020,8,Q3,Referral,0,0,0.0
2020-09-01,2020,9,Q3,Organic Search,0,0,0.0
2020-09-01,2020,9,Q3,Social Media,9089,164,357.79
2020-09-01,2020,9,Q3,Email Campaign,3721,167,99.78
2020-09-01,2020,9,Q3,Paid Ad,16416,197,666.63
2020-09-01,2020,9,Q3,Direct,0,0,0.0
2020-09-01,2020,9,Q3,Referral,0,0,0.0
2020-09-02,2020,9,Q3,Organic Search,0,0,0.0
2020-09-02,2020,9,Q3,Social Media,9142,165,359.58
2020-09-02,2020,9,Q3,Email Campaign,4388,197,117.87
2020-09-02,2020,9,Q3,Paid Ad,16375,197,664.36
2020-09-02,2020,9,Q3,Direct,0,0,0.0
2020-09-02,2020,9,Q3,Referral,0,0,0.0
2020-09-03,2020,9,Q3,Organic Search,0,0,0.0
2020-09-03,2020,9,Q3,Social Media,9976,180,392.63
2020-09-03,2020,9,Q3,Email Campaign,4646,209,124.87
2020-09-03,2020,9,Q3,Paid Ad,12947,155,525.21
2020-09-03,2020,9,Q3,Direct,0,0,0.0
2020-09-03,2020,9,Q3,Referral,0,0,0.0
2020-09-04,2020,9,Q3,Organic Search,0,0,0.0
2020-09-04,2020,9,Q3,Social Media,7905,142,310.99
2020-09-04,2020,9,Q3,Email Campaign,4087,184,109.72
2020-09-04,2020,9,Q3,Paid Ad,15206,182,617.2
2020-09-04,2020,9,Q3,Direct,0,0,0.0
2020-09-04,2020,9,Q3,Referral,0,0,0.0
2020-09-05,2020,9,Q3,Organic Search,0,0,0.0
2020-09-05,2020,9,Q3,Social Media,10541,190,414.94
2020-09-05,2020,9,Q3,Email Campaign,4657,210,125.11
2020-09-05,2020,9,Q3,Paid Ad,17706,212,718.88
2020-09-05,2020,9,Q3,Direct,0,0,0.0
2020-09-05,2020,9,Q3,Referral,0,0,0.0
2020-09-06,2020,9,Q3,Organic Search,0,0,0.0
2020-09-06,2020,9,Q3,Social Media,9519,171,374.34
2020-09-06,2020,9,Q3,Email Campaign,4700,212,126.3
2020-09-06,2020,9,Q3,Paid Ad,15488,186,628.61
2020-09-06,2020,9,Q3,Direct,0,0,0.0
2020-09-06,2020,9,Q3,Referral,0,0,0.0
2020-09-07,2020,9,Q3,Organic Search,0,0,0.0
2020-09-07,2020,9,Q3,Social Media,8147,147,320.89
2020-09-07,2020,9,Q3,Email Campaign,3840,173,103.0
2020-09-07,2020,9,Q3,Paid Ad,13996,168,567.85
2020-09-07,2020,9,Q3,Direct,0,0,0.0
2020-09-07,2020,9,Q3,Referral,0,0,0.0
2020-09-08,2020,9,Q3,Organic Search,0,0,0.0
2020-09-08,2020,9,Q3,Social Media,9545,172,375.65
2020-09-08,2020,9,Q3,Email Campaign,3979,179,106.7
2020-09-08,2020,9,Q3,Paid Ad,18392,221,745.65
2020-09-08,2020,9,Q3,Direct,0,0,0.0
2020-09-08,2020,9,Q3,Referral,0,0,0.0
2020-09-09,2020,9,Q3,Organic Search,0,0,0.0
2020-09-09,2020,9,Q3,Social Media,9142,165,360.14
2020-09-09,2020,9,Q3,Email Campaign,4367,197,117.2
2020-09-09,2020,9,Q3,Paid Ad,14157,170,573.65
2020-09-09,2020,9,Q3,Direct,0,0,0.0
2020-09-09,2020,9,Q3,Referral,0,0,0.0
2020-09-10,2020,9,Q3,Organic Search,0,0,0.0
2020-09-10,2020,9,Q3,Social Media,9303,167,365.86
2020-09-10,2020,9,Q3,Email Campaign,4109,185,110.16
2020-09-10,2020,9,Q3,Paid Ad,15327,184,621.93
2020-09-10,2020,9,Q3,Direct,0,0,0.0
2020-09-10,2020,9,Q3,Referral,0,0,0.0
2020-09-11,2020,9,Q3,Organic Search,0,0,0.0
2020-09-11,2020,9,Q3,Social Media,10594,191,417.44
2020-09-11,2020,9,Q3,Email Campaign,4270,192,114.61
2020-09-11,2020,9,Q3,Paid Ad,16577,199,672.55
2020-09-11,2020,9,Q3,Direct,0,0,0.0
2020-09-11,2020,9,Q3,Referral,0,0,0.0
2020-09-12,2020,9,Q3,Organic Search,0,0,0.0
2020-09-12,2020,9,Q3,Social Media,9545,172,376.01
2020-09-12,2020,9,Q3,Email Campaign,4937,222,132.43
2020-09-12,2020,9,Q3,Paid Ad,19925,239,808.64
2020-09-12,2020,9,Q3,Direct,0,0,0.0
2020-09-12,2020,9,Q3,Referral,0,0,0.0
2020-09-13,2020,9,Q3,Organic Search,0,0,0.0
2020-09-13,2020,9,Q3,Social Media,9599,173,378.43
2020-09-13,2020,9,Q3,Email Campaign,5668,255,152.07
2020-09-13,2020,9,Q3,Paid Ad,18432,221,748.43
2020-09-13,2020,9,Q3,Direct,0,0,0.0
2020-09-13,2020,9,Q3,Referral,0,0,0.0
2020-09-14,2020,9,Q3,Organic Search,0,0,0.0
2020-09-14,2020,9,Q3,Social Media,8416,151,330.87
2020-09-14,2020,9,Q3,Email Campaign,4517,203,121.33
2020-09-14,2020,9,Q3,Paid Ad,16375,197,663.85
2020-09-14,2020,9,Q3,Direct,0,0,0.0
2020-09-14,2020,9,Q3,Referral,0,0,0.0
2020-09-15,2020,9,Q3,Organic Search,0,0,0.0
2020-09-15,2020,9,Q3,Social Media,9250,166,363.68
2020-09-15,2020,9,Q3,Email Campaign,3765,169,100.97
2020-09-15,2020,9,Q3,Paid Ad,14318,172,580.09
2020-09-15,2020,9,Q3,Direct,0,0,0.0
2020-09-15,2020,9,Q3,Referral,0,0,0.0
2020-09-16,2020,9,Q3,Organic Search,0,0,0.0
2020-09-16,2020,9,Q3,Social Media,8631,155,339.62
2020-09-16,2020,9,Q3,Email Campaign,4280,193,114.81
2020-09-16,2020,9,Q3,Paid Ad,15932,191,646.51
2020-09-16,2020,9,Q3,Direct,0,0,0.0
2020-09-16,2020,9,Q3,Referral,0,0,0.0
2020-09-17,2020,9,Q3,Organic Search,0,0,0.0
2020-09-17,2020,9,Q3,Social Media,8927,161,351.39
2020-09-17,2020,9,Q3,Email Campaign,3840,173,103.16
2020-09-17,2020,9,Q3,Paid Ad,15649,188,634.66
2020-09-17,2020,9,Q3,Direct,0,0,0.0
2020-09-17,2020,9,Q3,Referral,0,0,0.0
2020-09-18,2020,9,Q3,Organic Search,0,0,0.0
2020-09-18,2020,9,Q3,Social Media,9223,166,363.36
2020-09-18,2020,9,Q3,Email Campaign,4496,202,120.66
2020-09-18,2020,9,Q3,Paid Ad,16496,198,669.17
2020-09-18,2020,9,Q3,Direct,0,0,0.0
2020-09-18,2020,9,Q3,Referral,0,0,0.0
2020-09-19,2020,9,Q3,Organic Search,0,0,0.0
2020-09-19,2020,9,Q3,Social Media,10783,194,425.0
2020-09-19,2020,9,Q3,Email Campaign,5130,231,137.68
2020-09-19,2020,9,Q3,Paid Ad,17384,209,704.33
2020-09-19,2020,9,Q3,Direct,0,0,0.0
2020-09-19,2020,9,Q3,Referral,0,0,0.0
2020-09-20,2020,9,Q3,Organic Search,0,0,0.0
2020-09-20,2020,9,Q3,Social Media,8766,158,345.46
2020-09-20,2020,9,Q3,Email Campaign,5120,230,137.36
2020-09-20,2020,9,Q3,Paid Ad,17747,213,720.08
2020-09-20,2020,9,Q3,Direct,0,0,0.0
2020-09-20,2020,9,Q3,Referral,0,0,0.0
2020-09-21,2020,9,Q3,Organic Search,0,0,0.0
2020-09-21,2020,9,Q3,Social Media,8981,162,353.97
2020-09-21,2020,9,Q3,Email Campaign,3861,174,103.67
2020-09-21,2020,9,Q3,Paid Ad,13875,166,562.64
2020-09-21,2020,9,Q3,Direct,0,0,0.0
2020-09-21,2020,9,Q3,Referral,0,0,0.0
2020-09-22,2020,9,Q3,Organic Search,0,0,0.0
2020-09-22,2020,9,Q3,Social Media,9545,172,375.65
2020-09-22,2020,9,Q3,Email Campaign,4292,193,115.13
2020-09-22,2020,9,Q3,Paid Ad,16012,192,649.53
2020-09-22,2020,9,Q3,Direct,0,0,0.0
2020-09-22,2020,9,Q3,Referral,0,0,0.0
2020-09-23,2020,9,Q3,Organic Search,0,0,0.0
2020-09-23,2020,9,Q3,Social Media,8819,159,347.25
2020-09-23,2020,9,Q3,Email Campaign,4313,194,115.76
2020-09-23,2020,9,Q3,Paid Ad,16335,196,662.18
2020-09-23,2020,9,Q3,Direct,0,0,0.0
2020-09-23,2020,9,Q3,Referral,0,0,0.0
2020-09-24,2020,9,Q3,Organic Search,0,0,0.0
2020-09-24,2020,9,Q3,Social Media,8443,152,332.14
2020-09-24,2020,9,Q3,Email Campaign,4335,195,116.36
2020-09-24,2020,9,Q3,Paid Ad,14641,176,593.14
2020-09-24,2020,9,Q3,Direct,0,0,0.0
2020-09-24,2020,9,Q3,Referral,0,0,0.0
2020-09-25,2020,9,Q3,Organic Search,0,0,0.0
2020-09-25,2020,9,Q3,Social Media,8497,153,334.41
2020-09-25,2020,9,Q3,Email Campaign,4195,189,112.62
2020-09-25,2020,9,Q3,Paid Ad,15448,185,626.86
2020-09-25,2020,9,Q3,Direct,0,0,0.0
2020-09-25,2020,9,Q3,Referral,0,0,0.0
2020-09-26,2020,9,Q3,Organic Search,0,0,0.0
2020-09-26,2020,9,Q3,Social Media,9734,175,383.16
2020-09-26,2020,9,Q3,Email Campaign,5442,245,146.15
2020-09-26,2020,9,Q3,Paid Ad,16214,195,657.6
2020-09-26,2020,9,Q3,Direct,0,0,0.0
2020-09-26,2020,9,Q3,Referral,0,0,0.0
2020-09-27,2020,9,Q3,Organic Search,0,0,0.0
2020-09-27,2020,9,Q3,Social Media,9976,180,392.47
2020-09-27,2020,9,Q3,Email Campaign,4776,215,128.13
2020-09-27,2020,9,Q3,Paid Ad,19481,234,790.31
2020-09-27,2020,9,Q3,Direct,0,0,0.0
2020-09-27,2020,9,Q3,Referral,0,0,0.0
2020-09-28,2020,9,Q3,Organic Search,0,0,0.0
2020-09-28,2020,9,Q3,Social Media,8927,161,351.91
2020-09-28,2020,9,Q3,Email Campaign,4657,210,125.03
2020-09-28,2020,9,Q3,Paid Ad,13391,161,542.71
2020-09-28,2020,9,Q3,Direct,0,0,0.0
2020-09-28,2020,9,Q3,Referral,0,0,0.0
2020-09-29,2020,9,Q3,Organic Search,0,0,0.0
2020-09-29,2020,9,Q3,Social Media,8981,162,353.85
2020-09-29,2020,9,Q3,Email Campaign,4603,207,123.72
2020-09-29,2020,9,Q3,Paid Ad,15286,183,619.98
2020-09-29,2020,9,Q3,Direct,0,0,0.0
2020-09-29,2020,9,Q3,Referral,0,0,0.0
2020-09-30,2020,9,Q3,Organic Search,0,0,0.0
2020-09-30,2020,9,Q3,Social Media,9545,172,375.97
2020-09-30,2020,9,Q3,Email Campaign,4119,185,110.71
2020-09-30,2020,9,Q3,Paid Ad,16900,203,685.36
2020-09-30,2020,9,Q3,Direct,0,0,0.0
2020-09-30,2020,9,Q3,Referral,0,0,0.0
2020-10-01,2020,10,Q4,Organic Search,0,0,0.0
2020-10-01,2020,10,Q4,Social Media,10406,187,410.17
2020-10-01,2020,10,Q4,Email Campaign,4173,188,112.15
2020-10-01,2020,10,Q4,Paid Ad,14641,176,593.97
2020-10-01,2020,10,Q4,Direct,0,0,0.0
2020-10-01,2020,10,Q4,Referral,0,0,0.0
2020-10-02,2020,10,Q4,Organic Search,0,0,0.0
2020-10-02,2020,10,Q4,Social Media,9815,177,386.74
2020-10-02,2020,10,Q4,Email Campaign,4851,218,130.08
2020-10-02,2020,10,Q4,Paid Ad,14560,175,590.16
2020-10-02,2020,10,Q4,Direct,0,0,0.0
2020-10-02,2020,10,Q4,Referral,0,0,0.0
2020-10-03,2020,10,Q4,Organic Search,0,0,0.0
2020-10-03,2020,10,Q4,Social Media,9787,176,385.03
2020-10-03,2020,10,Q4,Email Campaign,4840,218,129.8
2020-10-03,2020,10,Q4,Paid Ad,15569,187,632.15
2020-10-03,2020,10,Q4,Direct,0,0,0.0
2020-10-03,2020,10,Q4,Referral,0,0,0.0
2020-10-04,2020,10,Q4,Organic Search,0,0,0.0
2020-10-04,2020,10,Q4,Social Media,9384,169,369.17
2020-10-04,2020,10,Q4,Email Campaign,4550,205,122.13
2020-10-04,2020,10,Q4,Paid Ad,16375,197,664.8
2020-10-04,2020,10,Q4,Direct,0,0,0.0
2020-10-04,2020,10,Q4,Referral,0,0,0.0
2020-10-05,2020,10,Q4,Organic Search,0,0,0.0
2020-10-05,2020,10,Q4,Social Media,8766,158,345.5
2020-10-05,2020,10,Q4,Email Campaign,4377,197,117.63
2020-10-05,2020,10,Q4,Paid Ad,17061,205,692.32
2020-10-05,2020,10,Q4,Direct,0,0,0.0
2020-10-05,2020,10,Q4,Referral,0,0,0.0
2020-10-06,2020,10,Q4,Organic Search,0,0,0.0
2020-10-06,2020,10,Q4,Social Media,8093,146,318.78
2020-10-06,2020,10,Q4,Email Campaign,4636,209,124.55
2020-10-06,2020,10,Q4,Paid Ad,14923,179,605.39
2020-10-06,2020,10,Q4,Direct,0,0,0.0
2020-10-06,2020,10,Q4,Referral,0,0,0.0
2020-10-07,2020,10,Q4,Organic Search,0,0,0.0
2020-10-07,2020,10,Q4,Social Media,8766,158,345.11
2020-10-07,2020,10,Q4,Email Campaign,4539,204,121.73
2020-10-07,2020,10,Q4,Paid Ad,13834,166,560.61
2020-10-07,2020,10,Q4,Direct,0,0,0.0
2020-10-07,2020,10,Q4,Referral,0,0,0.0
2020-10-08,2020,10,Q4,Organic Search,0,0,0.0
2020-10-08,2020,10,Q4,Social Media,9061,163,357.08
2020-10-08,2020,10,Q4,Email Campaign,4356,196,117.04
2020-10-08,2020,10,Q4,Paid Ad,15770,189,640.18
2020-10-08,2020,10,Q4,Direct,0,0,0.0
2020-10-08,2020,10,Q4,Referral,0,0,0.0
2020-10-09,2020,10,Q4,Organic Search,0,0,0.0
2020-10-09,2020,10,Q4,Social Media,9008,162,354.45
2020-10-09,2020,10,Q4,Email Campaign,5152,232,138.19
2020-10-09,2020,10,Q4,Paid Ad,14399,173,584.51
2020-10-09,2020,10,Q4,Direct,0,0,0.0
2020-10-09,2020,10,Q4,Referral,0,0,0.0
2020-10-10,2020,10,Q4,Organic Search,0,0,0.0
2020-10-10,2020,10,Q4,Social Media,9680,174,381.49
2020-10-10,2020,10,Q4,Email Campaign,4700,212,126.18
2020-10-10,2020,10,Q4,Paid Ad,16698,200,676.85
2020-10-10,2020,10,Q4,Direct,0,0,0.0
2020-10-10,2020,10,Q4,Referral,0,0,0.0
2020-10-11,2020,10,Q4,Organic Search,0,0,0.0
2020-10-11,2020,10,Q4,Social Media,9599,173,378.11
2020-10-11,2020,10,Q4,Email Campaign,5421,244,145.43
2020-10-11,2020,10,Q4,Paid Ad,19441,233,788.8
2020-10-11,2020,10,Q4,Direct,0,0,0.0
2020-10-11,2020,10,Q4,Referral,0,0,0.0
2020-10-12,2020,10,Q4,Organic Search,0,0,0.0
2020-10-12,2020,10,Q4,Social Media,8389,151,330.63
2020-10-12,2020,10,Q4,Email Campaign,4012,181,107.77
2020-10-12,2020,10,Q4,Paid Ad,15770,189,639.15
2020-10-12,2020,10,Q4,Direct,0,0,0.0
2020-10-12,2020,10,Q4,Referral,0,0,0.0
2020-10-13,2020,10,Q4,Organic Search,0,0,0.0
2020-10-13,2020,10,Q4,Social Media,8416,151,331.15
2020-10-13,2020,10,Q4,Email Campaign,4517,203,121.33
2020-10-13,2020,10,Q4,Paid Ad,15448,185,625.91
2020-10-13,2020,10,Q4,Direct,0,0,0.0
2020-10-13,2020,10,Q4,Referral,0,0,0.0
2020-10-14,2020,10,Q4,Organic Search,0,0,0.0
2020-10-14,2020,10,Q4,Social Media,7744,139,304.42
2020-10-14,2020,10,Q4,Email Campaign,4840,218,129.8
2020-10-14,2020,10,Q4,Paid Ad,17384,209,704.41
2020-10-14,2020,10,Q4,Direct,0,0,0.0
2020-10-14,2020,10,Q4,Referral,0,0,0.0
2020-10-15,2020,10,Q4,Organic Search,0,0,0.0
2020-10-15,2020,10,Q4,Social Media,8363,151,329.48
2020-10-15,2020,10,Q4,Email Campaign,4173,188,111.91
2020-10-15,2020,10,Q4,Paid Ad,15528,186,630.0
2020-10-15,2020,10,Q4,Direct,0,0,0.0
2020-10-15,2020,10,Q4,Referral,0,0,0.0
2020-10-16,2020,10,Q4,Organic Search,0,0,0.0
2020-10-16,2020,10,Q4,Social Media,9035,163,355.72
2020-10-16,2020,10,Q4,Email Campaign,4528,204,121.57
2020-10-16,2020,10,Q4,Paid Ad,17626,212,714.99
2020-10-16,2020,10,Q4,Direct,0,0,0.0
2020-10-16,2020,10,Q4,Referral,0,0,0.0
2020-10-17,2020,10,Q4,Organic Search,0,0,0.0
2020-10-17,2020,10,Q4,Social Media,9976,180,392.79
2020-10-17,2020,10,Q4,Email Campaign,4636,209,124.31
2020-10-17,2020,10,Q4,Paid Ad,15528,186,630.16
2020-10-17,2020,10,Q4,Direct,0,0,0.0
2020-10-17,2020,10,Q4,Referral,0,0,0.0
2020-10-18,2020,10,Q4,Organic Search,0,0,0.0
2020-10-18,2020,10,Q4,Social Media,9519,171,375.13
2020-10-18,2020,10,Q4,Email Campaign,4937,222,132.47
2020-10-18,2020,10,Q4,Paid Ad,19965,240,809.99
2020-10-18,2020,10,Q4,Direct,0,0,0.0
2020-10-18,2020,10,Q4,Referral,0,0,0.0
2020-10-19,2020,10,Q4,Organic Search,0,0,0.0
2020-10-19,2020,10,Q4,Social Media,8443,152,332.1
2020-10-19,2020,10,Q4,Email Campaign,4377,197,117.55
2020-10-19,2020,10,Q4,Paid Ad,15165,182,615.13
2020-10-19,2020,10,Q4,Direct,0,0,0.0
2020-10-19,2020,10,Q4,Referral,0,0,0.0
2020-10-20,2020,10,Q4,Organic Search,0,0,0.0
2020-10-20,2020,10,Q4,Social Media,9626,173,379.39
2020-10-20,2020,10,Q4,Email Campaign,5173,233,138.83
2020-10-20,2020,10,Q4,Paid Ad,14520,174,589.76
2020-10-20,2020,10,Q4,Direct,0,0,0.0
2020-10-20,2020,10,Q4,Referral,0,0,0.0
2020-10-21,2020,10,Q4,Organic Search,0,0,0.0
2020-10-21,2020,10,Q4,Social Media,8443,152,332.9
2020-10-21,2020,10,Q4,Email Campaign,4657,210,125.11
2020-10-21,2020,10,Q4,Paid Ad,16012,192,649.53
2020-10-21,2020,10,Q4,Direct,0,0,0.0
2020-10-21,2020,10,Q4,Referral,0,0,0.0
2020-10-22,2020,10,Q4,Organic Search,0,0,0.0
2020-10-22,2020,10,Q4,Social Media,10110,182,397.64
2020-10-22,2020,10,Q4,Email Campaign,4507,203,120.89
2020-10-22,2020,10,Q4,Paid Ad,14762,177,598.23
2020-10-22,2020,10,Q4,Direct,0,0,0.0
2020-10-22,2020,10,Q4,Referral,0,0,0.0
2020-10-23,2020,10,Q4,Organic Search,0,0,0.0
2020-10-23,2020,10,Q4,Social Media,9223,166,362.84
2020-10-23,2020,10,Q4,Email Campaign,4679,211,125.71
2020-10-23,2020,10,Q4,Paid Ad,16174,194,656.33
2020-10-23,2020,10,Q4,Direct,0,0,0.0
2020-10-23,2020,10,Q4,Referral,0,0,0.0
2020-10-24,2020,10,Q4,Organic Search,0,0,0.0
2020-10-24,2020,10,Q4,Social Media,10541,190,414.58
2020-10-24,2020,10,Q4,Email Campaign,5367,242,144.16
2020-10-24,2020,10,Q4,Paid Ad,19078,229,774.56
2020-10-24,2020,10,Q4,Direct,0,0,0.0
2020-10-24,2020,10,Q4,Referral,0,0,0.0
2020-10-25,2020,10,Q4,Organic Search,0,0,0.0
2020-10-25,2020,10,Q4,Social Media,11239,202,442.5
2020-10-25,2020,10,Q4,Email Campaign,5206,234,139.7
2020-10-25,2020,10,Q4,Paid Ad,17222,207,698.84
2020-10-25,2020,10,Q4,Direct,0,0,0.0
2020-10-25,2020,10,Q4,Referral,0,0,0.0
2020-10-26,2020,10,Q4,Organic Search,0,0,0.0
2020-10-26,2020,10,Q4,Social Media,8900,160,350.51
2020-10-26,2020,10,Q4,Email Campaign,4722,212,126.62
2020-10-26,2020,10,Q4,Paid Ad,14197,170,575.68
2020-10-26,2020,10,Q4,Direct,0,0,0.0
2020-10-26,2020,10,Q4,Referral,0,0,0.0
2020-10-27,2020,10,Q4,Organic Search,0,0,0.0
2020-10-27,2020,10,Q4,Social Media,9061,163,356.68
2020-10-27,2020,10,Q4,Email Campaign,4162,187,111.87
2020-10-27,2020,10,Q4,Paid Ad,15206,182,617.36
2020-10-27,2020,10,Q4,Direct,0,0,0.0
2020-10-27,2020,10,Q4,Referral,0,0,0.0
2020-10-28,2020,10,Q4,Organic Search,0,0,0.0
2020-10-28,2020,10,Q4,Social Media,9707,175,381.89
2020-10-28,2020,10,Q4,Email Campaign,4367,197,117.28
2020-10-28,2020,10,Q4,Paid Ad,15246,183,618.23
2020-10-28,2020,10,Q4,Direct,0,0,0.0
2020-10-28,2020,10,Q4,Referral,0,0,0.0
2020-10-29,2020,10,Q4,Organic Search,0,0,0.0
2020-10-29,2020,10,Q4,Social Media,7851,141,308.76
2020-10-29,2020,10,Q4,Email Campaign,4560,205,122.37
2020-10-29,2020,10,Q4,Paid Ad,15972,192,647.74
2020-10-29,2020,10,Q4,Direct,0,0,0.0
2020-10-29,2020,10,Q4,Referral,0,0,0.0
2020-10-30,2020,10,Q4,Organic Search,0,0,0.0
2020-10-30,2020,10,Q4,Social Media,10325,186,406.43
2020-10-30,2020,10,Q4,Email Campaign,4195,189,112.62
2020-10-30,2020,10,Q4,Paid Ad,15448,185,626.74
2020-10-30,2020,10,Q4,Direct,0,0,0.0
2020-10-30,2020,10,Q4,Referral,0,0,0.0
2020-10-31,2020,10,Q4,Organic Search,0,0,0.0
2020-10-31,2020,10,Q4,Social Media,10325,186,406.39
2020-10-31,2020,10,Q4,Email Campaign,5571,251,149.57
2020-10-31,2020,10,Q4,Paid Ad,17343,208,702.9
2020-10-31,2020,10,Q4,Direct,0,0,0.0
2020-10-31,2020,10,Q4,Referral,0,0,0.0
2020-11-01,2020,11,Q4,Organic Search,0,0,0.0
2020-11-01,2020,11,Q4,Social Media,15004,270,590.63
2020-11-01,2020,11,Q4,Email Campaign,7518,338,201.94
2020-11-01,2020,11,Q4,Paid Ad,25692,308,1042.4
2020-11-01,2020,11,Q4,Direct,0,0,0.0
2020-11-01,2020,11,Q4,Referral,0,0,0.0
2020-11-02,2020,11,Q4,Organic Search,0,0,0.0
2020-11-02,2020,11,Q4,Social Media,12315,222,484.41
2020-11-02,2020,11,Q4,Email Campaign,6335,285,170.05
2020-11-02,2020,11,Q4,Paid Ad,23918,287,969.78
2020-11-02,2020,11,Q4,Direct,0,0,0.0
2020-11-02,2020,11,Q4,Referral,0,0,0.0
2020-11-03,2020,11,Q4,Organic Search,0,0,0.0
2020-11-03,2020,11,Q4,Social Media,11723,211,461.11
2020-11-03,2020,11,Q4,Email Campaign,6303,284,169.25
2020-11-03,2020,11,Q4,Paid Ad,20772,249,843.08
2020-11-03,2020,11,Q4,Direct,0,0,0.0
2020-11-03,2020,11,Q4,Referral,0,0,0.0
2020-11-04,2020,11,Q4,Organic Search,0,0,0.0
2020-11-04,2020,11,Q4,Social Media,13982,252,550.39
2020-11-04,2020,11,Q4,Email Campaign,5475,246,147.06
2020-11-04,2020,11,Q4,Paid Ad,21014,252,853.14
2020-11-04,2020,11,Q4,Direct,0,0,0.0
2020-11-04,2020,11,Q4,Referral,0,0,0.0
2020-11-05,2020,11,Q4,Organic Search,0,0,0.0
2020-11-05,2020,11,Q4,Social Media,13149,237,517.54
2020-11-05,2020,11,Q4,Email Campaign,7023,316,188.42
2020-11-05,2020,11,Q4,Paid Ad,21901,263,888.42
2020-11-05,2020,11,Q4,Direct,0,0,0.0
2020-11-05,2020,11,Q4,Referral,0,0,0.0
2020-11-06,2020,11,Q4,Organic Search,0,0,0.0
2020-11-06,2020,11,Q4,Social Media,12181,219,480.04
2020-11-06,2020,11,Q4,Email Campaign,7174,323,192.64
2020-11-06,2020,11,Q4,Paid Ad,19481,234,789.63
2020-11-06,2020,11,Q4,Direct,0,0,0.0
2020-11-06,2020,11,Q4,Referral,0,0,0.0
2020-11-07,2020,11,Q4,Organic Search,0,0,0.0
2020-11-07,2020,11,Q4,Social Media,12100,218,476.1
2020-11-07,2020,11,Q4,Email Campaign,7421,334,199.36
2020-11-07,2020,11,Q4,Paid Ad,24321,292,985.81
2020-11-07,2020,11,Q4,Direct,0,0,0.0
2020-11-07,2020,11,Q4,Referral,0,0,0.0
2020-11-08,2020,11,Q4,Organic Search,0,0,0.0
2020-11-08,2020,11,Q4,Social Media,13471,242,530.5
2020-11-08,2020,11,Q4,Email Campaign,7583,341,203.49
2020-11-08,2020,11,Q4,Paid Ad,25813,310,1047.09
2020-11-08,2020,11,Q4,Direct,0,0,0.0
2020-11-08,2020,11,Q4,Referral,0,0,0.0
2020-11-09,2020,11,Q4,Organic Search,0,0,0.0
2020-11-09,2020,11,Q4,Social Media,12181,219,479.68
2020-11-09,2020,11,Q4,Email Campaign,5604,252,150.32
2020-11-09,2020,11,Q4,Paid Ad,23555,283,955.42
2020-11-09,2020,11,Q4,Direct,0,0,0.0
2020-11-09,2020,11,Q4,Referral,0,0,0.0
2020-11-10,2020,11,Q4,Organic Search,0,0,0.0
2020-11-10,2020,11,Q4,Social Media,13417,242,528.52
2020-11-10,2020,11,Q4,Email Campaign,6185,278,166.11
2020-11-10,2020,11,Q4,Paid Ad,25289,303,1025.02
2020-11-10,2020,11,Q4,Direct,0,0,0.0
2020-11-10,2020,11,Q4,Referral,0,0,0.0
2020-11-11,2020,11,Q4,Organic Search,0,0,0.0
2020-11-11,2020,11,Q4,Social Media,11670,210,459.36
2020-11-11,2020,11,Q4,Email Campaign,5475,246,147.02
2020-11-11,2020,11,Q4,Paid Ad,20812,250,843.68
2020-11-11,2020,11,Q4,Direct,0,0,0.0
2020-11-11,2020,11,Q4,Referral,0,0,0.0
2020-11-12,2020,11,Q4,Organic Search,0,0,0.0
2020-11-12,2020,11,Q4,Social Media,12719,229,500.52
2020-11-12,2020,11,Q4,Email Campaign,6356,286,170.72
2020-11-12,2020,11,Q4,Paid Ad,21578,259,875.85
2020-11-12,2020,11,Q4,Direct,0,0,0.0
2020-11-12,2020,11,Q4,Referral,0,0,0.0
2020-11-13,2020,11,Q4,Organic Search,0,0,0.0
2020-11-13,2020,11,Q4,Social Media,13122,236,516.51
2020-11-13,2020,11,Q4,Email Campaign,5614,253,150.68
2020-11-13,2020,11,Q4,Paid Ad,24563,295,996.23
2020-11-13,2020,11,Q4,Direct,0,0,0.0
2020-11-13,2020,11,Q4,Referral,0,0,0.0
2020-11-14,2020,11,Q4,Organic Search,0,0,0.0
2020-11-14,2020,11,Q4,Social Media,14574,262,573.93
2020-11-14,2020,11,Q4,Email Campaign,7820,352,209.78
2020-11-14,2020,11,Q4,Paid Ad,26015,312,1055.2
2020-11-14,2020,11,Q4,Direct,0,0,0.0
2020-11-14,2020,11,Q4,Referral,0,0,0.0
2020-11-15,2020,11,Q4,Organic Search,0,0,0.0
2020-11-15,2020,11,Q4,Social Media,15219,274,598.83
2020-11-15,2020,11,Q4,Email Campaign,7497,337,201.34
2020-11-15,2020,11,Q4,Paid Ad,26217,315,1063.83
2020-11-15,2020,11,Q4,Direct,0,0,0.0
2020-11-15,2020,11,Q4,Referral,0,0,0.0
2020-11-16,2020,11,Q4,Organic Search,0,0,0.0
2020-11-16,2020,11,Q4,Social Media,13417,242,528.2
2020-11-16,2020,11,Q4,Email Campaign,6905,311,185.24
2020-11-16,2020,11,Q4,Paid Ad,22345,268,907.11
2020-11-16,2020,11,Q4,Direct,0,0,0.0
2020-11-16,2020,11,Q4,Referral,0,0,0.0
2020-11-17,2020,11,Q4,Organic Search,0,0,0.0
2020-11-17,2020,11,Q4,Social Media,13471,242,530.86
2020-11-17,2020,11,Q4,Email Campaign,6195,279,166.27
2020-11-17,2020,11,Q4,Paid Ad,24563,295,995.99
2020-11-17,2020,11,Q4,Direct,0,0,0.0
2020-11-17,2020,11,Q4,Referral,0,0,0.0
2020-11-18,2020,11,Q4,Organic Search,0,0,0.0
2020-11-18,2020,11,Q4,Social Media,12073,217,475.19
2020-11-18,2020,11,Q4,Email Campaign,7142,321,191.56
2020-11-18,2020,11,Q4,Paid Ad,21941,263,890.2
2020-11-18,2020,11,Q4,Direct,0,0,0.0
2020-11-18,2020,11,Q4,Referral,0,0,0.0
2020-11-19,2020,11,Q4,Organic Search,0,0,0.0
2020-11-19,2020,11,Q4,Social Media,11293,203,444.88
2020-11-19,2020,11,Q4,Email Campaign,6303,284,169.17
2020-11-19,2020,11,Q4,Paid Ad,20812,250,844.43
2020-11-19,2020,11,Q4,Direct,0,0,0.0
2020-11-19,2020,11,Q4,Referral,0,0,0.0
2020-11-20,2020,11,Q4,Organic Search,0,0,0.0
2020-11-20,2020,11,Q4,Social Media,13606,245,536.15
2020-11-20,2020,11,Q4,Email Campaign,5915,266,158.71
2020-11-20,2020,11,Q4,Paid Ad,21215,255,861.21
2020-11-20,2020,11,Q4,Direct,0,0,0.0
2020-11-20,2020,11,Q4,Referral,0,0,0.0
2020-11-21,2020,11,Q4,Organic Search,0,0,0.0
2020-11-21,2020,11,Q4,Social Media,12449,224,490.38
2020-11-21,2020,11,Q4,Email Campaign,6916,311,185.6
2020-11-21,2020,11,Q4,Paid Ad,20409,245,827.89
2020-11-21,2020,11,Q4,Direct,0,0,0.0
2020-11-21,2020,11,Q4,Referral,0,0,0.0
2020-11-22,2020,11,Q4,Organic Search,0,0,0.0
2020-11-22,2020,11,Q4,Social Media,12826,231,504.54
2020-11-22,2020,11,Q4,Email Campaign,7615,343,204.29
2020-11-22,2020,11,Q4,Paid Ad,26902,323,1091.63
2020-11-22,2020,11,Q4,Direct,0,0,0.0
2020-11-22,2020,11,Q4,Referral,0,0,0.0
2020-11-23,2020,11,Q4,Organic Search,0,0,0.0
2020-11-23,2020,11,Q4,Social Media,13203,238,519.45
2020-11-23,2020,11,Q4,Email Campaign,5754,259,154.5
2020-11-23,2020,11,Q4,Paid Ad,21941,263,889.69
2020-11-23,2020,11,Q4,Direct,0,0,0.0
2020-11-23,2020,11,Q4,Referral,0,0,0.0
2020-11-24,2020,11,Q4,Organic Search,0,0,0.0
2020-11-24,2020,11,Q4,Social Media,12745,229,502.23
2020-11-24,2020,11,Q4,Email Campaign,5657,255,151.95
2020-11-24,2020,11,Q4,Paid Ad,24684,296,1000.52
2020-11-24,2020,11,Q4,Direct,0,0,0.0
2020-11-24,2020,11,Q4,Referral,0,0,0.0
2020-11-25,2020,11,Q4,Organic Search,0,0,0.0
2020-11-25,2020,11,Q4,Social Media,13659,246,537.62
2020-11-25,2020,11,Q4,Email Campaign,6131,276,164.48
2020-11-25,2020,11,Q4,Paid Ad,22062,265,895.02
2020-11-25,2020,11,Q4,Direct,0,0,0.0
2020-11-25,2020,11,Q4,Referral,0,0,0.0
2020-11-26,2020,11,Q4,Organic Search,0,0,0.0
2020-11-26,2020,11,Q4,Social Media,12961,233,510.74
2020-11-26,2020,11,Q4,Email Campaign,5217,235,140.1
2020-11-26,2020,11,Q4,Paid Ad,21578,259,875.41
2020-11-26,2020,11,Q4,Direct,0,0,0.0
2020-11-26,2020,11,Q4,Referral,0,0,0.0
2020-11-27,2020,11,Q4,Organic Search,0,0,0.0
2020-11-27,2020,11,Q4,Social Media,12073,217,474.95
2020-11-27,2020,11,Q4,Email Campaign,5744,258,154.02
2020-11-27,2020,11,Q4,Paid Ad,21538,258,873.02
2020-11-27,2020,11,Q4,Direct,0,0,0.0
2020-11-27,2020,11,Q4,Referral,0,0,0.0
2020-11-28,2020,11,Q4,Organic Search,0,0,0.0
2020-11-28,2020,11,Q4,Social Media,16779,302,660.82
2020-11-28,2020,11,Q4,Email Campaign,7540,339,202.46
2020-11-28,2020,11,Q4,Paid Ad,24160,290,980.12
2020-11-28,2020,11,Q4,Direct,0,0,0.0
2020-11-28,2020,11,Q4,Referral,0,0,0.0
2020-11-29,2020,11,Q4,Organic Search,0,0,0.0
2020-11-29,2020,11,Q4,Social Media,15353,276,604.19
2020-11-29,2020,11,Q4,Email Campaign,7981,359,214.11
2020-11-29,2020,11,Q4,Paid Ad,27185,326,1103.04
2020-11-29,2020,11,Q4,Direct,0,0,0.0
2020-11-29,2020,11,Q4,Referral,0,0,0.0
2020-11-30,2020,11,Q4,Organic Search,0,0,0.0
2020-11-30,2020,11,Q4,Social Media,12826,231,504.77
2020-11-30,2020,11,Q4,Email Campaign,5915,266,158.79
2020-11-30,2020,11,Q4,Paid Ad,23232,279,942.98
2020-11-30,2020,11,Q4,Direct,0,0,0.0
2020-11-30,2020,11,Q4,Referral,0,0,0.0
2020-12-01,2020,12,Q4,Organic Search,0,0,0.0
2020-12-01,2020,12,Q4,Social Media,13149,237,518.18
2020-12-01,2020,12,Q4,Email Campaign,6690,301,179.43
2020-12-01,2020,12,Q4,Paid Ad,23151,278,938.48
2020-12-01,2020,12,Q4,Direct,0,0,0.0
2020-12-01,2020,12,Q4,Referral,0,0,0.0
2020-12-02,2020,12,Q4,Organic Search,0,0,0.0
2020-12-02,2020,12,Q4,Social Media,13821,249,544.54
2020-12-02,2020,12,Q4,Email Campaign,5969,269,160.26
2020-12-02,2020,12,Q4,Paid Ad,24321,292,987.2
2020-12-02,2020,12,Q4,Direct,0,0,0.0
2020-12-02,2020,12,Q4,Referral,0,0,0.0
2020-12-03,2020,12,Q4,Organic Search,0,0,0.0
2020-12-03,2020,12,Q4,Social Media,12961,233,510.3
2020-12-03,2020,12,Q4,Email Campaign,7271,327,195.26
2020-12-03,2020,12,Q4,Paid Ad,20812,250,843.88
2020-12-03,2020,12,Q4,Direct,0,0,0.0
2020-12-03,2020,12,Q4,Referral,0,0,0.0
2020-12-04,2020,12,Q4,Organic Search,0,0,0.0
2020-12-04,2020,12,Q4,Social Media,14520,261,572.14
2020-12-04,2020,12,Q4,Email Campaign,6335,285,170.13
2020-12-04,2020,12,Q4,Paid Ad,20852,250,846.54
2020-12-04,2020,12,Q4,Direct,0,0,0.0
2020-12-04,2020,12,Q4,Referral,0,0,0.0
2020-12-05,2020,12,Q4,Organic Search,0,0,0.0
2020-12-05,2020,12,Q4,Social Media,14117,254,555.36
2020-12-05,2020,12,Q4,Email Campaign,6991,315,187.66
2020-12-05,2020,12,Q4,Paid Ad,26176,314,1061.92
2020-12-05,2020,12,Q4,Direct,0,0,0.0
2020-12-05,2020,12,Q4,Referral,0,0,0.0
2020-12-06,2020,12,Q4,Organic Search,0,0,0.0
2020-12-06,2020,12,Q4,Social Media,15300,275,601.89
2020-12-06,2020,12,Q4,Email Campaign,6840,308,183.73
2020-12-06,2020,12,Q4,Paid Ad,25289,303,1025.06
2020-12-06,2020,12,Q4,Direct,0,0,0.0
2020-12-06,2020,12,Q4,Referral,0,0,0.0
2020-12-07,2020,12,Q4,Organic Search,0,0,0.0
2020-12-07,2020,12,Q4,Social Media,14950,269,588.45
2020-12-07,2020,12,Q4,Email Campaign,7099,319,190.61
2020-12-07,2020,12,Q4,Paid Ad,22788,273,924.29
2020-12-07,2020,12,Q4,Direct,0,0,0.0
2020-12-07,2020,12,Q4,Referral,0,0,0.0
2020-12-08,2020,12,Q4,Organic Search,0,0,0.0
2020-12-08,2020,12,Q4,Social Media,12799,230,503.9
2020-12-08,2020,12,Q4,Email Campaign,6303,284,169.05
2020-12-08,2020,12,Q4,Paid Ad,23111,277,936.93
2020-12-08,2020,12,Q4,Direct,0,0,0.0
2020-12-08,2020,12,Q4,Referral,0,0,0.0
2020-12-09,2020,12,Q4,Organic Search,0,0,0.0
2020-12-09,2020,12,Q4,Social Media,11723,211,461.27
2020-12-09,2020,12,Q4,Email Campaign,6109,275,164.0
2020-12-09,2020,12,Q4,Paid Ad,19078,229,773.88
2020-12-09,2020,12,Q4,Direct,0,0,0.0
2020-12-09,2020,12,Q4,Referral,0,0,0.0
2020-12-10,2020,12,Q4,Organic Search,0,0,0.0
2020-12-10,2020,12,Q4,Social Media,13175,237,518.41
2020-12-10,2020,12,Q4,Email Campaign,6561,295,176.13
2020-12-10,2020,12,Q4,Paid Ad,21175,254,858.55
2020-12-10,2020,12,Q4,Direct,0,0,0.0
2020-12-10,2020,12,Q4,Referral,0,0,0.0
2020-12-11,2020,12,Q4,Organic Search,0,0,0.0
2020-12-11,2020,12,Q4,Social Media,14359,258,565.62
2020-12-11,2020,12,Q4,Email Campaign,5625,253,151.04
2020-12-11,2020,12,Q4,Paid Ad,19441,233,788.48
2020-12-11,2020,12,Q4,Direct,0,0,0.0
2020-12-11,2020,12,Q4,Referral,0,0,0.0
2020-12-12,2020,12,Q4,Organic Search,0,0,0.0
2020-12-12,2020,12,Q4,Social Media,14950,269,588.09
2020-12-12,2020,12,Q4,Email Campaign,7776,350,208.7
2020-12-12,2020,12,Q4,Paid Ad,28717,345,1165.4
2020-12-12,2020,12,Q4,Direct,0,0,0.0
2020-12-12,2020,12,Q4,Referral,0,0,0.0
2020-12-13,2020,12,Q4,Organic Search,0,0,0.0
2020-12-13,2020,12,Q4,Social Media,14143,255,556.51
2020-12-13,2020,12,Q4,Email Campaign,7798,351,209.18
2020-12-13,2020,12,Q4,Paid Ad,25249,303,1023.9
2020-12-13,2020,12,Q4,Direct,0,0,0.0
2020-12-13,2020,12,Q4,Referral,0,0,0.0
2020-12-14,2020,12,Q4,Organic Search,0,0,0.0
2020-12-14,2020,12,Q4,Social Media,12584,227,495.43
2020-12-14,2020,12,Q4,Email Campaign,6679,301,179.27
2020-12-14,2020,12,Q4,Paid Ad,23151,278,939.68
2020-12-14,2020,12,Q4,Direct,0,0,0.0
2020-12-14,2020,12,Q4,Referral,0,0,0.0
2020-12-15,2020,12,Q4,Organic Search,0,0,0.0
2020-12-15,2020,12,Q4,Social Media,11159,201,439.0
2020-12-15,2020,12,Q4,Email Campaign,6980,314,187.23
2020-12-15,2020,12,Q4,Paid Ad,24442,293,991.69
2020-12-15,2020,12,Q4,Direct,0,0,0.0
2020-12-15,2020,12,Q4,Referral,0,0,0.0
2020-12-16,2020,12,Q4,Organic Search,0,0,0.0
2020-12-16,2020,12,Q4,Social Media,12127,218,477.21
2020-12-16,2020,12,Q4,Email Campaign,6432,289,172.75
2020-12-16,2020,12,Q4,Paid Ad,22869,274,928.38
2020-12-16,2020,12,Q4,Direct,0,0,0.0
2020-12-16,2020,12,Q4,Referral,0,0,0.0
2020-12-17,2020,12,Q4,Organic Search,0,0,0.0
2020-12-17,2020,12,Q4,Social Media,13014,234,512.85
2020-12-17,2020,12,Q4,Email Campaign,5959,268,160.07
2020-12-17,2020,12,Q4,Paid Ad,20852,250,845.11
2020-12-17,2020,12,Q4,Direct,0,0,0.0
2020-12-17,2020,12,Q4,Referral,0,0,0.0
2020-12-18,2020,12,Q4,Organic Search,0,0,0.0
2020-12-18,2020,12,Q4,Social Media,12745,229,501.35
2020-12-18,2020,12,Q4,Email Campaign,6819,307,183.17
2020-12-18,2020,12,Q4,Paid Ad,22990,276,931.92
2020-12-18,2020,12,Q4,Direct,0,0,0.0
2020-12-18,2020,12,Q4,Referral,0,0,0.0
2020-12-19,2020,12,Q4,Organic Search,0,0,0.0
2020-12-19,2020,12,Q4,Social Media,14251,257,560.57
2020-12-19,2020,12,Q4,Email Campaign,7615,343,204.49
2020-12-19,2020,12,Q4,Paid Ad,19562,235,793.01
2020-12-19,2020,12,Q4,Direct,0,0,0.0
2020-12-19,2020,12,Q4,Referral,0,0,0.0
2020-12-20,2020,12,Q4,Organic Search,0,0,0.0
2020-12-20,2020,12,Q4,Social Media,16026,288,630.8
2020-12-20,2020,12,Q4,Email Campaign,6174,278,165.79
2020-12-20,2020,12,Q4,Paid Ad,24603,295,997.26
2020-12-20,2020,12,Q4,Direct,0,0,0.0
2020-12-20,2020,12,Q4,Referral,0,0,0.0
2020-12-21,2020,12,Q4,Organic Search,0,0,0.0
2020-12-21,2020,12,Q4,Social Media,11616,209,457.37
2020-12-21,2020,12,Q4,Email Campaign,5593,252,150.12
2020-12-21,2020,12,Q4,Paid Ad,24079,289,976.02
2020-12-21,2020,12,Q4,Direct,0,0,0.0
2020-12-21,2020,12,Q4,Referral,0,0,0.0
2020-12-22,2020,12,Q4,Organic Search,0,0,0.0
2020-12-22,2020,12,Q4,Social Media,12288,221,483.58
2020-12-22,2020,12,Q4,Email Campaign,6410,288,172.08
2020-12-22,2020,12,Q4,Paid Ad,21941,263,889.73
2020-12-22,2020,12,Q4,Direct,0,0,0.0
2020-12-22,2020,12,Q4,Referral,0,0,0.0
2020-12-23,2020,12,Q4,Organic Search,0,0,0.0
2020-12-23,2020,12,Q4,Social Media,13256,239,521.52
2020-12-23,2020,12,Q4,Email Campaign,6281,283,168.46
2020-12-23,2020,12,Q4,Paid Ad,19763,237,801.44
2020-12-23,2020,12,Q4,Direct,0,0,0.0
2020-12-23,2020,12,Q4,Referral,0,0,0.0
2020-12-24,2020,12,Q4,Organic Search,0,0,0.0
2020-12-24,2020,12,Q4,Social Media,13767,248,542.39
2020-12-24,2020,12,Q4,Email Campaign,5991,270,160.82
2020-12-24,2020,12,Q4,Paid Ad,19279,231,781.88
2020-12-24,2020,12,Q4,Direct,0,0,0.0
2020-12-24,2020,12,Q4,Referral,0,0,0.0
2020-12-25,2020,12,Q4,Organic Search,0,0,0.0
2020-12-25,2020,12,Q4,Social Media,12315,222,485.17
2020-12-25,2020,12,Q4,Email Campaign,6991,315,187.59
2020-12-25,2020,12,Q4,Paid Ad,23514,282,953.83
2020-12-25,2020,12,Q4,Direct,0,0,0.0
2020-12-25,2020,12,Q4,Referral,0,0,0.0
2020-12-26,2020,12,Q4,Organic Search,0,0,0.0
2020-12-26,2020,12,Q4,Social Media,14278,257,561.6
2020-12-26,2020,12,Q4,Email Campaign,6970,314,187.19
2020-12-26,2020,12,Q4,Paid Ad,24684,296,1000.64
2020-12-26,2020,12,Q4,Direct,0,0,0.0
2020-12-26,2020,12,Q4,Referral,0,0,0.0
2020-12-27,2020,12,Q4,Organic Search,0,0,0.0
2020-12-27,2020,12,Q4,Social Media,17101,308,673.71
2020-12-27,2020,12,Q4,Email Campaign,7389,333,198.48
2020-12-27,2020,12,Q4,Paid Ad,26176,314,1062.4
2020-12-27,2020,12,Q4,Direct,0,0,0.0
2020-12-27,2020,12,Q4,Referral,0,0,0.0
2020-12-28,2020,12,Q4,Organic Search,0,0,0.0
2020-12-28,2020,12,Q4,Social Media,13821,249,543.75
2020-12-28,2020,12,Q4,Email Campaign,6356,286,170.64
2020-12-28,2020,12,Q4,Paid Ad,21578,259,874.58
2020-12-28,2020,12,Q4,Direct,0,0,0.0
2020-12-28,2020,12,Q4,Referral,0,0,0.0
2020-12-29,2020,12,Q4,Organic Search,0,0,0.0
2020-12-29,2020,12,Q4,Social Media,12557,226,494.47
2020-12-29,2020,12,Q4,Email Campaign,6206,279,166.51
2020-12-29,2020,12,Q4,Paid Ad,21941,263,890.44
2020-12-29,2020,12,Q4,Direct,0,0,0.0
2020-12-29,2020,12,Q4,Referral,0,0,0.0
2020-12-30,2020,12,Q4,Organic Search,0,0,0.0
2020-12-30,2020,12,Q4,Social Media,13498,243,531.62
2020-12-30,2020,12,Q4,Email Campaign,6260,282,168.14
2020-12-30,2020,12,Q4,Paid Ad,23313,280,945.44
2020-12-30,2020,12,Q4,Direct,0,0,0.0
2020-12-30,2020,12,Q4,Referral,0,0,0.0
2020-12-31,2020,12,Q4,Organic Search,0,0,0.0
2020-12-31,2020,12,Q4,Social Media,12665,228,499.13
2020-12-31,2020,12,Q4,Email Campaign,6281,283,168.5
2020-12-31,2020,12,Q4,Paid Ad,18513,222,750.34
2020-12-31,2020,12,Q4,Direct,0,0,0.0
2020-12-31,2020,12,Q4,Referral,0,0,0.0
2021-01-01,2021,1,Q1,Organic Search,0,0,0.0
2021-01-01,2021,1,Q1,Social Media,8981,162,354.01
2021-01-01,2021,1,Q1,Email Campaign,4205,189,112.98
2021-01-01,2021,1,Q1,Paid Ad,15609,187,633.18
2021-01-01,2021,1,Q1,Direct,0,0,0.0
2021-01-01,2021,1,Q1,Referral,0,0,0.0
2021-01-02,2021,1,Q1,Organic Search,0,0,0.0
2021-01-02,2021,1,Q1,Social Media,7395,133,291.42
2021-01-02,2021,1,Q1,Email Campaign,5496,247,147.54
2021-01-02,2021,1,Q1,Paid Ad,16456,197,666.79
2021-01-02,2021,1,Q1,Direct,0,0,0.0
2021-01-02,2021,1,Q1,Referral,0,0,0.0
2021-01-03,2021,1,Q1,Organic Search,0,0,0.0
2021-01-03,2021,1,Q1,Social Media,10487,189,412.91
2021-01-03,2021,1,Q1,Email Campaign,4313,194,115.92
2021-01-03,2021,1,Q1,Paid Ad,17424,209,707.35
2021-01-03,2021,1,Q1,Direct,0,0,0.0
2021-01-03,2021,1,Q1,Referral,0,0,0.0
2021-01-04,2021,1,Q1,Organic Search,0,0,0.0
2021-01-04,2021,1,Q1,Social Media,7663,138,302.04
2021-01-04,2021,1,Q1,Email Campaign,3893,175,104.47
2021-01-04,2021,1,Q1,Paid Ad,16658,200,676.13
2021-01-04,2021,1,Q1,Direct,0,0,0.0
2021-01-04,2021,1,Q1,Referral,0,0,0.0
2021-01-05,2021,1,Q1,Organic Search,0,0,0.0
2021-01-05,2021,1,Q1,Social Media,8255,149,324.82
2021-01-05,2021,1,Q1,Email Campaign,4162,187,111.87
2021-01-05,2021,1,Q1,Paid Ad,15448,185,627.18
2021-01-05,2021,1,Q1,Direct,0,0,0.0
2021-01-05,2021,1,Q1,Referral,0,0,0.0
2021-01-06,2021,1,Q1,Organic Search,0,0,0.0
2021-01-06,2021,1,Q1,Social Media,8712,157,342.92
2021-01-06,2021,1,Q1,Email Campaign,4141,186,111.27
2021-01-06,2021,1,Q1,Paid Ad,14883,179,603.48
2021-01-06,2021,1,Q1,Direct,0,0,0.0
2021-01-06,2021,1,Q1,Referral,0,0,0.0
2021-01-07,2021,1,Q1,Organic Search,0,0,0.0
2021-01-07,2021,1,Q1,Social Media,9976,180,393.26
2021-01-07,2021,1,Q1,Email Campaign,4076,183,109.44
2021-01-07,2021,1,Q1,Paid Ad,14681,176,595.8
2021-01-07,2021,1,Q1,Direct,0,0,0.0
2021-01-07,2021,1,Q1,Referral,0,0,0.0
2021-01-08,2021,1,Q1,Organic Search,0,0,0.0
2021-01-08,2021,1,Q1,Social Media,9089,164,357.55
2021-01-08,2021,1,Q1,Email Campaign,4453,200,119.66
2021-01-08,2021,1,Q1,Paid Ad,15811,190,642.05
2021-01-08,2021,1,Q1,Direct,0,0,0.0
2021-01-08,2021,1,Q1,Referral,0,0,0.0
2021-01-09,2021,1,Q1,Organic Search,0,0,0.0
2021-01-09,2021,1,Q1,Social Media,10137,182,398.67
2021-01-09,2021,1,Q1,Email Campaign,4280,193,114.89
2021-01-09,2021,1,Q1,Paid Ad,18795,226,762.43
2021-01-09,2021,1,Q1,Direct,0,0,0.0
2021-01-09,2021,1,Q1,Referral,0,0,0.0
2021-01-10,2021,1,Q1,Organic Search,0,0,0.0
2021-01-10,2021,1,Q1,Social Media,8739,157,344.51
2021-01-10,2021,1,Q1,Email Campaign,4829,217,129.48
2021-01-10,2021,1,Q1,Paid Ad,15609,187,633.62
2021-01-10,2021,1,Q1,Direct,0,0,0.0
2021-01-10,2021,1,Q1,Referral,0,0,0.0
2021-01-11,2021,1,Q1,Organic Search,0,0,0.0
2021-01-11,2021,1,Q1,Social Media,8335,150,328.13
2021-01-11,2021,1,Q1,Email Campaign,4205,189,112.82
2021-01-11,2021,1,Q1,Paid Ad,14843,178,601.45
2021-01-11,2021,1,Q1,Direct,0,0,0.0
2021-01-11,2021,1,Q1,Referral,0,0,0.0
2021-01-12,2021,1,Q1,Organic Search,0,0,0.0
2021-01-12,2021,1,Q1,Social Media,8658,156,340.97
2021-01-12,2021,1,Q1,Email Campaign,4625,208,124.12
2021-01-12,2021,1,Q1,Paid Ad,14964,180,607.61
2021-01-12,2021,1,Q1,Direct,0,0,0.0
2021-01-12,2021,1,Q1,Referral,0,0,0.0
2021-01-13,2021,1,Q1,Organic Search,0,0,0.0
2021-01-13,2021,1,Q1,Social Media,8201,148,323.39
2021-01-13,2021,1,Q1,Email Campaign,4410,198,118.43
2021-01-13,2021,1,Q1,Paid Ad,15851,190,642.17
2021-01-13,2021,1,Q1,Direct,0,0,0.0
2021-01-13,2021,1,Q1,Referral,0,0,0.0
2021-01-14,2021,1,Q1,Organic Search,0,0,0.0
2021-01-14,2021,1,Q1,Social Media,7556,136,297.42
2021-01-14,2021,1,Q1,Email Campaign,4292,193,115.21
2021-01-14,2021,1,Q1,Paid Ad,15286,183,619.27
2021-01-14,2021,1,Q1,Direct,0,0,0.0
2021-01-14,2021,1,Q1,Referral,0,0,0.0
2021-01-15,2021,1,Q1,Organic Search,0,0,0.0
2021-01-15,2021,1,Q1,Social Media,8174,147,321.96
2021-01-15,2021,1,Q1,Email Campaign,4550,205,122.05
2021-01-15,2021,1,Q1,Paid Ad,14278,171,579.3
2021-01-15,2021,1,Q1,Direct,0,0,0.0
2021-01-15,2021,1,Q1,Referral,0,0,0.0
2021-01-16,2021,1,Q1,Organic Search,0,0,0.0
2021-01-16,2021,1,Q1,Social Media,9734,175,383.12
2021-01-16,2021,1,Q1,Email Campaign,4646,209,124.67
2021-01-16,2021,1,Q1,Paid Ad,16658,200,675.14
2021-01-16,2021,1,Q1,Direct,0,0,0.0
2021-01-16,2021,1,Q1,Referral,0,0,0.0
2021-01-17,2021,1,Q1,Organic Search,0,0,0.0
2021-01-17,2021,1,Q1,Social Media,8793,158,346.02
2021-01-17,2021,1,Q1,Email Campaign,4162,187,111.87
2021-01-17,2021,1,Q1,Paid Ad,18755,225,760.32
2021-01-17,2021,1,Q1,Direct,0,0,0.0
2021-01-17,2021,1,Q1,Referral,0,0,0.0
2021-01-18,2021,1,Q1,Organic Search,0,0,0.0
2021-01-18,2021,1,Q1,Social Media,7798,140,307.49
2021-01-18,2021,1,Q1,Email Campaign,3775,170,101.21
2021-01-18,2021,1,Q1,Paid Ad,11979,144,485.37
2021-01-18,2021,1,Q1,Direct,0,0,0.0
2021-01-18,2021,1,Q1,Referral,0,0,0.0
2021-01-19,2021,1,Q1,Organic Search,0,0,0.0
2021-01-19,2021,1,Q1,Social Media,7959,143,312.97
2021-01-19,2021,1,Q1,Email Campaign,3657,165,98.31
2021-01-19,2021,1,Q1,Paid Ad,16335,196,663.41
2021-01-19,2021,1,Q1,Direct,0,0,0.0
2021-01-19,2021,1,Q1,Referral,0,0,0.0
2021-01-20,2021,1,Q1,Organic Search,0,0,0.0
2021-01-20,2021,1,Q1,Social Media,9061,163,356.48
2021-01-20,2021,1,Q1,Email Campaign,3872,174,103.91
2021-01-20,2021,1,Q1,Paid Ad,17061,205,692.0
2021-01-20,2021,1,Q1,Direct,0,0,0.0
2021-01-20,2021,1,Q1,Referral,0,0,0.0
2021-01-21,2021,1,Q1,Organic Search,0,0,0.0
2021-01-21,2021,1,Q1,Social Media,9035,163,355.72
2021-01-21,2021,1,Q1,Email Campaign,3990,180,107.09
2021-01-21,2021,1,Q1,Paid Ad,11576,139,469.14
2021-01-21,2021,1,Q1,Direct,0,0,0.0
2021-01-21,2021,1,Q1,Referral,0,0,0.0
2021-01-22,2021,1,Q1,Organic Search,0,0,0.0
2021-01-22,2021,1,Q1,Social Media,9922,179,390.28
2021-01-22,2021,1,Q1,Email Campaign,3635,164,97.71
2021-01-22,2021,1,Q1,Paid Ad,12544,151,509.19
2021-01-22,2021,1,Q1,Direct,0,0,0.0
2021-01-22,2021,1,Q1,Referral,0,0,0.0
2021-01-23,2021,1,Q1,Organic Search,0,0,0.0
2021-01-23,2021,1,Q1,Social Media,10433,188,410.33
2021-01-23,2021,1,Q1,Email Campaign,5625,253,151.12
2021-01-23,2021,1,Q1,Paid Ad,18473,222,748.99
2021-01-23,2021,1,Q1,Direct,0,0,0.0
2021-01-23,2021,1,Q1,Referral,0,0,0.0
2021-01-24,2021,1,Q1,Organic Search,0,0,0.0
2021-01-24,2021,1,Q1,Social Media,10057,181,396.41
2021-01-24,2021,1,Q1,Email Campaign,4937,222,132.43
2021-01-24,2021,1,Q1,Paid Ad,17747,213,720.36
2021-01-24,2021,1,Q1,Direct,0,0,0.0
2021-01-24,2021,1,Q1,Referral,0,0,0.0
2021-01-25,2021,1,Q1,Organic Search,0,0,0.0
2021-01-25,2021,1,Q1,Social Media,8873,160,349.84
2021-01-25,2021,1,Q1,Email Campaign,4184,188,112.42
2021-01-25,2021,1,Q1,Paid Ad,14560,175,591.27
2021-01-25,2021,1,Q1,Direct,0,0,0.0
2021-01-25,2021,1,Q1,Referral,0,0,0.0
2021-01-26,2021,1,Q1,Organic Search,0,0,0.0
2021-01-26,2021,1,Q1,Social Media,8335,150,328.16
2021-01-26,2021,1,Q1,Email Campaign,3851,173,103.32
2021-01-26,2021,1,Q1,Paid Ad,14117,169,573.21
2021-01-26,2021,1,Q1,Direct,0,0,0.0
2021-01-26,2021,1,Q1,Referral,0,0,0.0
2021-01-27,2021,1,Q1,Organic Search,0,0,0.0
2021-01-27,2021,1,Q1,Social Media,7233,130,285.14
2021-01-27,2021,1,Q1,Email Campaign,4066,183,109.08
2021-01-27,2021,1,Q1,Paid Ad,13310,160,540.01
2021-01-27,2021,1,Q1,Direct,0,0,0.0
2021-01-27,2021,1,Q1,Referral,0,0,0.0
2021-01-28,2021,1,Q1,Organic Search,0,0,0.0
2021-01-28,2021,1,Q1,Social Media,7637,137,300.72
2021-01-28,2021,1,Q1,Email Campaign,4152,187,111.51
2021-01-28,2021,1,Q1,Paid Ad,16053,193,651.64
2021-01-28,2021,1,Q1,Direct,0,0,0.0
2021-01-28,2021,1,Q1,Referral,0,0,0.0
2021-01-29,2021,1,Q1,Organic Search,0,0,0.0
2021-01-29,2021,1,Q1,Social Media,8981,162,354.05
2021-01-29,2021,1,Q1,Email Campaign,3582,161,96.12
2021-01-29,2021,1,Q1,Paid Ad,13310,160,539.93
2021-01-29,2021,1,Q1,Direct,0,0,0.0
2021-01-29,2021,1,Q1,Referral,0,0,0.0
2021-01-30,2021,1,Q1,Organic Search,0,0,0.0
2021-01-30,2021,1,Q1,Social Media,10352,186,407.86
2021-01-30,2021,1,Q1,Email Campaign,4335,195,116.48
2021-01-30,2021,1,Q1,Paid Ad,16335,196,662.22
2021-01-30,2021,1,Q1,Direct,0,0,0.0
2021-01-30,2021,1,Q1,Referral,0,0,0.0
2021-01-31,2021,1,Q1,Organic Search,0,0,0.0
2021-01-31,2021,1,Q1,Social Media,10057,181,396.01
2021-01-31,2021,1,Q1,Email Campaign,4345,196,116.64
2021-01-31,2021,1,Q1,Paid Ad,16779,201,679.99
2021-01-31,2021,1,Q1,Direct,0,0,0.0
2021-01-31,2021,1,Q1,Referral,0,0,0.0
2021-02-01,2021,2,Q1,Organic Search,0,0,0.0
2021-02-01,2021,2,Q1,Social Media,7475,135,294.64
2021-02-01,2021,2,Q1,Email Campaign,3893,175,104.67
2021-02-01,2021,2,Q1,Paid Ad,14843,178,601.37
2021-02-01,2021,2,Q1,Direct,0,0,0.0
2021-02-01,2021,2,Q1,Referral,0,0,0.0
2021-02-02,2021,2,Q1,Organic Search,0,0,0.0
2021-02-02,2021,2,Q1,Social Media,7314,132,287.8
2021-02-02,2021,2,Q1,Email Campaign,4238,191,113.82
2021-02-02,2021,2,Q1,Paid Ad,14439,173,585.42
2021-02-02,2021,2,Q1,Direct,0,0,0.0
2021-02-02,2021,2,Q1,Referral,0,0,0.0
2021-02-03,2021,2,Q1,Organic Search,0,0,0.0
2021-02-03,2021,2,Q1,Social Media,8739,157,344.39
2021-02-03,2021,2,Q1,Email Campaign,4173,188,111.91
2021-02-03,2021,2,Q1,Paid Ad,16053,193,650.36
2021-02-03,2021,2,Q1,Direct,0,0,0.0
2021-02-03,2021,2,Q1,Referral,0,0,0.0
2021-02-04,2021,2,Q1,Organic Search,0,0,0.0
2021-02-04,2021,2,Q1,Social Media,8470,152,333.14
2021-02-04,2021,2,Q1,Email Campaign,3958,178,106.18
2021-02-04,2021,2,Q1,Paid Ad,14601,175,592.1
2021-02-04,2021,2,Q1,Direct,0,0,0.0
2021-02-04,2021,2,Q1,Referral,0,0,0.0
2021-02-05,2021,2,Q1,Organic Search,0,0,0.0
2021-02-05,2021,2,Q1,Social Media,8739,157,344.15
2021-02-05,2021,2,Q1,Email Campaign,4109,185,110.36
2021-02-05,2021,2,Q1,Paid Ad,14520,174,588.25
2021-02-05,2021,2,Q1,Direct,0,0,0.0
2021-02-05,2021,2,Q1,Referral,0,0,0.0
2021-02-06,2021,2,Q1,Organic Search,0,0,0.0
2021-02-06,2021,2,Q1,Social Media,9089,164,357.99
2021-02-06,2021,2,Q1,Email Campaign,4463,201,119.7
2021-02-06,2021,2,Q1,Paid Ad,14762,177,598.67
2021-02-06,2021,2,Q1,Direct,0,0,0.0
2021-02-06,2021,2,Q1,Referral,0,0,0.0
2021-02-07,2021,2,Q1,Organic Search,0,0,0.0
2021-02-07,2021,2,Q1,Social Media,10971,197,432.4
2021-02-07,2021,2,Q1,Email Campaign,4238,191,113.86
2021-02-07,2021,2,Q1,Paid Ad,15690,188,636.96
2021-02-07,2021,2,Q1,Direct,0,0,0.0
2021-02-07,2021,2,Q1,Referral,0,0,0.0
2021-02-08,2021,2,Q1,Organic Search,0,0,0.0
2021-02-08,2021,2,Q1,Social Media,7905,142,310.87
2021-02-08,2021,2,Q1,Email Campaign,4388,197,117.83
2021-02-08,2021,2,Q1,Paid Ad,14117,169,572.54
2021-02-08,2021,2,Q1,Direct,0,0,0.0
2021-02-08,2021,2,Q1,Referral,0,0,0.0
2021-02-09,2021,2,Q1,Organic Search,0,0,0.0
2021-02-09,2021,2,Q1,Social Media,9223,166,362.76
2021-02-09,2021,2,Q1,Email Campaign,3872,174,104.03
2021-02-09,2021,2,Q1,Paid Ad,14762,177,599.46
2021-02-09,2021,2,Q1,Direct,0,0,0.0
2021-02-09,2021,2,Q1,Referral,0,0,0.0
2021-02-10,2021,2,Q1,Organic Search,0,0,0.0
2021-02-10,2021,2,Q1,Social Media,7825,141,307.8
2021-02-10,2021,2,Q1,Email Campaign,4797,216,128.81
2021-02-10,2021,2,Q1,Paid Ad,13068,157,530.66
2021-02-10,2021,2,Q1,Direct,0,0,0.0
2021-02-10,2021,2,Q1,Referral,0,0,0.0
2021-02-11,2021,2,Q1,Organic Search,0,0,0.0
2021-02-11,2021,2,Q1,Social Media,8577,154,338.03
2021-02-11,2021,2,Q1,Email Campaign,4302,194,115.53
2021-02-11,2021,2,Q1,Paid Ad,14923,179,605.74
2021-02-11,2021,2,Q1,Direct,0,0,0.0
2021-02-11,2021,2,Q1,Referral,0,0,0.0
2021-02-12,2021,2,Q1,Organic Search,0,0,0.0
2021-02-12,2021,2,Q1,Social Media,8255,149,324.94
2021-02-12,2021,2,Q1,Email Campaign,4055,182,108.81
2021-02-12,2021,2,Q1,Paid Ad,14520,174,588.41
2021-02-12,2021,2,Q1,Direct,0,0,0.0
2021-02-12,2021,2,Q1,Referral,0,0,0.0
2021-02-13,2021,2,Q1,Organic Search,0,0,0.0
2021-02-13,2021,2,Q1,Social Media,9519,171,374.85
2021-02-13,2021,2,Q1,Email Campaign,5077,228,136.17
2021-02-13,2021,2,Q1,Paid Ad,19562,235,793.57
2021-02-13,2021,2,Q1,Direct,0,0,0.0
2021-02-13,2021,2,Q1,Referral,0,0,0.0
2021-02-14,2021,2,Q1,Organic Search,0,0,0.0
2021-02-14,2021,2,Q1,Social Media,9196,166,362.4
2021-02-14,2021,2,Q1,Email Campaign,4195,189,112.58
2021-02-14,2021,2,Q1,Paid Ad,16496,198,669.53
2021-02-14,2021,2,Q1,Direct,0,0,0.0
2021-02-14,2021,2,Q1,Referral,0,0,0.0
2021-02-15,2021,2,Q1,Organic Search,0,0,0.0
2021-02-15,2021,2,Q1,Social Media,10110,182,397.88
2021-02-15,2021,2,Q1,Email Campaign,3829,172,102.88
2021-02-15,2021,2,Q1,Paid Ad,16335,196,663.25
2021-02-15,2021,2,Q1,Direct,0,0,0.0
2021-02-15,2021,2,Q1,Referral,0,0,0.0
2021-02-16,2021,2,Q1,Organic Search,0,0,0.0
2021-02-16,2021,2,Q1,Social Media,9492,171,374.1
2021-02-16,2021,2,Q1,Email Campaign,3915,176,105.07
2021-02-16,2021,2,Q1,Paid Ad,15125,182,613.06
2021-02-16,2021,2,Q1,Direct,0,0,0.0
2021-02-16,2021,2,Q1,Referral,0,0,0.0
2021-02-17,2021,2,Q1,Organic Search,0,0,0.0
2021-02-17,2021,2,Q1,Social Media,9465,170,372.78
2021-02-17,2021,2,Q1,Email Campaign,3969,179,106.62
2021-02-17,2021,2,Q1,Paid Ad,14238,171,576.83
2021-02-17,2021,2,Q1,Direct,0,0,0.0
2021-02-17,2021,2,Q1,Referral,0,0,0.0
2021-02-18,2021,2,Q1,Organic Search,0,0,0.0
2021-02-18,2021,2,Q1,Social Media,7986,144,314.48
2021-02-18,2021,2,Q1,Email Campaign,3765,169,101.01
2021-02-18,2021,2,Q1,Paid Ad,13713,165,555.92
2021-02-18,2021,2,Q1,Direct,0,0,0.0
2021-02-18,2021,2,Q1,Referral,0,0,0.0
2021-02-19,2021,2,Q1,Organic Search,0,0,0.0
2021-02-19,2021,2,Q1,Social Media,7556,136,297.54
2021-02-19,2021,2,Q1,Email Campaign,4109,185,110.24
2021-02-19,2021,2,Q1,Paid Ad,13552,163,550.23
2021-02-19,2021,2,Q1,Direct,0,0,0.0
2021-02-19,2021,2,Q1,Referral,0,0,0.0
2021-02-20,2021,2,Q1,Organic Search,0,0,0.0
2021-02-20,2021,2,Q1,Social Media,9815,177,386.39
2021-02-20,2021,2,Q1,Email Campaign,4119,185,110.67
2021-02-20,2021,2,Q1,Paid Ad,17061,205,692.16
2021-02-20,2021,2,Q1,Direct,0,0,0.0
2021-02-20,2021,2,Q1,Referral,0,0,0.0
2021-02-21,2021,2,Q1,Organic Search,0,0,0.0
2021-02-21,2021,2,Q1,Social Media,10271,185,404.6
2021-02-21,2021,2,Q1,Email Campaign,3958,178,106.26
2021-02-21,2021,2,Q1,Paid Ad,17101,205,694.51
2021-02-21,2021,2,Q1,Direct,0,0,0.0
2021-02-21,2021,2,Q1,Referral,0,0,0.0
2021-02-22,2021,2,Q1,Organic Search,0,0,0.0
2021-02-22,2021,2,Q1,Social Media,9196,166,362.21
2021-02-22,2021,2,Q1,Email Campaign,3700,166,99.3
2021-02-22,2021,2,Q1,Paid Ad,16375,197,664.8
2021-02-22,2021,2,Q1,Direct,0,0,0.0
2021-02-22,2021,2,Q1,Referral,0,0,0.0
2021-02-23,2021,2,Q1,Organic Search,0,0,0.0
2021-02-23,2021,2,Q1,Social Media,8658,156,340.89
2021-02-23,2021,2,Q1,Email Campaign,3861,174,103.75
2021-02-23,2021,2,Q1,Paid Ad,14399,173,583.75
2021-02-23,2021,2,Q1,Direct,0,0,0.0
2021-02-23,2021,2,Q1,Referral,0,0,0.0
2021-02-24,2021,2,Q1,Organic Search,0,0,0.0
2021-02-24,2021,2,Q1,Social Media,8739,157,344.55
2021-02-24,2021,2,Q1,Email Campaign,4119,185,110.63
2021-02-24,2021,2,Q1,Paid Ad,15085,181,611.63
2021-02-24,2021,2,Q1,Direct,0,0,0.0
2021-02-24,2021,2,Q1,Referral,0,0,0.0
2021-02-25,2021,2,Q1,Organic Search,0,0,0.0
2021-02-25,2021,2,Q1,Social Media,7771,140,305.54
2021-02-25,2021,2,Q1,Email Campaign,4152,187,111.43
2021-02-25,2021,2,Q1,Paid Ad,12826,154,520.04
2021-02-25,2021,2,Q1,Direct,0,0,0.0
2021-02-25,2021,2,Q1,Referral,0,0,0.0
2021-02-26,2021,2,Q1,Organic Search,0,0,0.0
2021-02-26,2021,2,Q1,Social Media,8309,150,326.89
2021-02-26,2021,2,Q1,Email Campaign,3796,171,102.0
2021-02-26,2021,2,Q1,Paid Ad,13592,163,551.86
2021-02-26,2021,2,Q1,Direct,0,0,0.0
2021-02-26,2021,2,Q1,Referral,0,0,0.0
2021-02-27,2021,2,Q1,Organic Search,0,0,0.0
2021-02-27,2021,2,Q1,Social Media,10594,191,416.81
2021-02-27,2021,2,Q1,Email Campaign,5120,230,137.48
2021-02-27,2021,2,Q1,Paid Ad,17424,209,707.19
2021-02-27,2021,2,Q1,Direct,0,0,0.0
2021-02-27,2021,2,Q1,Referral,0,0,0.0
2021-02-28,2021,2,Q1,Organic Search,0,0,0.0
2021-02-28,2021,2,Q1,Social Media,8793,158,346.14
2021-02-28,2021,2,Q1,Email Campaign,4593,207,123.24
2021-02-28,2021,2,Q1,Paid Ad,18231,219,739.76
2021-02-28,2021,2,Q1,Direct,0,0,0.0
2021-02-28,2021,2,Q1,Referral,0,0,0.0
2021-03-01,2021,3,Q1,Organic Search,0,0,0.0
2021-03-01,2021,3,Q1,Social Media,9976,180,392.43
2021-03-01,2021,3,Q1,Email Campaign,5711,257,153.35
2021-03-01,2021,3,Q1,Paid Ad,17545,211,711.57
2021-03-01,2021,3,Q1,Direct,0,0,0.0
2021-03-01,2021,3,Q1,Referral,0,0,0.0
2021-03-02,2021,3,Q1,Organic Search,0,0,0.0
2021-03-02,2021,3,Q1,Social Media,10003,180,393.98
2021-03-02,2021,3,Q1,Email Campaign,4700,212,126.14
2021-03-02,2021,3,Q1,Paid Ad,17182,206,697.21
2021-03-02,2021,3,Q1,Direct,0,0,0.0
2021-03-02,2021,3,Q1,Referral,0,0,0.0
2021-03-03,2021,3,Q1,Organic Search,0,0,0.0
2021-03-03,2021,3,Q1,Social Media,9734,175,383.28
2021-03-03,2021,3,Q1,Email Campaign,5087,229,136.68
2021-03-03,2021,3,Q1,Paid Ad,18311,220,742.63
2021-03-03,2021,3,Q1,Direct,0,0,0.0
2021-03-03,2021,3,Q1,Referral,0,0,0.0
2021-03-04,2021,3,Q1,Organic Search,0,0,0.0
2021-03-04,2021,3,Q1,Social Media,9223,166,363.64
2021-03-04,2021,3,Q1,Email Campaign,4302,194,115.57
2021-03-04,2021,3,Q1,Paid Ad,14520,174,588.49
2021-03-04,2021,3,Q1,Direct,0,0,0.0
2021-03-04,2021,3,Q1,Referral,0,0,0.0
2021-03-05,2021,3,Q1,Organic Search,0,0,0.0
2021-03-05,2021,3,Q1,Social Media,10245,184,403.8
2021-03-05,2021,3,Q1,Email Campaign,4388,197,117.91
2021-03-05,2021,3,Q1,Paid Ad,14076,169,571.03
2021-03-05,2021,3,Q1,Direct,0,0,0.0
2021-03-05,2021,3,Q1,Referral,0,0,0.0
2021-03-06,2021,3,Q1,Organic Search,0,0,0.0
2021-03-06,2021,3,Q1,Social Media,11697,211,460.11
2021-03-06,2021,3,Q1,Email Campaign,6647,299,178.4
2021-03-06,2021,3,Q1,Paid Ad,19562,235,792.93
2021-03-06,2021,3,Q1,Direct,0,0,0.0
2021-03-06,2021,3,Q1,Referral,0,0,0.0
2021-03-07,2021,3,Q1,Organic Search,0,0,0.0
2021-03-07,2021,3,Q1,Social Media,12100,218,476.18
2021-03-07,2021,3,Q1,Email Campaign,5582,251,149.73
2021-03-07,2021,3,Q1,Paid Ad,19400,233,787.05
2021-03-07,2021,3,Q1,Direct,0,0,0.0
2021-03-07,2021,3,Q1,Referral,0,0,0.0
2021-03-08,2021,3,Q1,Organic Search,0,0,0.0
2021-03-08,2021,3,Q1,Social Media,10567,190,416.57
2021-03-08,2021,3,Q1,Email Campaign,4711,212,126.34
2021-03-08,2021,3,Q1,Paid Ad,17384,209,704.61
2021-03-08,2021,3,Q1,Direct,0,0,0.0
2021-03-08,2021,3,Q1,Referral,0,0,0.0
2021-03-09,2021,3,Q1,Organic Search,0,0,0.0
2021-03-09,2021,3,Q1,Social Media,10110,182,398.04
2021-03-09,2021,3,Q1,Email Campaign,4560,205,122.45
2021-03-09,2021,3,Q1,Paid Ad,18352,220,744.57
2021-03-09,2021,3,Q1,Direct,0,0,0.0
2021-03-09,2021,3,Q1,Referral,0,0,0.0
2021-03-10,2021,3,Q1,Organic Search,0,0,0.0
2021-03-10,2021,3,Q1,Social Media,9707,175,382.61
2021-03-10,2021,3,Q1,Email Campaign,4528,204,121.53
2021-03-10,2021,3,Q1,Paid Ad,17747,213,719.44
2021-03-10,2021,3,Q1,Direct,0,0,0.0
2021-03-10,2021,3,Q1,Referral,0,0,0.0
2021-03-11,2021,3,Q1,Organic Search,0,0,0.0
2021-03-11,2021,3,Q1,Social Media,9142,165,360.14
2021-03-11,2021,3,Q1,Email Campaign,4829,217,129.64
2021-03-11,2021,3,Q1,Paid Ad,16980,204,689.34
2021-03-11,2021,3,Q1,Direct,0,0,0.0
2021-03-11,2021,3,Q1,Referral,0,0,0.0
2021-03-12,2021,3,Q1,Organic Search,0,0,0.0
2021-03-12,2021,3,Q1,Social Media,10702,193,421.74
2021-03-12,2021,3,Q1,Email Campaign,5001,225,134.26
2021-03-12,2021,3,Q1,Paid Ad,16980,204,688.46
2021-03-12,2021,3,Q1,Direct,0,0,0.0
2021-03-12,2021,3,Q1,Referral,0,0,0.0
2021-03-13,2021,3,Q1,Organic Search,0,0,0.0
2021-03-13,2021,3,Q1,Social Media,12073,217,475.43
2021-03-13,2021,3,Q1,Email Campaign,6152,277,165.28
2021-03-13,2021,3,Q1,Paid Ad,20449,245,828.72
2021-03-13,2021,3,Q1,Direct,0,0,0.0
2021-03-13,2021,3,Q1,Referral,0,0,0.0
2021-03-14,2021,3,Q1,Organic Search,0,0,0.0
2021-03-14,2021,3,Q1,Social Media,11347,204,446.59
2021-03-14,2021,3,Q1,Email Campaign,4958,223,133.14
2021-03-14,2021,3,Q1,Paid Ad,17908,215,725.72
2021-03-14,2021,3,Q1,Direct,0,0,0.0
2021-03-14,2021,3,Q1,Referral,0,0,0.0
2021-03-15,2021,3,Q1,Organic Search,0,0,0.0
2021-03-15,2021,3,Q1,Social Media,9626,173,378.55
2021-03-15,2021,3,Q1,Email Campaign,4582,206,123.04
2021-03-15,2021,3,Q1,Paid Ad,16738,201,679.51
2021-03-15,2021,3,Q1,Direct,0,0,0.0
2021-03-15,2021,3,Q1,Referral,0,0,0.0
2021-03-16,2021,3,Q1,Organic Search,0,0,0.0
2021-03-16,2021,3,Q1,Social Media,9895,178,389.77
2021-03-16,2021,3,Q1,Email Campaign,5023,226,134.81
2021-03-16,2021,3,Q1,Paid Ad,16900,203,685.96
2021-03-16,2021,3,Q1,Direct,0,0,0.0
2021-03-16,2021,3,Q1,Referral,0,0,0.0
2021-03-17,2021,3,Q1,Organic Search,0,0,0.0
2021-03-17,2021,3,Q1,Social Media,10245,184,403.13
2021-03-17,2021,3,Q1,Email Campaign,4840,218,130.0
2021-03-17,2021,3,Q1,Paid Ad,14318,172,580.81
2021-03-17,2021,3,Q1,Direct,0,0,0.0
2021-03-17,2021,3,Q1,Referral,0,0,0.0
2021-03-18,2021,3,Q1,Organic Search,0,0,0.0
2021-03-18,2021,3,Q1,Social Media,9115,164,358.87
2021-03-18,2021,3,Q1,Email Campaign,4764,214,127.85
2021-03-18,2021,3,Q1,Paid Ad,15367,184,623.08
2021-03-18,2021,3,Q1,Direct,0,0,0.0
2021-03-18,2021,3,Q1,Referral,0,0,0.0
2021-03-19,2021,3,Q1,Organic Search,0,0,0.0
2021-03-19,2021,3,Q1,Social Media,10325,186,406.67
2021-03-19,2021,3,Q1,Email Campaign,5410,243,145.19
2021-03-19,2021,3,Q1,Paid Ad,18674,224,757.1
2021-03-19,2021,3,Q1,Direct,0,0,0.0
2021-03-19,2021,3,Q1,Referral,0,0,0.0
2021-03-20,2021,3,Q1,Organic Search,0,0,0.0
2021-03-20,2021,3,Q1,Social Media,11132,200,438.6
2021-03-20,2021,3,Q1,Email Campaign,6206,279,166.51
2021-03-20,2021,3,Q1,Paid Ad,19804,238,802.76
2021-03-20,2021,3,Q1,Direct,0,0,0.0
2021-03-20,2021,3,Q1,Referral,0,0,0.0
2021-03-21,2021,3,Q1,Organic Search,0,0,0.0
2021-03-21,2021,3,Q1,Social Media,11025,198,434.23
2021-03-21,2021,3,Q1,Email Campaign,5270,237,141.45
2021-03-21,2021,3,Q1,Paid Ad,19078,229,774.12
2021-03-21,2021,3,Q1,Direct,0,0,0.0
2021-03-21,2021,3,Q1,Referral,0,0,0.0
2021-03-22,2021,3,Q1,Organic Search,0,0,0.0
2021-03-22,2021,3,Q1,Social Media,9545,172,375.97
2021-03-22,2021,3,Q1,Email Campaign,4883,220,131.11
2021-03-22,2021,3,Q1,Paid Ad,17222,207,698.68
2021-03-22,2021,3,Q1,Direct,0,0,0.0
2021-03-22,2021,3,Q1,Referral,0,0,0.0
2021-03-23,2021,3,Q1,Organic Search,0,0,0.0
2021-03-23,2021,3,Q1,Social Media,9868,178,388.13
2021-03-23,2021,3,Q1,Email Campaign,4991,225,133.86
2021-03-23,2021,3,Q1,Paid Ad,18634,224,755.55
2021-03-23,2021,3,Q1,Direct,0,0,0.0
2021-03-23,2021,3,Q1,Referral,0,0,0.0
2021-03-24,2021,3,Q1,Organic Search,0,0,0.0
2021-03-24,2021,3,Q1,Social Media,10594,191,417.48
2021-03-24,2021,3,Q1,Email Campaign,4249,191,113.97
2021-03-24,2021,3,Q1,Paid Ad,13512,162,548.88
2021-03-24,2021,3,Q1,Direct,0,0,0.0
2021-03-24,2021,3,Q1,Referral,0,0,0.0
2021-03-25,2021,3,Q1,Organic Search,0,0,0.0
2021-03-25,2021,3,Q1,Social Media,10594,191,417.05
2021-03-25,2021,3,Q1,Email Campaign,4292,193,115.21
2021-03-25,2021,3,Q1,Paid Ad,16698,200,677.45
2021-03-25,2021,3,Q1,Direct,0,0,0.0
2021-03-25,2021,3,Q1,Referral,0,0,0.0
2021-03-26,2021,3,Q1,Organic Search,0,0,0.0
2021-03-26,2021,3,Q1,Social Media,8927,161,351.71
2021-03-26,2021,3,Q1,Email Campaign,4119,185,110.67
2021-03-26,2021,3,Q1,Paid Ad,17747,213,719.72
2021-03-26,2021,3,Q1,Direct,0,0,0.0
2021-03-26,2021,3,Q1,Referral,0,0,0.0
2021-03-27,2021,3,Q1,Organic Search,0,0,0.0
2021-03-27,2021,3,Q1,Social Media,12019,216,473.36
2021-03-27,2021,3,Q1,Email Campaign,5281,238,141.89
2021-03-27,2021,3,Q1,Paid Ad,15488,186,628.89
2021-03-27,2021,3,Q1,Direct,0,0,0.0
2021-03-27,2021,3,Q1,Referral,0,0,0.0
2021-03-28,2021,3,Q1,Organic Search,0,0,0.0
2021-03-28,2021,3,Q1,Social Media,10836,195,426.75
2021-03-28,2021,3,Q1,Email Campaign,5711,257,153.38
2021-03-28,2021,3,Q1,Paid Ad,17263,207,699.48
2021-03-28,2021,3,Q1,Direct,0,0,0.0
2021-03-28,2021,3,Q1,Referral,0,0,0.0
2021-03-29,2021,3,Q1,Organic Search,0,0,0.0
2021-03-29,2021,3,Q1,Social Media,10003,180,393.74
2021-03-29,2021,3,Q1,Email Campaign,4808,216,129.21
2021-03-29,2021,3,Q1,Paid Ad,17787,213,721.79
2021-03-29,2021,3,Q1,Direct,0,0,0.0
2021-03-29,2021,3,Q1,Referral,0,0,0.0
2021-03-30,2021,3,Q1,Organic Search,0,0,0.0
2021-03-30,2021,3,Q1,Social Media,9949,179,391.75
2021-03-30,2021,3,Q1,Email Campaign,4442,200,119.26
2021-03-30,2021,3,Q1,Paid Ad,18634,224,755.87
2021-03-30,2021,3,Q1,Direct,0,0,0.0
2021-03-30,2021,3,Q1,Referral,0,0,0.0
2021-03-31,2021,3,Q1,Organic Search,0,0,0.0
2021-03-31,2021,3,Q1,Social Media,9734,175,383.12
2021-03-31,2021,3,Q1,Email Campaign,4808,216,129.05
2021-03-31,2021,3,Q1,Paid Ad,15730,189,638.31
2021-03-31,2021,3,Q1,Direct,0,0,0.0
2021-03-31,2021,3,Q1,Referral,0,0,0.0
2021-04-01,2021,4,Q2,Organic Search,0,0,0.0
2021-04-01,2021,4,Q2,Social Media,9519,171,374.26
2021-04-01,2021,4,Q2,Email Campaign,4474,201,120.18
2021-04-01,2021,4,Q2,Paid Ad,16779,201,680.27
2021-04-01,2021,4,Q2,Direct,0,0,0.0
2021-04-01,2021,4,Q2,Referral,0,0,0.0
2021-04-02,2021,4,Q2,Organic Search,0,0,0.0
2021-04-02,2021,4,Q2,Social Media,11213,202,441.19
2021-04-02,2021,4,Q2,Email Campaign,4292,193,115.13
2021-04-02,2021,4,Q2,Paid Ad,14802,178,600.81
2021-04-02,2021,4,Q2,Direct,0,0,0.0
2021-04-02,2021,4,Q2,Referral,0,0,0.0
2021-04-03,2021,4,Q2,Organic Search,0,0,0.0
2021-04-03,2021,4,Q2,Social Media,12665,228,498.77
2021-04-03,2021,4,Q2,Email Campaign,5453,245,146.27
2021-04-03,2021,4,Q2,Paid Ad,18513,222,750.86
2021-04-03,2021,4,Q2,Direct,0,0,0.0
2021-04-03,2021,4,Q2,Referral,0,0,0.0
2021-04-04,2021,4,Q2,Organic Search,0,0,0.0
2021-04-04,2021,4,Q2,Social Media,12288,221,483.38
2021-04-04,2021,4,Q2,Email Campaign,5270,237,141.53
2021-04-04,2021,4,Q2,Paid Ad,22425,269,909.21
2021-04-04,2021,4,Q2,Direct,0,0,0.0
2021-04-04,2021,4,Q2,Referral,0,0,0.0
2021-04-05,2021,4,Q2,Organic Search,0,0,0.0
2021-04-05,2021,4,Q2,Social Media,10379,187,409.05
2021-04-05,2021,4,Q2,Email Campaign,4636,209,124.31
2021-04-05,2021,4,Q2,Paid Ad,19925,239,808.88
2021-04-05,2021,4,Q2,Direct,0,0,0.0
2021-04-05,2021,4,Q2,Referral,0,0,0.0
2021-04-06,2021,4,Q2,Organic Search,0,0,0.0
2021-04-06,2021,4,Q2,Social Media,9384,169,369.25
2021-04-06,2021,4,Q2,Email Campaign,5109,230,137.04
2021-04-06,2021,4,Q2,Paid Ad,17424,209,706.36
2021-04-06,2021,4,Q2,Direct,0,0,0.0
2021-04-06,2021,4,Q2,Referral,0,0,0.0
2021-04-07,2021,4,Q2,Organic Search,0,0,0.0
2021-04-07,2021,4,Q2,Social Media,10890,196,428.42
2021-04-07,2021,4,Q2,Email Campaign,5421,244,145.51
2021-04-07,2021,4,Q2,Paid Ad,17061,205,691.6
2021-04-07,2021,4,Q2,Direct,0,0,0.0
2021-04-07,2021,4,Q2,Referral,0,0,0.0
2021-04-08,2021,4,Q2,Organic Search,0,0,0.0
2021-04-08,2021,4,Q2,Social Media,9250,166,364.63
2021-04-08,2021,4,Q2,Email Campaign,4991,225,134.1
2021-04-08,2021,4,Q2,Paid Ad,16093,193,652.43
2021-04-08,2021,4,Q2,Direct,0,0,0.0
2021-04-08,2021,4,Q2,Referral,0,0,0.0
2021-04-09,2021,4,Q2,Organic Search,0,0,0.0
2021-04-09,2021,4,Q2,Social Media,11455,206,450.53
2021-04-09,2021,4,Q2,Email Campaign,4872,219,130.76
2021-04-09,2021,4,Q2,Paid Ad,16496,198,669.69
2021-04-09,2021,4,Q2,Direct,0,0,0.0
2021-04-09,2021,4,Q2,Referral,0,0,0.0
2021-04-10,2021,4,Q2,Organic Search,0,0,0.0
2021-04-10,2021,4,Q2,Social Media,11509,207,452.84
2021-04-10,2021,4,Q2,Email Campaign,4947,223,132.71
2021-04-10,2021,4,Q2,Paid Ad,18029,216,731.65
2021-04-10,2021,4,Q2,Direct,0,0,0.0
2021-04-10,2021,4,Q2,Referral,0,0,0.0
2021-04-11,2021,4,Q2,Organic Search,0,0,0.0
2021-04-11,2021,4,Q2,Social Media,12423,224,489.07
2021-04-11,2021,4,Q2,Email Campaign,5248,236,140.94
2021-04-11,2021,4,Q2,Paid Ad,17908,215,726.88
2021-04-11,2021,4,Q2,Direct,0,0,0.0
2021-04-11,2021,4,Q2,Referral,0,0,0.0
2021-04-12,2021,4,Q2,Organic Search,0,0,0.0
2021-04-12,2021,4,Q2,Social Media,10271,185,404.72
2021-04-12,2021,4,Q2,Email Campaign,5270,237,141.61
2021-04-12,2021,4,Q2,Paid Ad,17989,216,729.5
2021-04-12,2021,4,Q2,Direct,0,0,0.0
2021-04-12,2021,4,Q2,Referral,0,0,0.0
2021-04-13,2021,4,Q2,Organic Search,0,0,0.0
2021-04-13,2021,4,Q2,Social Media,10648,192,418.95
2021-04-13,2021,4,Q2,Email Campaign,4528,204,121.49
2021-04-13,2021,4,Q2,Paid Ad,15085,181,611.35
2021-04-13,2021,4,Q2,Direct,0,0,0.0
2021-04-13,2021,4,Q2,Referral,0,0,0.0
2021-04-14,2021,4,Q2,Organic Search,0,0,0.0
2021-04-14,2021,4,Q2,Social Media,11051,199,434.62
2021-04-14,2021,4,Q2,Email Campaign,4689,211,126.02
2021-04-14,2021,4,Q2,Paid Ad,16658,200,676.01
2021-04-14,2021,4,Q2,Direct,0,0,0.0
2021-04-14,2021,4,Q2,Referral,0,0,0.0
2021-04-15,2021,4,Q2,Organic Search,0,0,0.0
2021-04-15,2021,4,Q2,Social Media,10890,196,429.25
2021-04-15,2021,4,Q2,Email Campaign,5034,227,135.09
2021-04-15,2021,4,Q2,Paid Ad,17626,212,714.99
2021-04-15,2021,4,Q2,Direct,0,0,0.0
2021-04-15,2021,4,Q2,Referral,0,0,0.0
2021-04-16,2021,4,Q2,Organic Search,0,0,0.0
2021-04-16,2021,4,Q2,Social Media,11562,208,455.26
2021-04-16,2021,4,Q2,Email Campaign,4571,206,122.68
2021-04-16,2021,4,Q2,Paid Ad,18271,219,741.04
2021-04-16,2021,4,Q2,Direct,0,0,0.0
2021-04-16,2021,4,Q2,Referral,0,0,0.0
2021-04-17,2021,4,Q2,Organic Search,0,0,0.0
2021-04-17,2021,4,Q2,Social Media,11374,205,448.26
2021-04-17,2021,4,Q2,Email Campaign,5657,255,151.95
2021-04-17,2021,4,Q2,Paid Ad,21941,263,890.32
2021-04-17,2021,4,Q2,Direct,0,0,0.0
2021-04-17,2021,4,Q2,Referral,0,0,0.0
2021-04-18,2021,4,Q2,Organic Search,0,0,0.0
2021-04-18,2021,4,Q2,Social Media,11804,212,464.37
2021-04-18,2021,4,Q2,Email Campaign,5776,260,155.17
2021-04-18,2021,4,Q2,Paid Ad,21215,255,861.37
2021-04-18,2021,4,Q2,Direct,0,0,0.0
2021-04-18,2021,4,Q2,Referral,0,0,0.0
2021-04-19,2021,4,Q2,Organic Search,0,0,0.0
2021-04-19,2021,4,Q2,Social Media,9573,172,376.68
2021-04-19,2021,4,Q2,Email Campaign,4496,202,120.66
2021-04-19,2021,4,Q2,Paid Ad,15569,187,632.15
2021-04-19,2021,4,Q2,Direct,0,0,0.0
2021-04-19,2021,4,Q2,Referral,0,0,0.0
2021-04-20,2021,4,Q2,Organic Search,0,0,0.0
2021-04-20,2021,4,Q2,Social Media,8309,150,327.01
2021-04-20,2021,4,Q2,Email Campaign,5614,253,150.6
2021-04-20,2021,4,Q2,Paid Ad,15488,186,628.97
2021-04-20,2021,4,Q2,Direct,0,0,0.0
2021-04-20,2021,4,Q2,Referral,0,0,0.0
2021-04-21,2021,4,Q2,Organic Search,0,0,0.0
2021-04-21,2021,4,Q2,Social Media,9680,174,381.18
2021-04-21,2021,4,Q2,Email Campaign,4711,212,126.46
2021-04-21,2021,4,Q2,Paid Ad,17424,209,706.8
2021-04-21,2021,4,Q2,Direct,0,0,0.0
2021-04-21,2021,4,Q2,Referral,0,0,0.0
2021-04-22,2021,4,Q2,Organic Search,0,0,0.0
2021-04-22,2021,4,Q2,Social Media,10487,189,413.35
2021-04-22,2021,4,Q2,Email Campaign,5152,232,138.27
2021-04-22,2021,4,Q2,Paid Ad,16214,195,657.64
2021-04-22,2021,4,Q2,Direct,0,0,0.0
2021-04-22,2021,4,Q2,Referral,0,0,0.0
2021-04-23,2021,4,Q2,Organic Search,0,0,0.0
2021-04-23,2021,4,Q2,Social Media,9734,175,382.85
2021-04-23,2021,4,Q2,Email Campaign,4926,222,132.27
2021-04-23,2021,4,Q2,Paid Ad,16658,200,676.09
2021-04-23,2021,4,Q2,Direct,0,0,0.0
2021-04-23,2021,4,Q2,Referral,0,0,0.0
2021-04-24,2021,4,Q2,Organic Search,0,0,0.0
2021-04-24,2021,4,Q2,Social Media,12799,230,503.62
2021-04-24,2021,4,Q2,Email Campaign,5754,259,154.58
2021-04-24,2021,4,Q2,Paid Ad,20691,248,839.94
2021-04-24,2021,4,Q2,Direct,0,0,0.0
2021-04-24,2021,4,Q2,Referral,0,0,0.0
2021-04-25,2021,4,Q2,Organic Search,0,0,0.0
2021-04-25,2021,4,Q2,Social Media,11939,215,469.9
2021-04-25,2021,4,Q2,Email Campaign,6066,273,162.69
2021-04-25,2021,4,Q2,Paid Ad,19844,238,804.78
2021-04-25,2021,4,Q2,Direct,0,0,0.0
2021-04-25,2021,4,Q2,Referral,0,0,0.0
2021-04-26,2021,4,Q2,Organic Search,0,0,0.0
2021-04-26,2021,4,Q2,Social Media,8847,159,347.77
2021-04-26,2021,4,Q2,Email Campaign,4969,224,133.5
2021-04-26,2021,4,Q2,Paid Ad,16133,194,653.86
2021-04-26,2021,4,Q2,Direct,0,0,0.0
2021-04-26,2021,4,Q2,Referral,0,0,0.0
2021-04-27,2021,4,Q2,Organic Search,0,0,0.0
2021-04-27,2021,4,Q2,Social Media,9438,170,371.63
2021-04-27,2021,4,Q2,Email Campaign,5044,227,135.41
2021-04-27,2021,4,Q2,Paid Ad,18674,224,758.18
2021-04-27,2021,4,Q2,Direct,0,0,0.0
2021-04-27,2021,4,Q2,Referral,0,0,0.0
2021-04-28,2021,4,Q2,Organic Search,0,0,0.0
2021-04-28,2021,4,Q2,Social Media,9868,178,388.69
2021-04-28,2021,4,Q2,Email Campaign,4937,222,132.55
2021-04-28,2021,4,Q2,Paid Ad,19320,232,783.79
2021-04-28,2021,4,Q2,Direct,0,0,0.0
2021-04-28,2021,4,Q2,Referral,0,0,0.0
2021-04-29,2021,4,Q2,Organic Search,0,0,0.0
2021-04-29,2021,4,Q2,Social Media,10057,181,395.49
2021-04-29,2021,4,Q2,Email Campaign,5819,262,156.29
2021-04-29,2021,4,Q2,Paid Ad,17787,213,721.03
2021-04-29,2021,4,Q2,Direct,0,0,0.0
2021-04-29,2021,4,Q2,Referral,0,0,0.0
2021-04-30,2021,4,Q2,Organic Search,0,0,0.0
2021-04-30,2021,4,Q2,Social Media,8470,152,333.37
2021-04-30,2021,4,Q2,Email Campaign,5109,230,137.12
2021-04-30,2021,4,Q2,Paid Ad,17545,211,710.89
2021-04-30,2021,4,Q2,Direct,0,0,0.0
2021-04-30,2021,4,Q2,Referral,0,0,0.0
2021-05-01,2021,5,Q2,Organic Search,0,0,0.0
2021-05-01,2021,5,Q2,Social Media,12503,225,492.29
2021-05-01,2021,5,Q2,Email Campaign,5840,263,156.77
2021-05-01,2021,5,Q2,Paid Ad,19360,232,784.5
2021-05-01,2021,5,Q2,Direct,0,0,0.0
2021-05-01,2021,5,Q2,Referral,0,0,0.0
2021-05-02,2021,5,Q2,Organic Search,0,0,0.0
2021-05-02,2021,5,Q2,Social Media,10218,184,402.53
2021-05-02,2021,5,Q2,Email Campaign,5453,245,146.27
2021-05-02,2021,5,Q2,Paid Ad,18231,219,739.33
2021-05-02,2021,5,Q2,Direct,0,0,0.0
2021-05-02,2021,5,Q2,Referral,0,0,0.0
2021-05-03,2021,5,Q2,Organic Search,0,0,0.0
2021-05-03,2021,5,Q2,Social Media,9411,169,370.0
2021-05-03,2021,5,Q2,Email Campaign,5044,227,135.41
2021-05-03,2021,5,Q2,Paid Ad,19279,231,782.0
2021-05-03,2021,5,Q2,Direct,0,0,0.0
2021-05-03,2021,5,Q2,Referral,0,0,0.0
2021-05-04,2021,5,Q2,Organic Search,0,0,0.0
2021-05-04,2021,5,Q2,Social Media,10164,183,400.3
2021-05-04,2021,5,Q2,Email Campaign,4356,196,116.96
2021-05-04,2021,5,Q2,Paid Ad,17626,212,714.39
2021-05-04,2021,5,Q2,Direct,0,0,0.0
2021-05-04,2021,5,Q2,Referral,0,0,0.0
2021-05-05,2021,5,Q2,Organic Search,0,0,0.0
2021-05-05,2021,5,Q2,Social Media,10809,195,425.2
2021-05-05,2021,5,Q2,Email Campaign,4582,206,123.04
2021-05-05,2021,5,Q2,Paid Ad,16819,202,682.46
2021-05-05,2021,5,Q2,Direct,0,0,0.0
2021-05-05,2021,5,Q2,Referral,0,0,0.0
2021-05-06,2021,5,Q2,Organic Search,0,0,0.0
2021-05-06,2021,5,Q2,Social Media,9868,178,388.49
2021-05-06,2021,5,Q2,Email Campaign,4517,203,121.21
2021-05-06,2021,5,Q2,Paid Ad,17908,215,725.61
2021-05-06,2021,5,Q2,Direct,0,0,0.0
2021-05-06,2021,5,Q2,Referral,0,0,0.0
2021-05-07,2021,5,Q2,Organic Search,0,0,0.0
2021-05-07,2021,5,Q2,Social Media,9761,176,384.28
2021-05-07,2021,5,Q2,Email Campaign,4980,224,133.7
2021-05-07,2021,5,Q2,Paid Ad,15811,190,640.86
2021-05-07,2021,5,Q2,Direct,0,0,0.0
2021-05-07,2021,5,Q2,Referral,0,0,0.0
2021-05-08,2021,5,Q2,Organic Search,0,0,0.0
2021-05-08,2021,5,Q2,Social Media,10944,197,430.65
2021-05-08,2021,5,Q2,Email Campaign,5862,264,157.36
2021-05-08,2021,5,Q2,Paid Ad,18957,227,769.67
2021-05-08,2021,5,Q2,Direct,0,0,0.0
2021-05-08,2021,5,Q2,Referral,0,0,0.0
2021-05-09,2021,5,Q2,Organic Search,0,0,0.0
2021-05-09,2021,5,Q2,Social Media,12907,232,507.88
2021-05-09,2021,5,Q2,Email Campaign,5367,242,144.0
2021-05-09,2021,5,Q2,Paid Ad,19925,239,807.57
2021-05-09,2021,5,Q2,Direct,0,0,0.0
2021-05-09,2021,5,Q2,Referral,0,0,0.0
2021-05-10,2021,5,Q2,Organic Search,0,0,0.0
2021-05-10,2021,5,Q2,Social Media,10594,191,416.97
2021-05-10,2021,5,Q2,Email Campaign,4270,192,114.65
2021-05-10,2021,5,Q2,Paid Ad,14601,175,592.66
2021-05-10,2021,5,Q2,Direct,0,0,0.0
2021-05-10,2021,5,Q2,Referral,0,0,0.0
2021-05-11,2021,5,Q2,Organic Search,0,0,0.0
2021-05-11,2021,5,Q2,Social Media,8658,156,340.65
2021-05-11,2021,5,Q2,Email Campaign,5303,239,142.41
2021-05-11,2021,5,Q2,Paid Ad,16254,195,659.39
2021-05-11,2021,5,Q2,Direct,0,0,0.0
2021-05-11,2021,5,Q2,Referral,0,0,0.0
2021-05-12,2021,5,Q2,Organic Search,0,0,0.0
2021-05-12,2021,5,Q2,Social Media,11885,214,467.43
2021-05-12,2021,5,Q2,Email Campaign,4603,207,123.52
2021-05-12,2021,5,Q2,Paid Ad,17263,207,700.03
2021-05-12,2021,5,Q2,Direct,0,0,0.0
2021-05-12,2021,5,Q2,Referral,0,0,0.0
2021-05-13,2021,5,Q2,Organic Search,0,0,0.0
2021-05-13,2021,5,Q2,Social Media,11078,199,435.9
2021-05-13,2021,5,Q2,Email Campaign,5593,252,150.08
2021-05-13,2021,5,Q2,Paid Ad,19804,238,803.59
2021-05-13,2021,5,Q2,Direct,0,0,0.0
2021-05-13,2021,5,Q2,Referral,0,0,0.0
2021-05-14,2021,5,Q2,Organic Search,0,0,0.0
2021-05-14,2021,5,Q2,Social Media,10809,195,425.56
2021-05-14,2021,5,Q2,Email Campaign,5217,235,139.94
2021-05-14,2021,5,Q2,Paid Ad,17827,214,722.54
2021-05-14,2021,5,Q2,Direct,0,0,0.0
2021-05-14,2021,5,Q2,Referral,0,0,0.0
2021-05-15,2021,5,Q2,Organic Search,0,0,0.0
2021-05-15,2021,5,Q2,Social Media,12046,217,474.03
2021-05-15,2021,5,Q2,Email Campaign,5292,238,142.17
2021-05-15,2021,5,Q2,Paid Ad,18271,219,741.39
2021-05-15,2021,5,Q2,Direct,0,0,0.0
2021-05-15,2021,5,Q2,Referral,0,0,0.0
2021-05-16,2021,5,Q2,Organic Search,0,0,0.0
2021-05-16,2021,5,Q2,Social Media,11320,204,446.12
2021-05-16,2021,5,Q2,Email Campaign,5464,246,146.74
2021-05-16,2021,5,Q2,Paid Ad,18836,226,764.54
2021-05-16,2021,5,Q2,Direct,0,0,0.0
2021-05-16,2021,5,Q2,Referral,0,0,0.0
2021-05-17,2021,5,Q2,Organic Search,0,0,0.0
2021-05-17,2021,5,Q2,Social Media,10406,187,409.65
2021-05-17,2021,5,Q2,Email Campaign,5184,233,139.23
2021-05-17,2021,5,Q2,Paid Ad,17142,206,694.71
2021-05-17,2021,5,Q2,Direct,0,0,0.0
2021-05-17,2021,5,Q2,Referral,0,0,0.0
2021-05-18,2021,5,Q2,Organic Search,0,0,0.0
2021-05-18,2021,5,Q2,Social Media,11025,198,433.91
2021-05-18,2021,5,Q2,Email Campaign,4377,197,117.51
2021-05-18,2021,5,Q2,Paid Ad,16738,201,679.16
2021-05-18,2021,5,Q2,Direct,0,0,0.0
2021-05-18,2021,5,Q2,Referral,0,0,0.0
2021-05-19,2021,5,Q2,Organic Search,0,0,0.0
2021-05-19,2021,5,Q2,Social Media,9303,167,365.79
2021-05-19,2021,5,Q2,Email Campaign,4098,184,110.04
2021-05-19,2021,5,Q2,Paid Ad,16900,203,685.28
2021-05-19,2021,5,Q2,Direct,0,0,0.0
2021-05-19,2021,5,Q2,Referral,0,0,0.0
2021-05-20,2021,5,Q2,Organic Search,0,0,0.0
2021-05-20,2021,5,Q2,Social Media,9761,176,384.28
2021-05-20,2021,5,Q2,Email Campaign,5400,243,144.99
2021-05-20,2021,5,Q2,Paid Ad,17868,214,724.65
2021-05-20,2021,5,Q2,Direct,0,0,0.0
2021-05-20,2021,5,Q2,Referral,0,0,0.0
2021-05-21,2021,5,Q2,Organic Search,0,0,0.0
2021-05-21,2021,5,Q2,Social Media,9061,163,356.24
2021-05-21,2021,5,Q2,Email Campaign,5528,249,148.53
2021-05-21,2021,5,Q2,Paid Ad,18674,224,757.22
2021-05-21,2021,5,Q2,Direct,0,0,0.0
2021-05-21,2021,5,Q2,Referral,0,0,0.0
2021-05-22,2021,5,Q2,Organic Search,0,0,0.0
2021-05-22,2021,5,Q2,Social Media,11858,213,467.03
2021-05-22,2021,5,Q2,Email Campaign,5442,245,146.07
2021-05-22,2021,5,Q2,Paid Ad,18069,217,732.41
2021-05-22,2021,5,Q2,Direct,0,0,0.0
2021-05-22,2021,5,Q2,Referral,0,0,0.0
2021-05-23,2021,5,Q2,Organic Search,0,0,0.0
2021-05-23,2021,5,Q2,Social Media,10997,198,432.95
2021-05-23,2021,5,Q2,Email Campaign,6023,271,161.7
2021-05-23,2021,5,Q2,Paid Ad,22506,270,912.91
2021-05-23,2021,5,Q2,Direct,0,0,0.0
2021-05-23,2021,5,Q2,Referral,0,0,0.0
2021-05-24,2021,5,Q2,Organic Search,0,0,0.0
2021-05-24,2021,5,Q2,Social Media,11078,199,435.94
2021-05-24,2021,5,Q2,Email Campaign,4625,208,124.27
2021-05-24,2021,5,Q2,Paid Ad,15488,186,628.05
2021-05-24,2021,5,Q2,Direct,0,0,0.0
2021-05-24,2021,5,Q2,Referral,0,0,0.0
2021-05-25,2021,5,Q2,Organic Search,0,0,0.0
2021-05-25,2021,5,Q2,Social Media,9976,180,392.39
2021-05-25,2021,5,Q2,Email Campaign,4141,186,111.03
2021-05-25,2021,5,Q2,Paid Ad,17464,210,707.67
2021-05-25,2021,5,Q2,Direct,0,0,0.0
2021-05-25,2021,5,Q2,Referral,0,0,0.0
2021-05-26,2021,5,Q2,Organic Search,0,0,0.0
2021-05-26,2021,5,Q2,Social Media,9734,175,383.44
2021-05-26,2021,5,Q2,Email Campaign,4636,209,124.51
2021-05-26,2021,5,Q2,Paid Ad,14843,178,601.85
2021-05-26,2021,5,Q2,Direct,0,0,0.0
2021-05-26,2021,5,Q2,Referral,0,0,0.0
2021-05-27,2021,5,Q2,Organic Search,0,0,0.0
2021-05-27,2021,5,Q2,Social Media,10271,185,403.96
2021-05-27,2021,5,Q2,Email Campaign,4614,208,123.84
2021-05-27,2021,5,Q2,Paid Ad,15407,185,625.27
2021-05-27,2021,5,Q2,Direct,0,0,0.0
2021-05-27,2021,5,Q2,Referral,0,0,0.0
2021-05-28,2021,5,Q2,Organic Search,0,0,0.0
2021-05-28,2021,5,Q2,Social Media,7583,136,298.9
2021-05-28,2021,5,Q2,Email Campaign,4808,216,129.05
2021-05-28,2021,5,Q2,Paid Ad,19400,233,787.64
2021-05-28,2021,5,Q2,Direct,0,0,0.0
2021-05-28,2021,5,Q2,Referral,0,0,0.0
2021-05-29,2021,5,Q2,Organic Search,0,0,0.0
2021-05-29,2021,5,Q2,Social Media,12853,231,505.53
2021-05-29,2021,5,Q2,Email Campaign,5335,240,143.28
2021-05-29,2021,5,Q2,Paid Ad,18634,224,755.07
2021-05-29,2021,5,Q2,Direct,0,0,0.0
2021-05-29,2021,5,Q2,Referral,0,0,0.0
2021-05-30,2021,5,Q2,Organic Search,0,0,0.0
2021-05-30,2021,5,Q2,Social Media,11751,212,462.98
2021-05-30,2021,5,Q2,Email Campaign,5098,229,136.88
2021-05-30,2021,5,Q2,Paid Ad,20046,241,812.46
2021-05-30,2021,5,Q2,Direct,0,0,0.0
2021-05-30,2021,5,Q2,Referral,0,0,0.0
2021-05-31,2021,5,Q2,Organic Search,0,0,0.0
2021-05-31,2021,5,Q2,Social Media,10460,188,411.84
2021-05-31,2021,5,Q2,Email Campaign,5292,238,142.05
2021-05-31,2021,5,Q2,Paid Ad,16859,202,684.33
2021-05-31,2021,5,Q2,Direct,0,0,0.0
2021-05-31,2021,5,Q2,Referral,0,0,0.0
2021-06-01,2021,6,Q2,Organic Search,0,0,0.0
2021-06-01,2021,6,Q2,Social Media,9707,175,381.73
2021-06-01,2021,6,Q2,Email Campaign,4485,202,120.26
2021-06-01,2021,6,Q2,Paid Ad,15891,191,644.2
2021-06-01,2021,6,Q2,Direct,0,0,0.0
2021-06-01,2021,6,Q2,Referral,0,0,0.0
2021-06-02,2021,6,Q2,Organic Search,0,0,0.0
2021-06-02,2021,6,Q2,Social Media,9680,174,381.02
2021-06-02,2021,6,Q2,Email Campaign,4958,223,133.14
2021-06-02,2021,6,Q2,Paid Ad,18231,219,740.24
2021-06-02,2021,6,Q2,Direct,0,0,0.0
2021-06-02,2021,6,Q2,Referral,0,0,0.0
2021-06-03,2021,6,Q2,Organic Search,0,0,0.0
2021-06-03,2021,6,Q2,Social Media,9223,166,363.12
2021-06-03,2021,6,Q2,Email Campaign,5388,242,144.79
2021-06-03,2021,6,Q2,Paid Ad,16658,200,674.86
2021-06-03,2021,6,Q2,Direct,0,0,0.0
2021-06-03,2021,6,Q2,Referral,0,0,0.0
2021-06-04,2021,6,Q2,Organic Search,0,0,0.0
2021-06-04,2021,6,Q2,Social Media,9841,177,387.38
2021-06-04,2021,6,Q2,Email Campaign,4528,204,121.61
2021-06-04,2021,6,Q2,Paid Ad,13713,165,556.03
2021-06-04,2021,6,Q2,Direct,0,0,0.0
2021-06-04,2021,6,Q2,Referral,0,0,0.0
2021-06-05,2021,6,Q2,Organic Search,0,0,0.0
2021-06-05,2021,6,Q2,Social Media,12127,218,477.81
2021-06-05,2021,6,Q2,Email Campaign,5872,264,157.52
2021-06-05,2021,6,Q2,Paid Ad,19118,229,775.43
2021-06-05,2021,6,Q2,Direct,0,0,0.0
2021-06-05,2021,6,Q2,Referral,0,0,0.0
2021-06-06,2021,6,Q2,Organic Search,0,0,0.0
2021-06-06,2021,6,Q2,Social Media,11401,205,448.62
2021-06-06,2021,6,Q2,Email Campaign,5765,259,154.9
2021-06-06,2021,6,Q2,Paid Ad,17101,205,694.15
2021-06-06,2021,6,Q2,Direct,0,0,0.0
2021-06-06,2021,6,Q2,Referral,0,0,0.0
2021-06-07,2021,6,Q2,Organic Search,0,0,0.0
2021-06-07,2021,6,Q2,Social Media,9438,170,371.63
2021-06-07,2021,6,Q2,Email Campaign,5120,230,137.56
2021-06-07,2021,6,Q2,Paid Ad,15286,183,620.62
2021-06-07,2021,6,Q2,Direct,0,0,0.0
2021-06-07,2021,6,Q2,Referral,0,0,0.0
2021-06-08,2021,6,Q2,Organic Search,0,0,0.0
2021-06-08,2021,6,Q2,Social Media,10083,182,397.12
2021-06-08,2021,6,Q2,Email Campaign,4292,193,115.33
2021-06-08,2021,6,Q2,Paid Ad,17626,212,715.58
2021-06-08,2021,6,Q2,Direct,0,0,0.0
2021-06-08,2021,6,Q2,Referral,0,0,0.0
2021-06-09,2021,6,Q2,Organic Search,0,0,0.0
2021-06-09,2021,6,Q2,Social Media,9841,177,386.94
2021-06-09,2021,6,Q2,Email Campaign,4195,189,112.62
2021-06-09,2021,6,Q2,Paid Ad,18594,223,754.12
2021-06-09,2021,6,Q2,Direct,0,0,0.0
2021-06-09,2021,6,Q2,Referral,0,0,0.0
2021-06-10,2021,6,Q2,Organic Search,0,0,0.0
2021-06-10,2021,6,Q2,Social Media,9277,167,365.23
2021-06-10,2021,6,Q2,Email Campaign,4507,203,120.93
2021-06-10,2021,6,Q2,Paid Ad,17263,207,700.91
2021-06-10,2021,6,Q2,Direct,0,0,0.0
2021-06-10,2021,6,Q2,Referral,0,0,0.0
2021-06-11,2021,6,Q2,Organic Search,0,0,0.0
2021-06-11,2021,6,Q2,Social Media,10755,194,423.69
2021-06-11,2021,6,Q2,Email Campaign,4432,199,118.83
2021-06-11,2021,6,Q2,Paid Ad,17101,205,693.23
2021-06-11,2021,6,Q2,Direct,0,0,0.0
2021-06-11,2021,6,Q2,Referral,0,0,0.0
2021-06-12,2021,6,Q2,Organic Search,0,0,0.0
2021-06-12,2021,6,Q2,Social Media,11723,211,461.55
2021-06-12,2021,6,Q2,Email Campaign,5851,263,157.0
2021-06-12,2021,6,Q2,Paid Ad,19844,238,804.5
2021-06-12,2021,6,Q2,Direct,0,0,0.0
2021-06-12,2021,6,Q2,Referral,0,0,0.0
2021-06-13,2021,6,Q2,Organic Search,0,0,0.0
2021-06-13,2021,6,Q2,Social Media,10997,198,433.11
2021-06-13,2021,6,Q2,Email Campaign,5173,233,138.91
2021-06-13,2021,6,Q2,Paid Ad,19683,236,798.78
2021-06-13,2021,6,Q2,Direct,0,0,0.0
2021-06-13,2021,6,Q2,Referral,0,0,0.0
2021-06-14,2021,6,Q2,Organic Search,0,0,0.0
2021-06-14,2021,6,Q2,Social Media,9008,162,354.77
2021-06-14,2021,6,Q2,Email Campaign,3689,166,99.1
2021-06-14,2021,6,Q2,Paid Ad,17585,211,713.95
2021-06-14,2021,6,Q2,Direct,0,0,0.0
2021-06-14,2021,6,Q2,Referral,0,0,0.0
2021-06-15,2021,6,Q2,Organic Search,0,0,0.0
2021-06-15,2021,6,Q2,Social Media,10567,190,416.09
2021-06-15,2021,6,Q2,Email Campaign,3904,176,104.91
2021-06-15,2021,6,Q2,Paid Ad,15649,188,634.1
2021-06-15,2021,6,Q2,Direct,0,0,0.0
2021-06-15,2021,6,Q2,Referral,0,0,0.0
2021-06-16,2021,6,Q2,Organic Search,0,0,0.0
2021-06-16,2021,6,Q2,Social Media,10352,186,407.26
2021-06-16,2021,6,Q2,Email Campaign,5614,253,150.64
2021-06-16,2021,6,Q2,Paid Ad,17021,204,691.01
2021-06-16,2021,6,Q2,Direct,0,0,0.0
2021-06-16,2021,6,Q2,Referral,0,0,0.0
2021-06-17,2021,6,Q2,Organic Search,0,0,0.0
2021-06-17,2021,6,Q2,Social Media,9277,167,365.43
2021-06-17,2021,6,Q2,Email Campaign,4743,213,127.46
2021-06-17,2021,6,Q2,Paid Ad,18876,227,765.69
2021-06-17,2021,6,Q2,Direct,0,0,0.0
2021-06-17,2021,6,Q2,Referral,0,0,0.0
2021-06-18,2021,6,Q2,Organic Search,0,0,0.0
2021-06-18,2021,6,Q2,Social Media,9357,168,367.97
2021-06-18,2021,6,Q2,Email Campaign,4507,203,121.05
2021-06-18,2021,6,Q2,Paid Ad,16335,196,663.21
2021-06-18,2021,6,Q2,Direct,0,0,0.0
2021-06-18,2021,6,Q2,Referral,0,0,0.0
2021-06-19,2021,6,Q2,Organic Search,0,0,0.0
2021-06-19,2021,6,Q2,Social Media,10460,188,412.19
2021-06-19,2021,6,Q2,Email Campaign,5593,252,150.2
2021-06-19,2021,6,Q2,Paid Ad,22103,265,896.41
2021-06-19,2021,6,Q2,Direct,0,0,0.0
2021-06-19,2021,6,Q2,Referral,0,0,0.0
2021-06-20,2021,6,Q2,Organic Search,0,0,0.0
2021-06-20,2021,6,Q2,Social Media,11616,209,457.77
2021-06-20,2021,6,Q2,Email Campaign,5431,244,145.75
2021-06-20,2021,6,Q2,Paid Ad,19118,229,774.8
2021-06-20,2021,6,Q2,Direct,0,0,0.0
2021-06-20,2021,6,Q2,Referral,0,0,0.0
2021-06-21,2021,6,Q2,Organic Search,0,0,0.0
2021-06-21,2021,6,Q2,Social Media,8631,155,339.5
2021-06-21,2021,6,Q2,Email Campaign,5163,232,138.47
2021-06-21,2021,6,Q2,Paid Ad,16900,203,685.56
2021-06-21,2021,6,Q2,Direct,0,0,0.0
2021-06-21,2021,6,Q2,Referral,0,0,0.0
2021-06-22,2021,6,Q2,Organic Search,0,0,0.0
2021-06-22,2021,6,Q2,Social Media,9707,175,382.45
2021-06-22,2021,6,Q2,Email Campaign,6045,272,162.41
2021-06-22,2021,6,Q2,Paid Ad,17424,209,706.32
2021-06-22,2021,6,Q2,Direct,0,0,0.0
2021-06-22,2021,6,Q2,Referral,0,0,0.0
2021-06-23,2021,6,Q2,Organic Search,0,0,0.0
2021-06-23,2021,6,Q2,Social Media,9277,167,364.71
2021-06-23,2021,6,Q2,Email Campaign,4657,210,124.95
2021-06-23,2021,6,Q2,Paid Ad,18553,223,753.2
2021-06-23,2021,6,Q2,Direct,0,0,0.0
2021-06-23,2021,6,Q2,Referral,0,0,0.0
2021-06-24,2021,6,Q2,Organic Search,0,0,0.0
2021-06-24,2021,6,Q2,Social Media,9949,179,391.55
2021-06-24,2021,6,Q2,Email Campaign,4259,192,114.45
2021-06-24,2021,6,Q2,Paid Ad,18271,219,740.56
2021-06-24,2021,6,Q2,Direct,0,0,0.0
2021-06-24,2021,6,Q2,Referral,0,0,0.0
2021-06-25,2021,6,Q2,Organic Search,0,0,0.0
2021-06-25,2021,6,Q2,Social Media,9331,168,367.3
2021-06-25,2021,6,Q2,Email Campaign,5539,249,148.73
2021-06-25,2021,6,Q2,Paid Ad,18473,222,749.47
2021-06-25,2021,6,Q2,Direct,0,0,0.0
2021-06-25,2021,6,Q2,Referral,0,0,0.0
2021-06-26,2021,6,Q2,Organic Search,0,0,0.0
2021-06-26,2021,6,Q2,Social Media,10917,197,430.25
2021-06-26,2021,6,Q2,Email Campaign,6109,275,164.0
2021-06-26,2021,6,Q2,Paid Ad,19683,236,797.62
2021-06-26,2021,6,Q2,Direct,0,0,0.0
2021-06-26,2021,6,Q2,Referral,0,0,0.0
2021-06-27,2021,6,Q2,Organic Search,0,0,0.0
2021-06-27,2021,6,Q2,Social Media,12100,218,476.7
2021-06-27,2021,6,Q2,Email Campaign,5754,259,154.54
2021-06-27,2021,6,Q2,Paid Ad,18231,219,739.6
2021-06-27,2021,6,Q2,Direct,0,0,0.0
2021-06-27,2021,6,Q2,Referral,0,0,0.0
2021-06-28,2021,6,Q2,Organic Search,0,0,0.0
2021-06-28,2021,6,Q2,Social Media,9357,168,368.05
2021-06-28,2021,6,Q2,Email Campaign,5217,235,140.02
2021-06-28,2021,6,Q2,Paid Ad,16537,198,671.36
2021-06-28,2021,6,Q2,Direct,0,0,0.0
2021-06-28,2021,6,Q2,Referral,0,0,0.0
2021-06-29,2021,6,Q2,Organic Search,0,0,0.0
2021-06-29,2021,6,Q2,Social Media,9545,172,375.49
2021-06-29,2021,6,Q2,Email Campaign,4453,200,119.46
2021-06-29,2021,6,Q2,Paid Ad,17585,211,713.24
2021-06-29,2021,6,Q2,Direct,0,0,0.0
2021-06-29,2021,6,Q2,Referral,0,0,0.0
2021-06-30,2021,6,Q2,Organic Search,0,0,0.0
2021-06-30,2021,6,Q2,Social Media,11481,207,452.04
2021-06-30,2021,6,Q2,Email Campaign,4410,198,118.31
2021-06-30,2021,6,Q2,Paid Ad,17021,204,691.17
2021-06-30,2021,6,Q2,Direct,0,0,0.0
2021-06-30,2021,6,Q2,Referral,0,0,0.0
2021-07-01,2021,7,Q3,Organic Search,0,0,0.0
2021-07-01,2021,7,Q3,Social Media,12611,227,496.66
2021-07-01,2021,7,Q3,Email Campaign,5507,248,147.82
2021-07-01,2021,7,Q3,Paid Ad,20247,243,822.04
2021-07-01,2021,7,Q3,Direct,0,0,0.0
2021-07-01,2021,7,Q3,Referral,0,0,0.0
2021-07-02,2021,7,Q3,Organic Search,0,0,0.0
2021-07-02,2021,7,Q3,Social Media,10379,187,408.34
2021-07-02,2021,7,Q3,Email Campaign,5732,258,153.86
2021-07-02,2021,7,Q3,Paid Ad,19279,231,781.44
2021-07-02,2021,7,Q3,Direct,0,0,0.0
2021-07-02,2021,7,Q3,Referral,0,0,0.0
2021-07-03,2021,7,Q3,Organic Search,0,0,0.0
2021-07-03,2021,7,Q3,Social Media,14063,253,553.65
2021-07-03,2021,7,Q3,Email Campaign,6980,314,187.31
2021-07-03,2021,7,Q3,Paid Ad,27144,326,1101.33
2021-07-03,2021,7,Q3,Direct,0,0,0.0
2021-07-03,2021,7,Q3,Referral,0,0,0.0
2021-07-04,2021,7,Q3,Organic Search,0,0,0.0
2021-07-04,2021,7,Q3,Social Media,13633,245,536.99
2021-07-04,2021,7,Q3,Email Campaign,6539,294,175.54
2021-07-04,2021,7,Q3,Paid Ad,22829,274,926.47
2021-07-04,2021,7,Q3,Direct,0,0,0.0
2021-07-04,2021,7,Q3,Referral,0,0,0.0
2021-07-05,2021,7,Q3,Organic Search,0,0,0.0
2021-07-05,2021,7,Q3,Social Media,11025,198,433.63
2021-07-05,2021,7,Q3,Email Campaign,5690,256,152.79
2021-07-05,2021,7,Q3,Paid Ad,19078,229,774.56
2021-07-05,2021,7,Q3,Direct,0,0,0.0
2021-07-05,2021,7,Q3,Referral,0,0,0.0
2021-07-06,2021,7,Q3,Organic Search,0,0,0.0
2021-07-06,2021,7,Q3,Social Media,11481,207,452.24
2021-07-06,2021,7,Q3,Email Campaign,6131,276,164.44
2021-07-06,2021,7,Q3,Paid Ad,17989,216,729.42
2021-07-06,2021,7,Q3,Direct,0,0,0.0
2021-07-06,2021,7,Q3,Referral,0,0,0.0
2021-07-07,2021,7,Q3,Organic Search,0,0,0.0
2021-07-07,2021,7,Q3,Social Media,12369,223,486.92
2021-07-07,2021,7,Q3,Email Campaign,6120,275,164.4
2021-07-07,2021,7,Q3,Paid Ad,19360,232,785.81
2021-07-07,2021,7,Q3,Direct,0,0,0.0
2021-07-07,2021,7,Q3,Referral,0,0,0.0
2021-07-08,2021,7,Q3,Organic Search,0,0,0.0
2021-07-08,2021,7,Q3,Social Media,9411,169,370.52
2021-07-08,2021,7,Q3,Email Campaign,5270,237,141.49
2021-07-08,2021,7,Q3,Paid Ad,21578,259,875.65
2021-07-08,2021,7,Q3,Direct,0,0,0.0
2021-07-08,2021,7,Q3,Referral,0,0,0.0
2021-07-09,2021,7,Q3,Organic Search,0,0,0.0
2021-07-09,2021,7,Q3,Social Media,11320,204,445.44
2021-07-09,2021,7,Q3,Email Campaign,5098,229,136.84
2021-07-09,2021,7,Q3,Paid Ad,18755,225,761.28
2021-07-09,2021,7,Q3,Direct,0,0,0.0
2021-07-09,2021,7,Q3,Referral,0,0,0.0
2021-07-10,2021,7,Q3,Organic Search,0,0,0.0
2021-07-10,2021,7,Q3,Social Media,13901,250,547.68
2021-07-10,2021,7,Q3,Email Campaign,6647,299,178.56
2021-07-10,2021,7,Q3,Paid Ad,22062,265,894.86
2021-07-10,2021,7,Q3,Direct,0,0,0.0
2021-07-10,2021,7,Q3,Referral,0,0,0.0
2021-07-11,2021,7,Q3,Organic Search,0,0,0.0
2021-07-11,2021,7,Q3,Social Media,12665,228,498.09
2021-07-11,2021,7,Q3,Email Campaign,6174,278,165.71
2021-07-11,2021,7,Q3,Paid Ad,20812,250,844.99
2021-07-11,2021,7,Q3,Direct,0,0,0.0
2021-07-11,2021,7,Q3,Referral,0,0,0.0
2021-07-12,2021,7,Q3,Organic Search,0,0,0.0
2021-07-12,2021,7,Q3,Social Media,12799,230,503.9
2021-07-12,2021,7,Q3,Email Campaign,5400,243,144.91
2021-07-12,2021,7,Q3,Paid Ad,21457,257,870.56
2021-07-12,2021,7,Q3,Direct,0,0,0.0
2021-07-12,2021,7,Q3,Referral,0,0,0.0
2021-07-13,2021,7,Q3,Organic Search,0,0,0.0
2021-07-13,2021,7,Q3,Social Media,12719,229,500.56
2021-07-13,2021,7,Q3,Email Campaign,5980,269,160.62
2021-07-13,2021,7,Q3,Paid Ad,18876,227,765.93
2021-07-13,2021,7,Q3,Direct,0,0,0.0
2021-07-13,2021,7,Q3,Referral,0,0,0.0
2021-07-14,2021,7,Q3,Organic Search,0,0,0.0
2021-07-14,2021,7,Q3,Social Media,11697,211,460.67
2021-07-14,2021,7,Q3,Email Campaign,5528,249,148.45
2021-07-14,2021,7,Q3,Paid Ad,18150,218,735.94
2021-07-14,2021,7,Q3,Direct,0,0,0.0
2021-07-14,2021,7,Q3,Referral,0,0,0.0
2021-07-15,2021,7,Q3,Organic Search,0,0,0.0
2021-07-15,2021,7,Q3,Social Media,11616,209,457.81
2021-07-15,2021,7,Q3,Email Campaign,5023,226,134.73
2021-07-15,2021,7,Q3,Paid Ad,21417,257,868.69
2021-07-15,2021,7,Q3,Direct,0,0,0.0
2021-07-15,2021,7,Q3,Referral,0,0,0.0
2021-07-16,2021,7,Q3,Organic Search,0,0,0.0
2021-07-16,2021,7,Q3,Social Media,10917,197,429.65
2021-07-16,2021,7,Q3,Email Campaign,5625,253,151.12
2021-07-16,2021,7,Q3,Paid Ad,20005,240,811.31
2021-07-16,2021,7,Q3,Direct,0,0,0.0
2021-07-16,2021,7,Q3,Referral,0,0,0.0
2021-07-17,2021,7,Q3,Organic Search,0,0,0.0
2021-07-17,2021,7,Q3,Social Media,12772,230,502.55
2021-07-17,2021,7,Q3,Email Campaign,6669,300,179.07
2021-07-17,2021,7,Q3,Paid Ad,21619,259,877.64
2021-07-17,2021,7,Q3,Direct,0,0,0.0
2021-07-17,2021,7,Q3,Referral,0,0,0.0
2021-07-18,2021,7,Q3,Organic Search,0,0,0.0
2021-07-18,2021,7,Q3,Social Media,13955,251,548.96
2021-07-18,2021,7,Q3,Email Campaign,5690,256,152.63
2021-07-18,2021,7,Q3,Paid Ad,22708,272,921.54
2021-07-18,2021,7,Q3,Direct,0,0,0.0
2021-07-18,2021,7,Q3,Referral,0,0,0.0
2021-07-19,2021,7,Q3,Organic Search,0,0,0.0
2021-07-19,2021,7,Q3,Social Media,13095,236,515.47
2021-07-19,2021,7,Q3,Email Campaign,5098,229,136.84
2021-07-19,2021,7,Q3,Paid Ad,18513,222,750.3
2021-07-19,2021,7,Q3,Direct,0,0,0.0
2021-07-19,2021,7,Q3,Referral,0,0,0.0
2021-07-20,2021,7,Q3,Organic Search,0,0,0.0
2021-07-20,2021,7,Q3,Social Media,11804,212,464.57
2021-07-20,2021,7,Q3,Email Campaign,5625,253,150.88
2021-07-20,2021,7,Q3,Paid Ad,20086,241,815.56
2021-07-20,2021,7,Q3,Direct,0,0,0.0
2021-07-20,2021,7,Q3,Referral,0,0,0.0
2021-07-21,2021,7,Q3,Organic Search,0,0,0.0
2021-07-21,2021,7,Q3,Social Media,11777,212,463.69
2021-07-21,2021,7,Q3,Email Campaign,5819,262,156.29
2021-07-21,2021,7,Q3,Paid Ad,21296,256,863.76
2021-07-21,2021,7,Q3,Direct,0,0,0.0
2021-07-21,2021,7,Q3,Referral,0,0,0.0
2021-07-22,2021,7,Q3,Organic Search,0,0,0.0
2021-07-22,2021,7,Q3,Social Media,11697,211,460.87
2021-07-22,2021,7,Q3,Email Campaign,5431,244,145.87
2021-07-22,2021,7,Q3,Paid Ad,20610,247,836.0
2021-07-22,2021,7,Q3,Direct,0,0,0.0
2021-07-22,2021,7,Q3,Referral,0,0,0.0
2021-07-23,2021,7,Q3,Organic Search,0,0,0.0
2021-07-23,2021,7,Q3,Social Media,13068,235,514.08
2021-07-23,2021,7,Q3,Email Campaign,5485,247,147.18
2021-07-23,2021,7,Q3,Paid Ad,18029,216,731.45
2021-07-23,2021,7,Q3,Direct,0,0,0.0
2021-07-23,2021,7,Q3,Referral,0,0,0.0
2021-07-24,2021,7,Q3,Organic Search,0,0,0.0
2021-07-24,2021,7,Q3,Social Media,14197,256,558.62
2021-07-24,2021,7,Q3,Email Campaign,6313,284,169.41
2021-07-24,2021,7,Q3,Paid Ad,18594,223,753.72
2021-07-24,2021,7,Q3,Direct,0,0,0.0
2021-07-24,2021,7,Q3,Referral,0,0,0.0
2021-07-25,2021,7,Q3,Organic Search,0,0,0.0
2021-07-25,2021,7,Q3,Social Media,13929,251,547.96
2021-07-25,2021,7,Q3,Email Campaign,6098,274,163.72
2021-07-25,2021,7,Q3,Paid Ad,22345,268,905.71
2021-07-25,2021,7,Q3,Direct,0,0,0.0
2021-07-25,2021,7,Q3,Referral,0,0,0.0
2021-07-26,2021,7,Q3,Organic Search,0,0,0.0
2021-07-26,2021,7,Q3,Social Media,11643,210,458.09
2021-07-26,2021,7,Q3,Email Campaign,5625,253,151.0
2021-07-26,2021,7,Q3,Paid Ad,20651,248,838.35
2021-07-26,2021,7,Q3,Direct,0,0,0.0
2021-07-26,2021,7,Q3,Referral,0,0,0.0
2021-07-27,2021,7,Q3,Organic Search,0,0,0.0
2021-07-27,2021,7,Q3,Social Media,10944,197,430.69
2021-07-27,2021,7,Q3,Email Campaign,5765,259,154.86
2021-07-27,2021,7,Q3,Paid Ad,19158,230,776.83
2021-07-27,2021,7,Q3,Direct,0,0,0.0
2021-07-27,2021,7,Q3,Referral,0,0,0.0
2021-07-28,2021,7,Q3,Organic Search,0,0,0.0
2021-07-28,2021,7,Q3,Social Media,11993,216,472.6
2021-07-28,2021,7,Q3,Email Campaign,5819,262,156.05
2021-07-28,2021,7,Q3,Paid Ad,18110,217,733.96
2021-07-28,2021,7,Q3,Direct,0,0,0.0
2021-07-28,2021,7,Q3,Referral,0,0,0.0
2021-07-29,2021,7,Q3,Organic Search,0,0,0.0
2021-07-29,2021,7,Q3,Social Media,12315,222,485.01
2021-07-29,2021,7,Q3,Email Campaign,5303,239,142.37
2021-07-29,2021,7,Q3,Paid Ad,20812,250,844.59
2021-07-29,2021,7,Q3,Direct,0,0,0.0
2021-07-29,2021,7,Q3,Referral,0,0,0.0
2021-07-30,2021,7,Q3,Organic Search,0,0,0.0
2021-07-30,2021,7,Q3,Social Media,11670,210,459.36
2021-07-30,2021,7,Q3,Email Campaign,6356,286,170.6
2021-07-30,2021,7,Q3,Paid Ad,19199,230,779.13
2021-07-30,2021,7,Q3,Direct,0,0,0.0
2021-07-30,2021,7,Q3,Referral,0,0,0.0
2021-07-31,2021,7,Q3,Organic Search,0,0,0.0
2021-07-31,2021,7,Q3,Social Media,12665,228,498.85
2021-07-31,2021,7,Q3,Email Campaign,6368,287,170.8
2021-07-31,2021,7,Q3,Paid Ad,21941,263,890.2
2021-07-31,2021,7,Q3,Direct,0,0,0.0
2021-07-31,2021,7,Q3,Referral,0,0,0.0
2021-08-01,2021,8,Q3,Organic Search,0,0,0.0
2021-08-01,2021,8,Q3,Social Media,12073,217,474.79
2021-08-01,2021,8,Q3,Email Campaign,4829,217,129.52
2021-08-01,2021,8,Q3,Paid Ad,17908,215,726.44
2021-08-01,2021,8,Q3,Direct,0,0,0.0
2021-08-01,2021,8,Q3,Referral,0,0,0.0
2021-08-02,2021,8,Q3,Organic Search,0,0,0.0
2021-08-02,2021,8,Q3,Social Media,9008,162,354.89
2021-08-02,2021,8,Q3,Email Campaign,5184,233,139.19
2021-08-02,2021,8,Q3,Paid Ad,19320,232,784.26
2021-08-02,2021,8,Q3,Direct,0,0,0.0
2021-08-02,2021,8,Q3,Referral,0,0,0.0
2021-08-03,2021,8,Q3,Organic Search,0,0,0.0
2021-08-03,2021,8,Q3,Social Media,9761,176,384.79
2021-08-03,2021,8,Q3,Email Campaign,4754,214,127.58
2021-08-03,2021,8,Q3,Paid Ad,17101,205,693.71
2021-08-03,2021,8,Q3,Direct,0,0,0.0
2021-08-03,2021,8,Q3,Referral,0,0,0.0
2021-08-04,2021,8,Q3,Organic Search,0,0,0.0
2021-08-04,2021,8,Q3,Social Media,10783,194,424.08
2021-08-04,2021,8,Q3,Email Campaign,4463,201,119.74
2021-08-04,2021,8,Q3,Paid Ad,17343,208,702.98
2021-08-04,2021,8,Q3,Direct,0,0,0.0
2021-08-04,2021,8,Q3,Referral,0,0,0.0
2021-08-05,2021,8,Q3,Organic Search,0,0,0.0
2021-08-05,2021,8,Q3,Social Media,10621,191,418.32
2021-08-05,2021,8,Q3,Email Campaign,5012,226,134.53
2021-08-05,2021,8,Q3,Paid Ad,17263,207,700.31
2021-08-05,2021,8,Q3,Direct,0,0,0.0
2021-08-05,2021,8,Q3,Referral,0,0,0.0
2021-08-06,2021,8,Q3,Organic Search,0,0,0.0
2021-08-06,2021,8,Q3,Social Media,10648,192,419.11
2021-08-06,2021,8,Q3,Email Campaign,3775,170,101.37
2021-08-06,2021,8,Q3,Paid Ad,17948,215,727.24
2021-08-06,2021,8,Q3,Direct,0,0,0.0
2021-08-06,2021,8,Q3,Referral,0,0,0.0
2021-08-07,2021,8,Q3,Organic Search,0,0,0.0
2021-08-07,2021,8,Q3,Social Media,10729,193,422.89
2021-08-07,2021,8,Q3,Email Campaign,4733,213,126.94
2021-08-07,2021,8,Q3,Paid Ad,20368,244,825.78
2021-08-07,2021,8,Q3,Direct,0,0,0.0
2021-08-07,2021,8,Q3,Referral,0,0,0.0
2021-08-08,2021,8,Q3,Organic Search,0,0,0.0
2021-08-08,2021,8,Q3,Social Media,12584,227,495.27
2021-08-08,2021,8,Q3,Email Campaign,5485,247,147.1
2021-08-08,2021,8,Q3,Paid Ad,21054,253,853.78
2021-08-08,2021,8,Q3,Direct,0,0,0.0
2021-08-08,2021,8,Q3,Referral,0,0,0.0
2021-08-09,2021,8,Q3,Organic Search,0,0,0.0
2021-08-09,2021,8,Q3,Social Media,11132,200,438.08
2021-08-09,2021,8,Q3,Email Campaign,5324,240,142.97
2021-08-09,2021,8,Q3,Paid Ad,19239,231,780.33
2021-08-09,2021,8,Q3,Direct,0,0,0.0
2021-08-09,2021,8,Q3,Referral,0,0,0.0
2021-08-10,2021,8,Q3,Organic Search,0,0,0.0
2021-08-10,2021,8,Q3,Social Media,10433,188,411.08
2021-08-10,2021,8,Q3,Email Campaign,4851,218,130.12
2021-08-10,2021,8,Q3,Paid Ad,14843,178,601.45
2021-08-10,2021,8,Q3,Direct,0,0,0.0
2021-08-10,2021,8,Q3,Referral,0,0,0.0
2021-08-11,2021,8,Q3,Organic Search,0,0,0.0
2021-08-11,2021,8,Q3,Social Media,9653,174,380.38
2021-08-11,2021,8,Q3,Email Campaign,4496,202,120.62
2021-08-11,2021,8,Q3,Paid Ad,19965,240,809.63
2021-08-11,2021,8,Q3,Direct,0,0,0.0
2021-08-11,2021,8,Q3,Referral,0,0,0.0
2021-08-12,2021,8,Q3,Organic Search,0,0,0.0
2021-08-12,2021,8,Q3,Social Media,9707,175,382.57
2021-08-12,2021,8,Q3,Email Campaign,4861,219,130.6
2021-08-12,2021,8,Q3,Paid Ad,17747,213,720.28
2021-08-12,2021,8,Q3,Direct,0,0,0.0
2021-08-12,2021,8,Q3,Referral,0,0,0.0
2021-08-13,2021,8,Q3,Organic Search,0,0,0.0
2021-08-13,2021,8,Q3,Social Media,9895,178,389.37
2021-08-13,2021,8,Q3,Email Campaign,5475,246,146.86
2021-08-13,2021,8,Q3,Paid Ad,16174,194,655.49
2021-08-13,2021,8,Q3,Direct,0,0,0.0
2021-08-13,2021,8,Q3,Referral,0,0,0.0
2021-08-14,2021,8,Q3,Organic Search,0,0,0.0
2021-08-14,2021,8,Q3,Social Media,11509,207,453.2
2021-08-14,2021,8,Q3,Email Campaign,5217,235,139.9
2021-08-14,2021,8,Q3,Paid Ad,17505,210,709.54
2021-08-14,2021,8,Q3,Direct,0,0,0.0
2021-08-14,2021,8,Q3,Referral,0,0,0.0
2021-08-15,2021,8,Q3,Organic Search,0,0,0.0
2021-08-15,2021,8,Q3,Social Media,10783,194,424.4
2021-08-15,2021,8,Q3,Email Campaign,5528,249,148.29
2021-08-15,2021,8,Q3,Paid Ad,18876,227,766.05
2021-08-15,2021,8,Q3,Direct,0,0,0.0
2021-08-15,2021,8,Q3,Referral,0,0,0.0
2021-08-16,2021,8,Q3,Organic Search,0,0,0.0
2021-08-16,2021,8,Q3,Social Media,9303,167,366.54
2021-08-16,2021,8,Q3,Email Campaign,4280,193,114.81
2021-08-16,2021,8,Q3,Paid Ad,16900,203,685.24
2021-08-16,2021,8,Q3,Direct,0,0,0.0
2021-08-16,2021,8,Q3,Referral,0,0,0.0
2021-08-17,2021,8,Q3,Organic Search,0,0,0.0
2021-08-17,2021,8,Q3,Social Media,8658,156,341.33
2021-08-17,2021,8,Q3,Email Campaign,5109,230,137.2
2021-08-17,2021,8,Q3,Paid Ad,17101,205,694.39
2021-08-17,2021,8,Q3,Direct,0,0,0.0
2021-08-17,2021,8,Q3,Referral,0,0,0.0
2021-08-18,2021,8,Q3,Organic Search,0,0,0.0
2021-08-18,2021,8,Q3,Social Media,8712,157,342.8
2021-08-18,2021,8,Q3,Email Campaign,4700,212,126.14
2021-08-18,2021,8,Q3,Paid Ad,15972,192,648.34
2021-08-18,2021,8,Q3,Direct,0,0,0.0
2021-08-18,2021,8,Q3,Referral,0,0,0.0
2021-08-19,2021,8,Q3,Organic Search,0,0,0.0
2021-08-19,2021,8,Q3,Social Media,10110,182,397.96
2021-08-19,2021,8,Q3,Email Campaign,5335,240,143.2
2021-08-19,2021,8,Q3,Paid Ad,14439,173,586.38
2021-08-19,2021,8,Q3,Direct,0,0,0.0
2021-08-19,2021,8,Q3,Referral,0,0,0.0
2021-08-20,2021,8,Q3,Organic Search,0,0,0.0
2021-08-20,2021,8,Q3,Social Media,9949,179,391.59
2021-08-20,2021,8,Q3,Email Campaign,4754,214,127.69
2021-08-20,2021,8,Q3,Paid Ad,17908,215,726.88
2021-08-20,2021,8,Q3,Direct,0,0,0.0
2021-08-20,2021,8,Q3,Referral,0,0,0.0
2021-08-21,2021,8,Q3,Organic Search,0,0,0.0
2021-08-21,2021,8,Q3,Social Media,11535,208,453.83
2021-08-21,2021,8,Q3,Email Campaign,5206,234,139.78
2021-08-21,2021,8,Q3,Paid Ad,19078,229,773.05
2021-08-21,2021,8,Q3,Direct,0,0,0.0
2021-08-21,2021,8,Q3,Referral,0,0,0.0
2021-08-22,2021,8,Q3,Organic Search,0,0,0.0
2021-08-22,2021,8,Q3,Social Media,10621,191,417.84
2021-08-22,2021,8,Q3,Email Campaign,6023,271,161.54
2021-08-22,2021,8,Q3,Paid Ad,19602,235,794.64
2021-08-22,2021,8,Q3,Direct,0,0,0.0
2021-08-22,2021,8,Q3,Referral,0,0,0.0
2021-08-23,2021,8,Q3,Organic Search,0,0,0.0
2021-08-23,2021,8,Q3,Social Media,11347,204,447.03
2021-08-23,2021,8,Q3,Email Campaign,4797,216,128.73
2021-08-23,2021,8,Q3,Paid Ad,16053,193,650.76
2021-08-23,2021,8,Q3,Direct,0,0,0.0
2021-08-23,2021,8,Q3,Referral,0,0,0.0
2021-08-24,2021,8,Q3,Organic Search,0,0,0.0
2021-08-24,2021,8,Q3,Social Media,8658,156,341.05
2021-08-24,2021,8,Q3,Email Campaign,4119,185,110.67
2021-08-24,2021,8,Q3,Paid Ad,14843,178,602.4
2021-08-24,2021,8,Q3,Direct,0,0,0.0
2021-08-24,2021,8,Q3,Referral,0,0,0.0
2021-08-25,2021,8,Q3,Organic Search,0,0,0.0
2021-08-25,2021,8,Q3,Social Media,10057,181,396.33
2021-08-25,2021,8,Q3,Email Campaign,5012,226,134.61
2021-08-25,2021,8,Q3,Paid Ad,14843,178,602.56
2021-08-25,2021,8,Q3,Direct,0,0,0.0
2021-08-25,2021,8,Q3,Referral,0,0,0.0
2021-08-26,2021,8,Q3,Organic Search,0,0,0.0
2021-08-26,2021,8,Q3,Social Media,10567,190,415.81
2021-08-26,2021,8,Q3,Email Campaign,4636,209,124.35
2021-08-26,2021,8,Q3,Paid Ad,17222,207,697.93
2021-08-26,2021,8,Q3,Direct,0,0,0.0
2021-08-26,2021,8,Q3,Referral,0,0,0.0
2021-08-27,2021,8,Q3,Organic Search,0,0,0.0
2021-08-27,2021,8,Q3,Social Media,11132,200,438.08
2021-08-27,2021,8,Q3,Email Campaign,5163,232,138.63
2021-08-27,2021,8,Q3,Paid Ad,16658,200,675.02
2021-08-27,2021,8,Q3,Direct,0,0,0.0
2021-08-27,2021,8,Q3,Referral,0,0,0.0
2021-08-28,2021,8,Q3,Organic Search,0,0,0.0
2021-08-28,2021,8,Q3,Social Media,10513,189,414.42
2021-08-28,2021,8,Q3,Email Campaign,4593,207,123.16
2021-08-28,2021,8,Q3,Paid Ad,18432,221,747.68
2021-08-28,2021,8,Q3,Direct,0,0,0.0
2021-08-28,2021,8,Q3,Referral,0,0,0.0
2021-08-29,2021,8,Q3,Organic Search,0,0,0.0
2021-08-29,2021,8,Q3,Social Media,11132,200,438.68
2021-08-29,2021,8,Q3,Email Campaign,5109,230,137.0
2021-08-29,2021,8,Q3,Paid Ad,19360,232,784.98
2021-08-29,2021,8,Q3,Direct,0,0,0.0
2021-08-29,2021,8,Q3,Referral,0,0,0.0
2021-08-30,2021,8,Q3,Organic Search,0,0,0.0
2021-08-30,2021,8,Q3,Social Media,9922,179,390.4
2021-08-30,2021,8,Q3,Email Campaign,4733,213,127.02
2021-08-30,2021,8,Q3,Paid Ad,16133,194,653.94
2021-08-30,2021,8,Q3,Direct,0,0,0.0
2021-08-30,2021,8,Q3,Referral,0,0,0.0
2021-08-31,2021,8,Q3,Organic Search,0,0,0.0
2021-08-31,2021,8,Q3,Social Media,9976,180,393.26
2021-08-31,2021,8,Q3,Email Campaign,4991,225,133.94
2021-08-31,2021,8,Q3,Paid Ad,15528,186,629.69
2021-08-31,2021,8,Q3,Direct,0,0,0.0
2021-08-31,2021,8,Q3,Referral,0,0,0.0
2021-09-01,2021,9,Q3,Organic Search,0,0,0.0
2021-09-01,2021,9,Q3,Social Media,10971,197,431.84
2021-09-01,2021,9,Q3,Email Campaign,4776,215,128.33
2021-09-01,2021,9,Q3,Paid Ad,17021,204,690.89
2021-09-01,2021,9,Q3,Direct,0,0,0.0
2021-09-01,2021,9,Q3,Referral,0,0,0.0
2021-09-02,2021,9,Q3,Organic Search,0,0,0.0
2021-09-02,2021,9,Q3,Social Media,10406,187,410.01
2021-09-02,2021,9,Q3,Email Campaign,4904,221,131.75
2021-09-02,2021,9,Q3,Paid Ad,18311,220,742.43
2021-09-02,2021,9,Q3,Direct,0,0,0.0
2021-09-02,2021,9,Q3,Referral,0,0,0.0
2021-09-03,2021,9,Q3,Organic Search,0,0,0.0
2021-09-03,2021,9,Q3,Social Media,10083,182,396.96
2021-09-03,2021,9,Q3,Email Campaign,4582,206,123.0
2021-09-03,2021,9,Q3,Paid Ad,17505,210,709.78
2021-09-03,2021,9,Q3,Direct,0,0,0.0
2021-09-03,2021,9,Q3,Referral,0,0,0.0
2021-09-04,2021,9,Q3,Organic Search,0,0,0.0
2021-09-04,2021,9,Q3,Social Media,10299,185,405.39
2021-09-04,2021,9,Q3,Email Campaign,5593,252,150.04
2021-09-04,2021,9,Q3,Paid Ad,19521,234,791.18
2021-09-04,2021,9,Q3,Direct,0,0,0.0
2021-09-04,2021,9,Q3,Referral,0,0,0.0
2021-09-05,2021,9,Q3,Organic Search,0,0,0.0
2021-09-05,2021,9,Q3,Social Media,11159,201,438.8
2021-09-05,2021,9,Q3,Email Campaign,5485,247,147.22
2021-09-05,2021,9,Q3,Paid Ad,16617,199,673.87
2021-09-05,2021,9,Q3,Direct,0,0,0.0
2021-09-05,2021,9,Q3,Referral,0,0,0.0
2021-09-06,2021,9,Q3,Organic Search,0,0,0.0
2021-09-06,2021,9,Q3,Social Media,9411,169,370.99
2021-09-06,2021,9,Q3,Email Campaign,4851,218,130.32
2021-09-06,2021,9,Q3,Paid Ad,17222,207,698.64
2021-09-06,2021,9,Q3,Direct,0,0,0.0
2021-09-06,2021,9,Q3,Referral,0,0,0.0
2021-09-07,2021,9,Q3,Organic Search,0,0,0.0
2021-09-07,2021,9,Q3,Social Media,9035,163,356.12
2021-09-07,2021,9,Q3,Email Campaign,5303,239,142.45
2021-09-07,2021,9,Q3,Paid Ad,15811,190,642.05
2021-09-07,2021,9,Q3,Direct,0,0,0.0
2021-09-07,2021,9,Q3,Referral,0,0,0.0
2021-09-08,2021,9,Q3,Organic Search,0,0,0.0
2021-09-08,2021,9,Q3,Social Media,10621,191,418.12
2021-09-08,2021,9,Q3,Email Campaign,4980,224,133.78
2021-09-08,2021,9,Q3,Paid Ad,16133,194,654.18
2021-09-08,2021,9,Q3,Direct,0,0,0.0
2021-09-08,2021,9,Q3,Referral,0,0,0.0
2021-09-09,2021,9,Q3,Organic Search,0,0,0.0
2021-09-09,2021,9,Q3,Social Media,11267,203,443.13
2021-09-09,2021,9,Q3,Email Campaign,4356,196,117.0
2021-09-09,2021,9,Q3,Paid Ad,18271,219,740.56
2021-09-09,2021,9,Q3,Direct,0,0,0.0
2021-09-09,2021,9,Q3,Referral,0,0,0.0
2021-09-10,2021,9,Q3,Organic Search,0,0,0.0
2021-09-10,2021,9,Q3,Social Media,10648,192,419.11
2021-09-10,2021,9,Q3,Email Campaign,4560,205,122.41
2021-09-10,2021,9,Q3,Paid Ad,18916,227,766.69
2021-09-10,2021,9,Q3,Direct,0,0,0.0
2021-09-10,2021,9,Q3,Referral,0,0,0.0
2021-09-11,2021,9,Q3,Organic Search,0,0,0.0
2021-09-11,2021,9,Q3,Social Media,11105,200,437.29
2021-09-11,2021,9,Q3,Email Campaign,5668,255,152.19
2021-09-11,2021,9,Q3,Paid Ad,19965,240,809.83
2021-09-11,2021,9,Q3,Direct,0,0,0.0
2021-09-11,2021,9,Q3,Referral,0,0,0.0
2021-09-12,2021,9,Q3,Organic Search,0,0,0.0
2021-09-12,2021,9,Q3,Social Media,11213,202,441.46
2021-09-12,2021,9,Q3,Email Campaign,5905,266,158.4
2021-09-12,2021,9,Q3,Paid Ad,20812,250,843.68
2021-09-12,2021,9,Q3,Direct,0,0,0.0
2021-09-12,2021,9,Q3,Referral,0,0,0.0
2021-09-13,2021,9,Q3,Organic Search,0,0,0.0
2021-09-13,2021,9,Q3,Social Media,8470,152,333.77
2021-09-13,2021,9,Q3,Email Campaign,5324,240,142.85
2021-09-13,2021,9,Q3,Paid Ad,14762,177,598.07
2021-09-13,2021,9,Q3,Direct,0,0,0.0
2021-09-13,2021,9,Q3,Referral,0,0,0.0
2021-09-14,2021,9,Q3,Organic Search,0,0,0.0
2021-09-14,2021,9,Q3,Social Media,10675,192,420.07
2021-09-14,2021,9,Q3,Email Campaign,5248,236,141.02
2021-09-14,2021,9,Q3,Paid Ad,15528,186,629.65
2021-09-14,2021,9,Q3,Direct,0,0,0.0
2021-09-14,2021,9,Q3,Referral,0,0,0.0
2021-09-15,2021,9,Q3,Organic Search,0,0,0.0
2021-09-15,2021,9,Q3,Social Media,9519,171,375.29
2021-09-15,2021,9,Q3,Email Campaign,4388,197,117.91
2021-09-15,2021,9,Q3,Paid Ad,16698,200,677.96
2021-09-15,2021,9,Q3,Direct,0,0,0.0
2021-09-15,2021,9,Q3,Referral,0,0,0.0
2021-09-16,2021,9,Q3,Organic Search,0,0,0.0
2021-09-16,2021,9,Q3,Social Media,9626,173,378.47
2021-09-16,2021,9,Q3,Email Campaign,5120,230,137.4
2021-09-16,2021,9,Q3,Paid Ad,18795,226,762.15
2021-09-16,2021,9,Q3,Direct,0,0,0.0
2021-09-16,2021,9,Q3,Referral,0,0,0.0
2021-09-17,2021,9,Q3,Organic Search,0,0,0.0
2021-09-17,2021,9,Q3,Social Media,10944,197,431.36
2021-09-17,2021,9,Q3,Email Campaign,4603,207,123.52
2021-09-17,2021,9,Q3,Paid Ad,16738,201,678.28
2021-09-17,2021,9,Q3,Direct,0,0,0.0
2021-09-17,2021,9,Q3,Referral,0,0,0.0
2021-09-18,2021,9,Q3,Organic Search,0,0,0.0
2021-09-18,2021,9,Q3,Social Media,9815,177,386.15
2021-09-18,2021,9,Q3,Email Campaign,5184,233,139.15
2021-09-18,2021,9,Q3,Paid Ad,21054,253,854.53
2021-09-18,2021,9,Q3,Direct,0,0,0.0
2021-09-18,2021,9,Q3,Referral,0,0,0.0
2021-09-19,2021,9,Q3,Organic Search,0,0,0.0
2021-09-19,2021,9,Q3,Social Media,12799,230,503.9
2021-09-19,2021,9,Q3,Email Campaign,4991,225,134.06
2021-09-19,2021,9,Q3,Paid Ad,18634,224,755.71
2021-09-19,2021,9,Q3,Direct,0,0,0.0
2021-09-19,2021,9,Q3,Referral,0,0,0.0
2021-09-20,2021,9,Q3,Organic Search,0,0,0.0
2021-09-20,2021,9,Q3,Social Media,9841,177,387.22
2021-09-20,2021,9,Q3,Email Campaign,4926,222,132.27
2021-09-20,2021,9,Q3,Paid Ad,15891,191,645.15
2021-09-20,2021,9,Q3,Direct,0,0,0.0
2021-09-20,2021,9,Q3,Referral,0,0,0.0
2021-09-21,2021,9,Q3,Organic Search,0,0,0.0
2021-09-21,2021,9,Q3,Social Media,10191,183,401.18
2021-09-21,2021,9,Q3,Email Campaign,4636,209,124.43
2021-09-21,2021,9,Q3,Paid Ad,16980,204,689.06
2021-09-21,2021,9,Q3,Direct,0,0,0.0
2021-09-21,2021,9,Q3,Referral,0,0,0.0
2021-09-22,2021,9,Q3,Organic Search,0,0,0.0
2021-09-22,2021,9,Q3,Social Media,10299,185,405.0
2021-09-22,2021,9,Q3,Email Campaign,4819,217,129.4
2021-09-22,2021,9,Q3,Paid Ad,16416,197,665.75
2021-09-22,2021,9,Q3,Direct,0,0,0.0
2021-09-22,2021,9,Q3,Referral,0,0,0.0
2021-09-23,2021,9,Q3,Organic Search,0,0,0.0
2021-09-23,2021,9,Q3,Social Media,9761,176,384.64
2021-09-23,2021,9,Q3,Email Campaign,4786,215,128.41
2021-09-23,2021,9,Q3,Paid Ad,16496,198,669.41
2021-09-23,2021,9,Q3,Direct,0,0,0.0
2021-09-23,2021,9,Q3,Referral,0,0,0.0
2021-09-24,2021,9,Q3,Organic Search,0,0,0.0
2021-09-24,2021,9,Q3,Social Media,9653,174,380.02
2021-09-24,2021,9,Q3,Email Campaign,5431,244,145.87
2021-09-24,2021,9,Q3,Paid Ad,17787,213,720.79
2021-09-24,2021,9,Q3,Direct,0,0,0.0
2021-09-24,2021,9,Q3,Referral,0,0,0.0
2021-09-25,2021,9,Q3,Organic Search,0,0,0.0
2021-09-25,2021,9,Q3,Social Media,11078,199,435.7
2021-09-25,2021,9,Q3,Email Campaign,5851,263,157.04
2021-09-25,2021,9,Q3,Paid Ad,19037,228,772.13
2021-09-25,2021,9,Q3,Direct,0,0,0.0
2021-09-25,2021,9,Q3,Referral,0,0,0.0
2021-09-26,2021,9,Q3,Organic Search,0,0,0.0
2021-09-26,2021,9,Q3,Social Media,12396,223,488.11
2021-09-26,2021,9,Q3,Email Campaign,5701,257,153.15
2021-09-26,2021,9,Q3,Paid Ad,19400,233,786.49
2021-09-26,2021,9,Q3,Direct,0,0,0.0
2021-09-26,2021,9,Q3,Referral,0,0,0.0
2021-09-27,2021,9,Q3,Organic Search,0,0,0.0
2021-09-27,2021,9,Q3,Social Media,10218,184,401.93
2021-09-27,2021,9,Q3,Email Campaign,4216,190,113.1
2021-09-27,2021,9,Q3,Paid Ad,15488,186,627.66
2021-09-27,2021,9,Q3,Direct,0,0,0.0
2021-09-27,2021,9,Q3,Referral,0,0,0.0
2021-09-28,2021,9,Q3,Organic Search,0,0,0.0
2021-09-28,2021,9,Q3,Social Media,8927,161,350.95
2021-09-28,2021,9,Q3,Email Campaign,4872,219,130.84
2021-09-28,2021,9,Q3,Paid Ad,19360,232,785.46
2021-09-28,2021,9,Q3,Direct,0,0,0.0
2021-09-28,2021,9,Q3,Referral,0,0,0.0
2021-09-29,2021,9,Q3,Organic Search,0,0,0.0
2021-09-29,2021,9,Q3,Social Media,11616,209,457.29
2021-09-29,2021,9,Q3,Email Campaign,5066,228,135.93
2021-09-29,2021,9,Q3,Paid Ad,17706,212,717.49
2021-09-29,2021,9,Q3,Direct,0,0,0.0
2021-09-29,2021,9,Q3,Referral,0,0,0.0
2021-09-30,2021,9,Q3,Organic Search,0,0,0.0
2021-09-30,2021,9,Q3,Social Media,8443,152,332.1
2021-09-30,2021,9,Q3,Email Campaign,4614,208,123.72
2021-09-30,2021,9,Q3,Paid Ad,15932,191,646.35
2021-09-30,2021,9,Q3,Direct,0,0,0.0
2021-09-30,2021,9,Q3,Referral,0,0,0.0
2021-10-01,2021,10,Q4,Organic Search,0,0,0.0
2021-10-01,2021,10,Q4,Social Media,9357,168,368.77
2021-10-01,2021,10,Q4,Email Campaign,4754,214,127.62
2021-10-01,2021,10,Q4,Paid Ad,16375,197,663.77
2021-10-01,2021,10,Q4,Direct,0,0,0.0
2021-10-01,2021,10,Q4,Referral,0,0,0.0
2021-10-02,2021,10,Q4,Organic Search,0,0,0.0
2021-10-02,2021,10,Q4,Social Media,9545,172,375.57
2021-10-02,2021,10,Q4,Email Campaign,5872,264,157.64
2021-10-02,2021,10,Q4,Paid Ad,17868,214,725.25
2021-10-02,2021,10,Q4,Direct,0,0,0.0
2021-10-02,2021,10,Q4,Referral,0,0,0.0
2021-10-03,2021,10,Q4,Organic Search,0,0,0.0
2021-10-03,2021,10,Q4,Social Media,11562,208,454.79
2021-10-03,2021,10,Q4,Email Campaign,6464,291,173.43
2021-10-03,2021,10,Q4,Paid Ad,18110,217,734.99
2021-10-03,2021,10,Q4,Direct,0,0,0.0
2021-10-03,2021,10,Q4,Referral,0,0,0.0
2021-10-04,2021,10,Q4,Organic Search,0,0,0.0
2021-10-04,2021,10,Q4,Social Media,7851,141,309.47
2021-10-04,2021,10,Q4,Email Campaign,4711,212,126.38
2021-10-04,2021,10,Q4,Paid Ad,18513,222,750.62
2021-10-04,2021,10,Q4,Direct,0,0,0.0
2021-10-04,2021,10,Q4,Referral,0,0,0.0
2021-10-05,2021,10,Q4,Organic Search,0,0,0.0
2021-10-05,2021,10,Q4,Social Media,11401,205,448.82
2021-10-05,2021,10,Q4,Email Campaign,4345,196,116.64
2021-10-05,2021,10,Q4,Paid Ad,17666,212,717.25
2021-10-05,2021,10,Q4,Direct,0,0,0.0
2021-10-05,2021,10,Q4,Referral,0,0,0.0
2021-10-06,2021,10,Q4,Organic Search,0,0,0.0
2021-10-06,2021,10,Q4,Social Media,9492,171,373.58
2021-10-06,2021,10,Q4,Email Campaign,4776,215,128.25
2021-10-06,2021,10,Q4,Paid Ad,20610,247,835.76
2021-10-06,2021,10,Q4,Direct,0,0,0.0
2021-10-06,2021,10,Q4,Referral,0,0,0.0
2021-10-07,2021,10,Q4,Organic Search,0,0,0.0
2021-10-07,2021,10,Q4,Social Media,8658,156,341.37
2021-10-07,2021,10,Q4,Email Campaign,4916,221,131.95
2021-10-07,2021,10,Q4,Paid Ad,17626,212,715.66
2021-10-07,2021,10,Q4,Direct,0,0,0.0
2021-10-07,2021,10,Q4,Referral,0,0,0.0
2021-10-08,2021,10,Q4,Organic Search,0,0,0.0
2021-10-08,2021,10,Q4,Social Media,10702,193,421.74
2021-10-08,2021,10,Q4,Email Campaign,4861,219,130.36
2021-10-08,2021,10,Q4,Paid Ad,17424,209,706.83
2021-10-08,2021,10,Q4,Direct,0,0,0.0
2021-10-08,2021,10,Q4,Referral,0,0,0.0
2021-10-09,2021,10,Q4,Organic Search,0,0,0.0
2021-10-09,2021,10,Q4,Social Media,10971,197,432.28
2021-10-09,2021,10,Q4,Email Campaign,5657,255,151.95
2021-10-09,2021,10,Q4,Paid Ad,19037,228,771.54
2021-10-09,2021,10,Q4,Direct,0,0,0.0
2021-10-09,2021,10,Q4,Referral,0,0,0.0
2021-10-10,2021,10,Q4,Organic Search,0,0,0.0
2021-10-10,2021,10,Q4,Social Media,11885,214,468.43
2021-10-10,2021,10,Q4,Email Campaign,5378,242,144.36
2021-10-10,2021,10,Q4,Paid Ad,20167,242,817.23
2021-10-10,2021,10,Q4,Direct,0,0,0.0
2021-10-10,2021,10,Q4,Referral,0,0,0.0
2021-10-11,2021,10,Q4,Organic Search,0,0,0.0
2021-10-11,2021,10,Q4,Social Media,9841,177,387.14
2021-10-11,2021,10,Q4,Email Campaign,5248,236,140.98
2021-10-11,2021,10,Q4,Paid Ad,16940,203,686.99
2021-10-11,2021,10,Q4,Direct,0,0,0.0
2021-10-11,2021,10,Q4,Referral,0,0,0.0
2021-10-12,2021,10,Q4,Organic Search,0,0,0.0
2021-10-12,2021,10,Q4,Social Media,8470,152,332.98
2021-10-12,2021,10,Q4,Email Campaign,5303,239,142.41
2021-10-12,2021,10,Q4,Paid Ad,15770,189,639.87
2021-10-12,2021,10,Q4,Direct,0,0,0.0
2021-10-12,2021,10,Q4,Referral,0,0,0.0
2021-10-13,2021,10,Q4,Organic Search,0,0,0.0
2021-10-13,2021,10,Q4,Social Media,9331,168,367.73
2021-10-13,2021,10,Q4,Email Campaign,4593,207,123.2
2021-10-13,2021,10,Q4,Paid Ad,18876,227,765.69
2021-10-13,2021,10,Q4,Direct,0,0,0.0
2021-10-13,2021,10,Q4,Referral,0,0,0.0
2021-10-14,2021,10,Q4,Organic Search,0,0,0.0
2021-10-14,2021,10,Q4,Social Media,8174,147,321.76
2021-10-14,2021,10,Q4,Email Campaign,6023,271,161.82
2021-10-14,2021,10,Q4,Paid Ad,18432,221,748.11
2021-10-14,2021,10,Q4,Direct,0,0,0.0
2021-10-14,2021,10,Q4,Referral,0,0,0.0
2021-10-15,2021,10,Q4,Organic Search,0,0,0.0
2021-10-15,2021,10,Q4,Social Media,10029,181,394.97
2021-10-15,2021,10,Q4,Email Campaign,4797,216,128.77
2021-10-15,2021,10,Q4,Paid Ad,17384,209,705.6
2021-10-15,2021,10,Q4,Direct,0,0,0.0
2021-10-15,2021,10,Q4,Referral,0,0,0.0
2021-10-16,2021,10,Q4,Organic Search,0,0,0.0
2021-10-16,2021,10,Q4,Social Media,11804,212,464.85
2021-10-16,2021,10,Q4,Email Campaign,5829,262,156.41
2021-10-16,2021,10,Q4,Paid Ad,20409,245,828.56
2021-10-16,2021,10,Q4,Direct,0,0,0.0
2021-10-16,2021,10,Q4,Referral,0,0,0.0
2021-10-17,2021,10,Q4,Organic Search,0,0,0.0
2021-10-17,2021,10,Q4,Social Media,11428,206,449.42
2021-10-17,2021,10,Q4,Email Campaign,5453,245,146.39
2021-10-17,2021,10,Q4,Paid Ad,19320,232,783.71
2021-10-17,2021,10,Q4,Direct,0,0,0.0
2021-10-17,2021,10,Q4,Referral,0,0,0.0
2021-10-18,2021,10,Q4,Organic Search,0,0,0.0
2021-10-18,2021,10,Q4,Social Media,9707,175,381.97
2021-10-18,2021,10,Q4,Email Campaign,5260,237,141.1
2021-10-18,2021,10,Q4,Paid Ad,17827,214,722.58
2021-10-18,2021,10,Q4,Direct,0,0,0.0
2021-10-18,2021,10,Q4,Referral,0,0,0.0
2021-10-19,2021,10,Q4,Organic Search,0,0,0.0
2021-10-19,2021,10,Q4,Social Media,7529,136,296.75
2021-10-19,2021,10,Q4,Email Campaign,5077,228,136.13
2021-10-19,2021,10,Q4,Paid Ad,17263,207,700.59
2021-10-19,2021,10,Q4,Direct,0,0,0.0
2021-10-19,2021,10,Q4,Referral,0,0,0.0
2021-10-20,2021,10,Q4,Organic Search,0,0,0.0
2021-10-20,2021,10,Q4,Social Media,9841,177,387.46
2021-10-20,2021,10,Q4,Email Campaign,4668,210,125.31
2021-10-20,2021,10,Q4,Paid Ad,18553,223,751.85
2021-10-20,2021,10,Q4,Direct,0,0,0.0
2021-10-20,2021,10,Q4,Referral,0,0,0.0
2021-10-21,2021,10,Q4,Organic Search,0,0,0.0
2021-10-21,2021,10,Q4,Social Media,10594,191,417.44
2021-10-21,2021,10,Q4,Email Campaign,4517,203,121.37
2021-10-21,2021,10,Q4,Paid Ad,17545,211,712.28
2021-10-21,2021,10,Q4,Direct,0,0,0.0
2021-10-21,2021,10,Q4,Referral,0,0,0.0
2021-10-22,2021,10,Q4,Organic Search,0,0,0.0
2021-10-22,2021,10,Q4,Social Media,9089,164,357.87
2021-10-22,2021,10,Q4,Email Campaign,4292,193,115.05
2021-10-22,2021,10,Q4,Paid Ad,16174,194,655.26
2021-10-22,2021,10,Q4,Direct,0,0,0.0
2021-10-22,2021,10,Q4,Referral,0,0,0.0
2021-10-23,2021,10,Q4,Organic Search,0,0,0.0
2021-10-23,2021,10,Q4,Social Media,12127,218,477.02
2021-10-23,2021,10,Q4,Email Campaign,5959,268,160.07
2021-10-23,2021,10,Q4,Paid Ad,20368,244,825.86
2021-10-23,2021,10,Q4,Direct,0,0,0.0
2021-10-23,2021,10,Q4,Referral,0,0,0.0
2021-10-24,2021,10,Q4,Organic Search,0,0,0.0
2021-10-24,2021,10,Q4,Social Media,11993,216,472.12
2021-10-24,2021,10,Q4,Email Campaign,5765,259,154.9
2021-10-24,2021,10,Q4,Paid Ad,18553,223,752.61
2021-10-24,2021,10,Q4,Direct,0,0,0.0
2021-10-24,2021,10,Q4,Referral,0,0,0.0
2021-10-25,2021,10,Q4,Organic Search,0,0,0.0
2021-10-25,2021,10,Q4,Social Media,10191,183,401.46
2021-10-25,2021,10,Q4,Email Campaign,5130,231,137.64
2021-10-25,2021,10,Q4,Paid Ad,18029,216,731.45
2021-10-25,2021,10,Q4,Direct,0,0,0.0
2021-10-25,2021,10,Q4,Referral,0,0,0.0
2021-10-26,2021,10,Q4,Organic Search,0,0,0.0
2021-10-26,2021,10,Q4,Social Media,10783,194,424.92
2021-10-26,2021,10,Q4,Email Campaign,5087,229,136.68
2021-10-26,2021,10,Q4,Paid Ad,17505,210,709.22
2021-10-26,2021,10,Q4,Direct,0,0,0.0
2021-10-26,2021,10,Q4,Referral,0,0,0.0
2021-10-27,2021,10,Q4,Organic Search,0,0,0.0
2021-10-27,2021,10,Q4,Social Media,10702,193,421.26
2021-10-27,2021,10,Q4,Email Campaign,4808,216,129.09
2021-10-27,2021,10,Q4,Paid Ad,15811,190,641.18
2021-10-27,2021,10,Q4,Direct,0,0,0.0
2021-10-27,2021,10,Q4,Referral,0,0,0.0
2021-10-28,2021,10,Q4,Organic Search,0,0,0.0
2021-10-28,2021,10,Q4,Social Media,9734,175,382.96
2021-10-28,2021,10,Q4,Email Campaign,4528,204,121.65
2021-10-28,2021,10,Q4,Paid Ad,16093,193,652.59
2021-10-28,2021,10,Q4,Direct,0,0,0.0
2021-10-28,2021,10,Q4,Referral,0,0,0.0
2021-10-29,2021,10,Q4,Organic Search,0,0,0.0
2021-10-29,2021,10,Q4,Social Media,9734,175,383.56
2021-10-29,2021,10,Q4,Email Campaign,4517,203,121.13
2021-10-29,2021,10,Q4,Paid Ad,16577,199,672.83
2021-10-29,2021,10,Q4,Direct,0,0,0.0
2021-10-29,2021,10,Q4,Referral,0,0,0.0
2021-10-30,2021,10,Q4,Organic Search,0,0,0.0
2021-10-30,2021,10,Q4,Social Media,9626,173,378.63
2021-10-30,2021,10,Q4,Email Campaign,5636,254,151.28
2021-10-30,2021,10,Q4,Paid Ad,19562,235,793.37
2021-10-30,2021,10,Q4,Direct,0,0,0.0
2021-10-30,2021,10,Q4,Referral,0,0,0.0
2021-10-31,2021,10,Q4,Organic Search,0,0,0.0
2021-10-31,2021,10,Q4,Social Media,10594,191,417.09
2021-10-31,2021,10,Q4,Email Campaign,5829,262,156.61
2021-10-31,2021,10,Q4,Paid Ad,21014,252,852.82
2021-10-31,2021,10,Q4,Direct,0,0,0.0
2021-10-31,2021,10,Q4,Referral,0,0,0.0
2021-11-01,2021,11,Q4,Organic Search,0,0,0.0
2021-11-01,2021,11,Q4,Social Media,12449,224,490.3
2021-11-01,2021,11,Q4,Email Campaign,6561,295,176.09
2021-11-01,2021,11,Q4,Paid Ad,23151,278,938.72
2021-11-01,2021,11,Q4,Direct,0,0,0.0
2021-11-01,2021,11,Q4,Referral,0,0,0.0
2021-11-02,2021,11,Q4,Organic Search,0,0,0.0
2021-11-02,2021,11,Q4,Social Media,13229,238,520.32
2021-11-02,2021,11,Q4,Email Campaign,7454,335,199.99
2021-11-02,2021,11,Q4,Paid Ad,24281,291,984.73
2021-11-02,2021,11,Q4,Direct,0,0,0.0
2021-11-02,2021,11,Q4,Referral,0,0,0.0
2021-11-03,2021,11,Q4,Organic Search,0,0,0.0
2021-11-03,2021,11,Q4,Social Media,13982,252,550.75
2021-11-03,2021,11,Q4,Email Campaign,5862,264,157.48
2021-11-03,2021,11,Q4,Paid Ad,25894,311,1051.11
2021-11-03,2021,11,Q4,Direct,0,0,0.0
2021-11-03,2021,11,Q4,Referral,0,0,0.0
2021-11-04,2021,11,Q4,Organic Search,0,0,0.0
2021-11-04,2021,11,Q4,Social Media,12880,232,506.88
2021-11-04,2021,11,Q4,Email Campaign,7023,316,188.46
2021-11-04,2021,11,Q4,Paid Ad,25208,302,1022.47
2021-11-04,2021,11,Q4,Direct,0,0,0.0
2021-11-04,2021,11,Q4,Referral,0,0,0.0
2021-11-05,2021,11,Q4,Organic Search,0,0,0.0
2021-11-05,2021,11,Q4,Social Media,15837,285,623.88
2021-11-05,2021,11,Q4,Email Campaign,6260,282,167.9
2021-11-05,2021,11,Q4,Paid Ad,18715,225,758.65
2021-11-05,2021,11,Q4,Direct,0,0,0.0
2021-11-05,2021,11,Q4,Referral,0,0,0.0
2021-11-06,2021,11,Q4,Organic Search,0,0,0.0
2021-11-06,2021,11,Q4,Social Media,16671,300,656.57
2021-11-06,2021,11,Q4,Email Campaign,9196,414,246.76
2021-11-06,2021,11,Q4,Paid Ad,31178,374,1264.34
2021-11-06,2021,11,Q4,Direct,0,0,0.0
2021-11-06,2021,11,Q4,Referral,0,0,0.0
2021-11-07,2021,11,Q4,Organic Search,0,0,0.0
2021-11-07,2021,11,Q4,Social Media,16698,301,657.92
2021-11-07,2021,11,Q4,Email Campaign,7723,348,207.19
2021-11-07,2021,11,Q4,Paid Ad,30169,362,1224.57
2021-11-07,2021,11,Q4,Direct,0,0,0.0
2021-11-07,2021,11,Q4,Referral,0,0,0.0
2021-11-08,2021,11,Q4,Organic Search,0,0,0.0
2021-11-08,2021,11,Q4,Social Media,13175,237,518.81
2021-11-08,2021,11,Q4,Email Campaign,7249,326,194.7
2021-11-08,2021,11,Q4,Paid Ad,25652,308,1040.69
2021-11-08,2021,11,Q4,Direct,0,0,0.0
2021-11-08,2021,11,Q4,Referral,0,0,0.0
2021-11-09,2021,11,Q4,Organic Search,0,0,0.0
2021-11-09,2021,11,Q4,Social Media,15515,279,610.36
2021-11-09,2021,11,Q4,Email Campaign,8529,384,228.94
2021-11-09,2021,11,Q4,Paid Ad,25450,305,1031.66
2021-11-09,2021,11,Q4,Direct,0,0,0.0
2021-11-09,2021,11,Q4,Referral,0,0,0.0
2021-11-10,2021,11,Q4,Organic Search,0,0,0.0
2021-11-10,2021,11,Q4,Social Media,13713,247,539.73
2021-11-10,2021,11,Q4,Email Campaign,6970,314,187.15
2021-11-10,2021,11,Q4,Paid Ad,21175,254,858.71
2021-11-10,2021,11,Q4,Direct,0,0,0.0
2021-11-10,2021,11,Q4,Referral,0,0,0.0
2021-11-11,2021,11,Q4,Organic Search,0,0,0.0
2021-11-11,2021,11,Q4,Social Media,13498,243,531.38
2021-11-11,2021,11,Q4,Email Campaign,6755,304,181.42
2021-11-11,2021,11,Q4,Paid Ad,23635,284,958.33
2021-11-11,2021,11,Q4,Direct,0,0,0.0
2021-11-11,2021,11,Q4,Referral,0,0,0.0
2021-11-12,2021,11,Q4,Organic Search,0,0,0.0
2021-11-12,2021,11,Q4,Social Media,14466,260,569.52
2021-11-12,2021,11,Q4,Email Campaign,6529,294,175.22
2021-11-12,2021,11,Q4,Paid Ad,26862,322,1089.96
2021-11-12,2021,11,Q4,Direct,0,0,0.0
2021-11-12,2021,11,Q4,Referral,0,0,0.0
2021-11-13,2021,11,Q4,Organic Search,0,0,0.0
2021-11-13,2021,11,Q4,Social Media,16429,296,647.06
2021-11-13,2021,11,Q4,Email Campaign,8024,361,215.5
2021-11-13,2021,11,Q4,Paid Ad,27628,332,1120.14
2021-11-13,2021,11,Q4,Direct,0,0,0.0
2021-11-13,2021,11,Q4,Referral,0,0,0.0
2021-11-14,2021,11,Q4,Organic Search,0,0,0.0
2021-11-14,2021,11,Q4,Social Media,16644,300,655.06
2021-11-14,2021,11,Q4,Email Campaign,8561,385,229.9
2021-11-14,2021,11,Q4,Paid Ad,26378,317,1070.51
2021-11-14,2021,11,Q4,Direct,0,0,0.0
2021-11-14,2021,11,Q4,Referral,0,0,0.0
2021-11-15,2021,11,Q4,Organic Search,0,0,0.0
2021-11-15,2021,11,Q4,Social Media,13552,244,533.01
2021-11-15,2021,11,Q4,Email Campaign,6819,307,182.97
2021-11-15,2021,11,Q4,Paid Ad,22022,264,892.59
2021-11-15,2021,11,Q4,Direct,0,0,0.0
2021-11-15,2021,11,Q4,Referral,0,0,0.0
2021-11-16,2021,11,Q4,Organic Search,0,0,0.0
2021-11-16,2021,11,Q4,Social Media,13364,241,525.77
2021-11-16,2021,11,Q4,Email Campaign,6722,302,180.43
2021-11-16,2021,11,Q4,Paid Ad,26378,317,1070.23
2021-11-16,2021,11,Q4,Direct,0,0,0.0
2021-11-16,2021,11,Q4,Referral,0,0,0.0
2021-11-17,2021,11,Q4,Organic Search,0,0,0.0
2021-11-17,2021,11,Q4,Social Media,14601,263,574.45
2021-11-17,2021,11,Q4,Email Campaign,7099,319,190.45
2021-11-17,2021,11,Q4,Paid Ad,26338,316,1068.36
2021-11-17,2021,11,Q4,Direct,0,0,0.0
2021-11-17,2021,11,Q4,Referral,0,0,0.0
2021-11-18,2021,11,Q4,Organic Search,0,0,0.0
2021-11-18,2021,11,Q4,Social Media,14143,255,556.47
2021-11-18,2021,11,Q4,Email Campaign,7206,324,193.39
2021-11-18,2021,11,Q4,Paid Ad,24442,293,992.01
2021-11-18,2021,11,Q4,Direct,0,0,0.0
2021-11-18,2021,11,Q4,Referral,0,0,0.0
2021-11-19,2021,11,Q4,Organic Search,0,0,0.0
2021-11-19,2021,11,Q4,Social Media,14601,263,574.61
2021-11-19,2021,11,Q4,Email Campaign,6658,300,178.8
2021-11-19,2021,11,Q4,Paid Ad,19844,238,805.1
2021-11-19,2021,11,Q4,Direct,0,0,0.0
2021-11-19,2021,11,Q4,Referral,0,0,0.0
2021-11-20,2021,11,Q4,Organic Search,0,0,0.0
2021-11-20,2021,11,Q4,Social Media,16268,293,640.1
2021-11-20,2021,11,Q4,Email Campaign,8949,403,240.24
2021-11-20,2021,11,Q4,Paid Ad,30452,365,1235.51
2021-11-20,2021,11,Q4,Direct,0,0,0.0
2021-11-20,2021,11,Q4,Referral,0,0,0.0
2021-11-21,2021,11,Q4,Organic Search,0,0,0.0
2021-11-21,2021,11,Q4,Social Media,17693,318,697.01
2021-11-21,2021,11,Q4,Email Campaign,8830,397,237.02
2021-11-21,2021,11,Q4,Paid Ad,28556,343,1158.48
2021-11-21,2021,11,Q4,Direct,0,0,0.0
2021-11-21,2021,11,Q4,Referral,0,0,0.0
2021-11-22,2021,11,Q4,Organic Search,0,0,0.0
2021-11-22,2021,11,Q4,Social Media,14520,261,571.5
2021-11-22,2021,11,Q4,Email Campaign,6647,299,178.28
2021-11-22,2021,11,Q4,Paid Ad,24039,288,974.99
2021-11-22,2021,11,Q4,Direct,0,0,0.0
2021-11-22,2021,11,Q4,Referral,0,0,0.0
2021-11-23,2021,11,Q4,Organic Search,0,0,0.0
2021-11-23,2021,11,Q4,Social Media,15004,270,590.35
2021-11-23,2021,11,Q4,Email Campaign,7658,345,205.6
2021-11-23,2021,11,Q4,Paid Ad,24402,293,989.11
2021-11-23,2021,11,Q4,Direct,0,0,0.0
2021-11-23,2021,11,Q4,Referral,0,0,0.0
2021-11-24,2021,11,Q4,Organic Search,0,0,0.0
2021-11-24,2021,11,Q4,Social Media,13767,248,542.39
2021-11-24,2021,11,Q4,Email Campaign,6991,315,187.55
2021-11-24,2021,11,Q4,Paid Ad,25854,310,1048.36
2021-11-24,2021,11,Q4,Direct,0,0,0.0
2021-11-24,2021,11,Q4,Referral,0,0,0.0
2021-11-25,2021,11,Q4,Organic Search,0,0,0.0
2021-11-25,2021,11,Q4,Social Media,12638,227,497.66
2021-11-25,2021,11,Q4,Email Campaign,5701,257,153.11
2021-11-25,2021,11,Q4,Paid Ad,23555,283,956.22
2021-11-25,2021,11,Q4,Direct,0,0,0.0
2021-11-25,2021,11,Q4,Referral,0,0,0.0
2021-11-26,2021,11,Q4,Organic Search,0,0,0.0
2021-11-26,2021,11,Q4,Social Media,12907,232,507.68
2021-11-26,2021,11,Q4,Email Campaign,6700,302,179.91
2021-11-26,2021,11,Q4,Paid Ad,24361,292,988.43
2021-11-26,2021,11,Q4,Direct,0,0,0.0
2021-11-26,2021,11,Q4,Referral,0,0,0.0
2021-11-27,2021,11,Q4,Organic Search,0,0,0.0
2021-11-27,2021,11,Q4,Social Media,15837,285,623.6
2021-11-27,2021,11,Q4,Email Campaign,8970,404,240.75
2021-11-27,2021,11,Q4,Paid Ad,29080,349,1180.35
2021-11-27,2021,11,Q4,Direct,0,0,0.0
2021-11-27,2021,11,Q4,Referral,0,0,0.0
2021-11-28,2021,11,Q4,Organic Search,0,0,0.0
2021-11-28,2021,11,Q4,Social Media,16833,303,662.61
2021-11-28,2021,11,Q4,Email Campaign,8432,379,226.4
2021-11-28,2021,11,Q4,Paid Ad,25773,309,1045.5
2021-11-28,2021,11,Q4,Direct,0,0,0.0
2021-11-28,2021,11,Q4,Referral,0,0,0.0
2021-11-29,2021,11,Q4,Organic Search,0,0,0.0
2021-11-29,2021,11,Q4,Social Media,15488,279,609.4
2021-11-29,2021,11,Q4,Email Campaign,6948,313,186.43
2021-11-29,2021,11,Q4,Paid Ad,25975,312,1053.89
2021-11-29,2021,11,Q4,Direct,0,0,0.0
2021-11-29,2021,11,Q4,Referral,0,0,0.0
2021-11-30,2021,11,Q4,Organic Search,0,0,0.0
2021-11-30,2021,11,Q4,Social Media,13068,235,514.4
2021-11-30,2021,11,Q4,Email Campaign,6120,275,164.24
2021-11-30,2021,11,Q4,Paid Ad,26257,315,1065.7
2021-11-30,2021,11,Q4,Direct,0,0,0.0
2021-11-30,2021,11,Q4,Referral,0,0,0.0
2021-12-01,2021,12,Q4,Organic Search,0,0,0.0
2021-12-01,2021,12,Q4,Social Media,14708,265,579.58
2021-12-01,2021,12,Q4,Email Campaign,6486,292,174.02
2021-12-01,2021,12,Q4,Paid Ad,22950,275,930.65
2021-12-01,2021,12,Q4,Direct,0,0,0.0
2021-12-01,2021,12,Q4,Referral,0,0,0.0
2021-12-02,2021,12,Q4,Organic Search,0,0,0.0
2021-12-02,2021,12,Q4,Social Media,15569,280,613.3
2021-12-02,2021,12,Q4,Email Campaign,6324,285,169.69
2021-12-02,2021,12,Q4,Paid Ad,27911,335,1131.72
2021-12-02,2021,12,Q4,Direct,0,0,0.0
2021-12-02,2021,12,Q4,Referral,0,0,0.0
2021-12-03,2021,12,Q4,Organic Search,0,0,0.0
2021-12-03,2021,12,Q4,Social Media,13256,239,522.11
2021-12-03,2021,12,Q4,Email Campaign,7346,331,197.13
2021-12-03,2021,12,Q4,Paid Ad,23998,288,973.96
2021-12-03,2021,12,Q4,Direct,0,0,0.0
2021-12-03,2021,12,Q4,Referral,0,0,0.0
2021-12-04,2021,12,Q4,Organic Search,0,0,0.0
2021-12-04,2021,12,Q4,Social Media,17236,310,678.28
2021-12-04,2021,12,Q4,Email Campaign,7690,346,206.32
2021-12-04,2021,12,Q4,Paid Ad,27991,336,1135.33
2021-12-04,2021,12,Q4,Direct,0,0,0.0
2021-12-04,2021,12,Q4,Referral,0,0,0.0
2021-12-05,2021,12,Q4,Organic Search,0,0,0.0
2021-12-05,2021,12,Q4,Social Media,16483,297,649.17
2021-12-05,2021,12,Q4,Email Campaign,7389,333,198.4
2021-12-05,2021,12,Q4,Paid Ad,30048,361,1218.49
2021-12-05,2021,12,Q4,Direct,0,0,0.0
2021-12-05,2021,12,Q4,Referral,0,0,0.0
2021-12-06,2021,12,Q4,Organic Search,0,0,0.0
2021-12-06,2021,12,Q4,Social Media,13713,247,539.53
2021-12-06,2021,12,Q4,Email Campaign,6862,309,184.13
2021-12-06,2021,12,Q4,Paid Ad,22708,272,920.71
2021-12-06,2021,12,Q4,Direct,0,0,0.0
2021-12-06,2021,12,Q4,Referral,0,0,0.0
2021-12-07,2021,12,Q4,Organic Search,0,0,0.0
2021-12-07,2021,12,Q4,Social Media,11374,205,447.31
2021-12-07,2021,12,Q4,Email Campaign,6883,310,184.68
2021-12-07,2021,12,Q4,Paid Ad,29403,353,1193.32
2021-12-07,2021,12,Q4,Direct,0,0,0.0
2021-12-07,2021,12,Q4,Referral,0,0,0.0
2021-12-08,2021,12,Q4,Organic Search,0,0,0.0
2021-12-08,2021,12,Q4,Social Media,15192,273,597.95
2021-12-08,2021,12,Q4,Email Campaign,6980,314,187.27
2021-12-08,2021,12,Q4,Paid Ad,24160,290,979.25
2021-12-08,2021,12,Q4,Direct,0,0,0.0
2021-12-08,2021,12,Q4,Referral,0,0,0.0
2021-12-09,2021,12,Q4,Organic Search,0,0,0.0
2021-12-09,2021,12,Q4,Social Media,14305,257,563.67
2021-12-09,2021,12,Q4,Email Campaign,7292,328,195.74
2021-12-09,2021,12,Q4,Paid Ad,22345,268,905.79
2021-12-09,2021,12,Q4,Direct,0,0,0.0
2021-12-09,2021,12,Q4,Referral,0,0,0.0
2021-12-10,2021,12,Q4,Organic Search,0,0,0.0
2021-12-10,2021,12,Q4,Social Media,15569,280,612.82
2021-12-10,2021,12,Q4,Email Campaign,7389,333,198.28
2021-12-10,2021,12,Q4,Paid Ad,26096,313,1057.75
2021-12-10,2021,12,Q4,Direct,0,0,0.0
2021-12-10,2021,12,Q4,Referral,0,0,0.0
2021-12-11,2021,12,Q4,Organic Search,0,0,0.0
2021-12-11,2021,12,Q4,Social Media,17021,306,669.73
2021-12-11,2021,12,Q4,Email Campaign,8045,362,216.02
2021-12-11,2021,12,Q4,Paid Ad,29887,359,1212.21
2021-12-11,2021,12,Q4,Direct,0,0,0.0
2021-12-11,2021,12,Q4,Referral,0,0,0.0
2021-12-12,2021,12,Q4,Organic Search,0,0,0.0
2021-12-12,2021,12,Q4,Social Media,17209,310,677.68
2021-12-12,2021,12,Q4,Email Campaign,7808,351,209.58
2021-12-12,2021,12,Q4,Paid Ad,27064,325,1097.51
2021-12-12,2021,12,Q4,Direct,0,0,0.0
2021-12-12,2021,12,Q4,Referral,0,0,0.0
2021-12-13,2021,12,Q4,Organic Search,0,0,0.0
2021-12-13,2021,12,Q4,Social Media,14413,259,567.21
2021-12-13,2021,12,Q4,Email Campaign,7851,353,210.77
2021-12-13,2021,12,Q4,Paid Ad,22224,267,901.1
2021-12-13,2021,12,Q4,Direct,0,0,0.0
2021-12-13,2021,12,Q4,Referral,0,0,0.0
2021-12-14,2021,12,Q4,Organic Search,0,0,0.0
2021-12-14,2021,12,Q4,Social Media,12611,227,496.58
2021-12-14,2021,12,Q4,Email Campaign,7077,318,190.01
2021-12-14,2021,12,Q4,Paid Ad,24765,297,1004.34
2021-12-14,2021,12,Q4,Direct,0,0,0.0
2021-12-14,2021,12,Q4,Referral,0,0,0.0
2021-12-15,2021,12,Q4,Organic Search,0,0,0.0
2021-12-15,2021,12,Q4,Social Media,14493,261,570.43
2021-12-15,2021,12,Q4,Email Campaign,7120,320,191.2
2021-12-15,2021,12,Q4,Paid Ad,24200,290,982.39
2021-12-15,2021,12,Q4,Direct,0,0,0.0
2021-12-15,2021,12,Q4,Referral,0,0,0.0
2021-12-16,2021,12,Q4,Organic Search,0,0,0.0
2021-12-16,2021,12,Q4,Social Media,15999,288,629.72
2021-12-16,2021,12,Q4,Email Campaign,6088,274,163.53
2021-12-16,2021,12,Q4,Paid Ad,23030,276,933.99
2021-12-16,2021,12,Q4,Direct,0,0,0.0
2021-12-16,2021,12,Q4,Referral,0,0,0.0
2021-12-17,2021,12,Q4,Organic Search,0,0,0.0
2021-12-17,2021,12,Q4,Social Media,14171,255,558.02
2021-12-17,2021,12,Q4,Email Campaign,6066,273,162.89
2021-12-17,2021,12,Q4,Paid Ad,24321,292,986.2
2021-12-17,2021,12,Q4,Direct,0,0,0.0
2021-12-17,2021,12,Q4,Referral,0,0,0.0
2021-12-18,2021,12,Q4,Organic Search,0,0,0.0
2021-12-18,2021,12,Q4,Social Media,18607,335,733.04
2021-12-18,2021,12,Q4,Email Campaign,8045,362,216.02
2021-12-18,2021,12,Q4,Paid Ad,28879,347,1171.52
2021-12-18,2021,12,Q4,Direct,0,0,0.0
2021-12-18,2021,12,Q4,Referral,0,0,0.0
2021-12-19,2021,12,Q4,Organic Search,0,0,0.0
2021-12-19,2021,12,Q4,Social Media,14789,266,581.8
2021-12-19,2021,12,Q4,Email Campaign,7637,344,205.04
2021-12-19,2021,12,Q4,Paid Ad,27507,330,1115.77
2021-12-19,2021,12,Q4,Direct,0,0,0.0
2021-12-19,2021,12,Q4,Referral,0,0,0.0
2021-12-20,2021,12,Q4,Organic Search,0,0,0.0
2021-12-20,2021,12,Q4,Social Media,13929,251,548.36
2021-12-20,2021,12,Q4,Email Campaign,7701,347,206.79
2021-12-20,2021,12,Q4,Paid Ad,25773,309,1044.9
2021-12-20,2021,12,Q4,Direct,0,0,0.0
2021-12-20,2021,12,Q4,Referral,0,0,0.0
2021-12-21,2021,12,Q4,Organic Search,0,0,0.0
2021-12-21,2021,12,Q4,Social Media,13014,234,512.61
2021-12-21,2021,12,Q4,Email Campaign,7120,320,191.24
2021-12-21,2021,12,Q4,Paid Ad,25652,308,1040.13
2021-12-21,2021,12,Q4,Direct,0,0,0.0
2021-12-21,2021,12,Q4,Referral,0,0,0.0
2021-12-22,2021,12,Q4,Organic Search,0,0,0.0
2021-12-22,2021,12,Q4,Social Media,15595,281,613.98
2021-12-22,2021,12,Q4,Email Campaign,7873,354,211.25
2021-12-22,2021,12,Q4,Paid Ad,22667,272,919.04
2021-12-22,2021,12,Q4,Direct,0,0,0.0
2021-12-22,2021,12,Q4,Referral,0,0,0.0
2021-12-23,2021,12,Q4,Organic Search,0,0,0.0
2021-12-23,2021,12,Q4,Social Media,13364,241,526.17
2021-12-23,2021,12,Q4,Email Campaign,6281,283,168.7
2021-12-23,2021,12,Q4,Paid Ad,24200,290,981.55
2021-12-23,2021,12,Q4,Direct,0,0,0.0
2021-12-23,2021,12,Q4,Referral,0,0,0.0
2021-12-24,2021,12,Q4,Organic Search,0,0,0.0
2021-12-24,2021,12,Q4,Social Media,14816,267,583.63
2021-12-24,2021,12,Q4,Email Campaign,7540,339,202.38
2021-12-24,2021,12,Q4,Paid Ad,24523,294,994.2
2021-12-24,2021,12,Q4,Direct,0,0,0.0
2021-12-24,2021,12,Q4,Referral,0,0,0.0
2021-12-25,2021,12,Q4,Organic Search,0,0,0.0
2021-12-25,2021,12,Q4,Social Media,16026,288,630.48
2021-12-25,2021,12,Q4,Email Campaign,8131,366,218.33
2021-12-25,2021,12,Q4,Paid Ad,26459,318,1073.46
2021-12-25,2021,12,Q4,Direct,0,0,0.0
2021-12-25,2021,12,Q4,Referral,0,0,0.0
2021-12-26,2021,12,Q4,Organic Search,0,0,0.0
2021-12-26,2021,12,Q4,Social Media,19172,345,755.19
2021-12-26,2021,12,Q4,Email Campaign,7002,315,187.94
2021-12-26,2021,12,Q4,Paid Ad,28758,345,1167.31
2021-12-26,2021,12,Q4,Direct,0,0,0.0
2021-12-26,2021,12,Q4,Referral,0,0,0.0
2021-12-27,2021,12,Q4,Organic Search,0,0,0.0
2021-12-27,2021,12,Q4,Social Media,16617,299,653.74
2021-12-27,2021,12,Q4,Email Campaign,6991,315,187.66
2021-12-27,2021,12,Q4,Paid Ad,24281,291,985.05
2021-12-27,2021,12,Q4,Direct,0,0,0.0
2021-12-27,2021,12,Q4,Referral,0,0,0.0
2021-12-28,2021,12,Q4,Organic Search,0,0,0.0
2021-12-28,2021,12,Q4,Social Media,13875,250,546.57
2021-12-28,2021,12,Q4,Email Campaign,6883,310,184.84
2021-12-28,2021,12,Q4,Paid Ad,27386,329,1110.12
2021-12-28,2021,12,Q4,Direct,0,0,0.0
2021-12-28,2021,12,Q4,Referral,0,0,0.0
2021-12-29,2021,12,Q4,Organic Search,0,0,0.0
2021-12-29,2021,12,Q4,Social Media,11751,212,463.1
2021-12-29,2021,12,Q4,Email Campaign,7841,353,210.53
2021-12-29,2021,12,Q4,Paid Ad,21861,262,886.31
2021-12-29,2021,12,Q4,Direct,0,0,0.0
2021-12-29,2021,12,Q4,Referral,0,0,0.0
2021-12-30,2021,12,Q4,Organic Search,0,0,0.0
2021-12-30,2021,12,Q4,Social Media,13982,252,550.63
2021-12-30,2021,12,Q4,Email Campaign,6744,303,181.1
2021-12-30,2021,12,Q4,Paid Ad,25813,310,1047.37
2021-12-30,2021,12,Q4,Direct,0,0,0.0
2021-12-30,2021,12,Q4,Referral,0,0,0.0
2021-12-31,2021,12,Q4,Organic Search,0,0,0.0
2021-12-31,2021,12,Q4,Social Media,12477,225,490.74
2021-12-31,2021,12,Q4,Email Campaign,7249,326,194.47
2021-12-31,2021,12,Q4,Paid Ad,28637,344,1162.26
2021-12-31,2021,12,Q4,Direct,0,0,0.0
2021-12-31,2021,12,Q4,Referral,0,0,0.0
2022-01-01,2022,1,Q1,Organic Search,0,0,0.0
2022-01-01,2022,1,Q1,Social Media,9492,171,374.14
2022-01-01,2022,1,Q1,Email Campaign,5292,238,142.09
2022-01-01,2022,1,Q1,Paid Ad,17424,209,707.03
2022-01-01,2022,1,Q1,Direct,0,0,0.0
2022-01-01,2022,1,Q1,Referral,0,0,0.0
2022-01-02,2022,1,Q1,Organic Search,0,0,0.0
2022-01-02,2022,1,Q1,Social Media,11025,198,434.27
2022-01-02,2022,1,Q1,Email Campaign,5227,235,140.18
2022-01-02,2022,1,Q1,Paid Ad,17464,210,708.27
2022-01-02,2022,1,Q1,Direct,0,0,0.0
2022-01-02,2022,1,Q1,Referral,0,0,0.0
2022-01-03,2022,1,Q1,Organic Search,0,0,0.0
2022-01-03,2022,1,Q1,Social Media,9626,173,379.43
2022-01-03,2022,1,Q1,Email Campaign,5184,233,139.31
2022-01-03,2022,1,Q1,Paid Ad,15770,189,639.27
2022-01-03,2022,1,Q1,Direct,0,0,0.0
2022-01-03,2022,1,Q1,Referral,0,0,0.0
2022-01-04,2022,1,Q1,Organic Search,0,0,0.0
2022-01-04,2022,1,Q1,Social Media,9815,177,386.19
2022-01-04,2022,1,Q1,Email Campaign,4066,183,109.12
2022-01-04,2022,1,Q1,Paid Ad,14762,177,599.5
2022-01-04,2022,1,Q1,Direct,0,0,0.0
2022-01-04,2022,1,Q1,Referral,0,0,0.0
2022-01-05,2022,1,Q1,Organic Search,0,0,0.0
2022-01-05,2022,1,Q1,Social Media,9626,173,378.95
2022-01-05,2022,1,Q1,Email Campaign,5077,228,136.17
2022-01-05,2022,1,Q1,Paid Ad,16456,197,667.66
2022-01-05,2022,1,Q1,Direct,0,0,0.0
2022-01-05,2022,1,Q1,Referral,0,0,0.0
2022-01-06,2022,1,Q1,Organic Search,0,0,0.0
2022-01-06,2022,1,Q1,Social Media,9035,163,356.04
2022-01-06,2022,1,Q1,Email Campaign,4539,204,121.73
2022-01-06,2022,1,Q1,Paid Ad,14399,173,584.23
2022-01-06,2022,1,Q1,Direct,0,0,0.0
2022-01-06,2022,1,Q1,Referral,0,0,0.0
2022-01-07,2022,1,Q1,Organic Search,0,0,0.0
2022-01-07,2022,1,Q1,Social Media,9734,175,382.85
2022-01-07,2022,1,Q1,Email Campaign,4851,218,130.32
2022-01-07,2022,1,Q1,Paid Ad,15407,185,625.71
2022-01-07,2022,1,Q1,Direct,0,0,0.0
2022-01-07,2022,1,Q1,Referral,0,0,0.0
2022-01-08,2022,1,Q1,Organic Search,0,0,0.0
2022-01-08,2022,1,Q1,Social Media,10271,185,404.16
2022-01-08,2022,1,Q1,Email Campaign,5324,240,142.97
2022-01-08,2022,1,Q1,Paid Ad,17747,213,720.48
2022-01-08,2022,1,Q1,Direct,0,0,0.0
2022-01-08,2022,1,Q1,Referral,0,0,0.0
2022-01-09,2022,1,Q1,Organic Search,0,0,0.0
2022-01-09,2022,1,Q1,Social Media,10621,191,417.72
2022-01-09,2022,1,Q1,Email Campaign,6088,274,163.49
2022-01-09,2022,1,Q1,Paid Ad,18029,216,731.81
2022-01-09,2022,1,Q1,Direct,0,0,0.0
2022-01-09,2022,1,Q1,Referral,0,0,0.0
2022-01-10,2022,1,Q1,Organic Search,0,0,0.0
2022-01-10,2022,1,Q1,Social Media,9008,162,354.69
2022-01-10,2022,1,Q1,Email Campaign,4302,194,115.41
2022-01-10,2022,1,Q1,Paid Ad,16940,203,687.83
2022-01-10,2022,1,Q1,Direct,0,0,0.0
2022-01-10,2022,1,Q1,Referral,0,0,0.0
2022-01-11,2022,1,Q1,Organic Search,0,0,0.0
2022-01-11,2022,1,Q1,Social Media,9142,165,359.86
2022-01-11,2022,1,Q1,Email Campaign,4302,194,115.41
2022-01-11,2022,1,Q1,Paid Ad,17706,212,717.81
2022-01-11,2022,1,Q1,Direct,0,0,0.0
2022-01-11,2022,1,Q1,Referral,0,0,0.0
2022-01-12,2022,1,Q1,Organic Search,0,0,0.0
2022-01-12,2022,1,Q1,Social Media,10325,186,406.63
2022-01-12,2022,1,Q1,Email Campaign,4313,194,115.88
2022-01-12,2022,1,Q1,Paid Ad,13633,164,552.26
2022-01-12,2022,1,Q1,Direct,0,0,0.0
2022-01-12,2022,1,Q1,Referral,0,0,0.0
2022-01-13,2022,1,Q1,Organic Search,0,0,0.0
2022-01-13,2022,1,Q1,Social Media,10029,181,394.58
2022-01-13,2022,1,Q1,Email Campaign,4292,193,115.05
2022-01-13,2022,1,Q1,Paid Ad,17021,204,690.25
2022-01-13,2022,1,Q1,Direct,0,0,0.0
2022-01-13,2022,1,Q1,Referral,0,0,0.0
2022-01-14,2022,1,Q1,Organic Search,0,0,0.0
2022-01-14,2022,1,Q1,Social Media,7825,141,307.6
2022-01-14,2022,1,Q1,Email Campaign,4861,219,130.44
2022-01-14,2022,1,Q1,Paid Ad,14439,173,586.3
2022-01-14,2022,1,Q1,Direct,0,0,0.0
2022-01-14,2022,1,Q1,Referral,0,0,0.0
2022-01-15,2022,1,Q1,Organic Search,0,0,0.0
2022-01-15,2022,1,Q1,Social Media,11293,203,444.49
2022-01-15,2022,1,Q1,Email Campaign,5217,235,140.14
2022-01-15,2022,1,Q1,Paid Ad,16980,204,689.58
2022-01-15,2022,1,Q1,Direct,0,0,0.0
2022-01-15,2022,1,Q1,Referral,0,0,0.0
2022-01-16,2022,1,Q1,Organic Search,0,0,0.0
2022-01-16,2022,1,Q1,Social Media,10325,186,406.27
2022-01-16,2022,1,Q1,Email Campaign,5496,247,147.66
2022-01-16,2022,1,Q1,Paid Ad,18553,223,752.89
2022-01-16,2022,1,Q1,Direct,0,0,0.0
2022-01-16,2022,1,Q1,Referral,0,0,0.0
2022-01-17,2022,1,Q1,Organic Search,0,0,0.0
2022-01-17,2022,1,Q1,Social Media,9707,175,382.25
2022-01-17,2022,1,Q1,Email Campaign,5248,236,140.98
2022-01-17,2022,1,Q1,Paid Ad,13996,168,567.93
2022-01-17,2022,1,Q1,Direct,0,0,0.0
2022-01-17,2022,1,Q1,Referral,0,0,0.0
2022-01-18,2022,1,Q1,Organic Search,0,0,0.0
2022-01-18,2022,1,Q1,Social Media,10487,189,412.43
2022-01-18,2022,1,Q1,Email Campaign,4571,206,122.72
2022-01-18,2022,1,Q1,Paid Ad,14843,178,602.52
2022-01-18,2022,1,Q1,Direct,0,0,0.0
2022-01-18,2022,1,Q1,Referral,0,0,0.0
2022-01-19,2022,1,Q1,Organic Search,0,0,0.0
2022-01-19,2022,1,Q1,Social Media,8282,149,326.3
2022-01-19,2022,1,Q1,Email Campaign,4463,201,119.86
2022-01-19,2022,1,Q1,Paid Ad,17182,206,697.05
2022-01-19,2022,1,Q1,Direct,0,0,0.0
2022-01-19,2022,1,Q1,Referral,0,0,0.0
2022-01-20,2022,1,Q1,Organic Search,0,0,0.0
2022-01-20,2022,1,Q1,Social Media,9169,165,361.45
2022-01-20,2022,1,Q1,Email Campaign,5087,229,136.44
2022-01-20,2022,1,Q1,Paid Ad,14157,170,573.81
2022-01-20,2022,1,Q1,Direct,0,0,0.0
2022-01-20,2022,1,Q1,Referral,0,0,0.0
2022-01-21,2022,1,Q1,Organic Search,0,0,0.0
2022-01-21,2022,1,Q1,Social Media,9277,167,364.83
2022-01-21,2022,1,Q1,Email Campaign,4076,183,109.52
2022-01-21,2022,1,Q1,Paid Ad,16456,197,668.06
2022-01-21,2022,1,Q1,Direct,0,0,0.0
2022-01-21,2022,1,Q1,Referral,0,0,0.0
2022-01-22,2022,1,Q1,Organic Search,0,0,0.0
2022-01-22,2022,1,Q1,Social Media,11428,206,449.74
2022-01-22,2022,1,Q1,Email Campaign,5044,227,135.29
2022-01-22,2022,1,Q1,Paid Ad,14560,175,591.03
2022-01-22,2022,1,Q1,Direct,0,0,0.0
2022-01-22,2022,1,Q1,Referral,0,0,0.0
2022-01-23,2022,1,Q1,Organic Search,0,0,0.0
2022-01-23,2022,1,Q1,Social Media,10836,195,426.63
2022-01-23,2022,1,Q1,Email Campaign,5400,243,144.87
2022-01-23,2022,1,Q1,Paid Ad,18997,228,770.7
2022-01-23,2022,1,Q1,Direct,0,0,0.0
2022-01-23,2022,1,Q1,Referral,0,0,0.0
2022-01-24,2022,1,Q1,Organic Search,0,0,0.0
2022-01-24,2022,1,Q1,Social Media,10191,183,401.26
2022-01-24,2022,1,Q1,Email Campaign,4141,186,111.27
2022-01-24,2022,1,Q1,Paid Ad,16859,202,684.49
2022-01-24,2022,1,Q1,Direct,0,0,0.0
2022-01-24,2022,1,Q1,Referral,0,0,0.0
2022-01-25,2022,1,Q1,Organic Search,0,0,0.0
2022-01-25,2022,1,Q1,Social Media,10164,183,399.99
2022-01-25,2022,1,Q1,Email Campaign,3893,175,104.39
2022-01-25,2022,1,Q1,Paid Ad,16416,197,665.79
2022-01-25,2022,1,Q1,Direct,0,0,0.0
2022-01-25,2022,1,Q1,Referral,0,0,0.0
2022-01-26,2022,1,Q1,Organic Search,0,0,0.0
2022-01-26,2022,1,Q1,Social Media,8900,160,350.43
2022-01-26,2022,1,Q1,Email Campaign,4507,203,120.93
2022-01-26,2022,1,Q1,Paid Ad,16456,197,667.23
2022-01-26,2022,1,Q1,Direct,0,0,0.0
2022-01-26,2022,1,Q1,Referral,0,0,0.0
2022-01-27,2022,1,Q1,Organic Search,0,0,0.0
2022-01-27,2022,1,Q1,Social Media,8927,161,350.95
2022-01-27,2022,1,Q1,Email Campaign,4292,193,115.13
2022-01-27,2022,1,Q1,Paid Ad,16053,193,650.96
2022-01-27,2022,1,Q1,Direct,0,0,0.0
2022-01-27,2022,1,Q1,Referral,0,0,0.0
2022-01-28,2022,1,Q1,Organic Search,0,0,0.0
2022-01-28,2022,1,Q1,Social Media,8470,152,333.41
2022-01-28,2022,1,Q1,Email Campaign,4141,186,111.15
2022-01-28,2022,1,Q1,Paid Ad,16859,202,684.49
2022-01-28,2022,1,Q1,Direct,0,0,0.0
2022-01-28,2022,1,Q1,Referral,0,0,0.0
2022-01-29,2022,1,Q1,Organic Search,0,0,0.0
2022-01-29,2022,1,Q1,Social Media,9680,174,381.33
2022-01-29,2022,1,Q1,Email Campaign,5496,247,147.42
2022-01-29,2022,1,Q1,Paid Ad,19078,229,774.2
2022-01-29,2022,1,Q1,Direct,0,0,0.0
2022-01-29,2022,1,Q1,Referral,0,0,0.0
2022-01-30,2022,1,Q1,Organic Search,0,0,0.0
2022-01-30,2022,1,Q1,Social Media,9196,166,361.97
2022-01-30,2022,1,Q1,Email Campaign,4937,222,132.39
2022-01-30,2022,1,Q1,Paid Ad,20167,242,817.87
2022-01-30,2022,1,Q1,Direct,0,0,0.0
2022-01-30,2022,1,Q1,Referral,0,0,0.0
2022-01-31,2022,1,Q1,Organic Search,0,0,0.0
2022-01-31,2022,1,Q1,Social Media,8551,154,336.52
2022-01-31,2022,1,Q1,Email Campaign,4367,197,117.2
2022-01-31,2022,1,Q1,Paid Ad,16577,199,673.19
2022-01-31,2022,1,Q1,Direct,0,0,0.0
2022-01-31,2022,1,Q1,Referral,0,0,0.0
2022-02-01,2022,2,Q1,Organic Search,0,0,0.0
2022-02-01,2022,2,Q1,Social Media,9868,178,388.06
2022-02-01,2022,2,Q1,Email Campaign,4442,200,119.26
2022-02-01,2022,2,Q1,Paid Ad,15246,183,618.15
2022-02-01,2022,2,Q1,Direct,0,0,0.0
2022-02-01,2022,2,Q1,Referral,0,0,0.0
2022-02-02,2022,2,Q1,Organic Search,0,0,0.0
2022-02-02,2022,2,Q1,Social Media,10325,186,406.71
2022-02-02,2022,2,Q1,Email Campaign,5163,232,138.67
2022-02-02,2022,2,Q1,Paid Ad,17263,207,700.03
2022-02-02,2022,2,Q1,Direct,0,0,0.0
2022-02-02,2022,2,Q1,Referral,0,0,0.0
2022-02-03,2022,2,Q1,Organic Search,0,0,0.0
2022-02-03,2022,2,Q1,Social Media,9331,168,367.65
2022-02-03,2022,2,Q1,Email Campaign,4238,191,113.86
2022-02-03,2022,2,Q1,Paid Ad,14923,179,606.06
2022-02-03,2022,2,Q1,Direct,0,0,0.0
2022-02-03,2022,2,Q1,Referral,0,0,0.0
2022-02-04,2022,2,Q1,Organic Search,0,0,0.0
2022-02-04,2022,2,Q1,Social Media,9653,174,380.42
2022-02-04,2022,2,Q1,Email Campaign,4689,211,125.79
2022-02-04,2022,2,Q1,Paid Ad,17787,213,721.99
2022-02-04,2022,2,Q1,Direct,0,0,0.0
2022-02-04,2022,2,Q1,Referral,0,0,0.0
2022-02-05,2022,2,Q1,Organic Search,0,0,0.0
2022-02-05,2022,2,Q1,Social Media,11213,202,441.78
2022-02-05,2022,2,Q1,Email Campaign,4593,207,123.16
2022-02-05,2022,2,Q1,Paid Ad,19965,240,809.4
2022-02-05,2022,2,Q1,Direct,0,0,0.0
2022-02-05,2022,2,Q1,Referral,0,0,0.0
2022-02-06,2022,2,Q1,Organic Search,0,0,0.0
2022-02-06,2022,2,Q1,Social Media,9815,177,386.42
2022-02-06,2022,2,Q1,Email Campaign,5055,227,135.69
2022-02-06,2022,2,Q1,Paid Ad,18755,225,761.52
2022-02-06,2022,2,Q1,Direct,0,0,0.0
2022-02-06,2022,2,Q1,Referral,0,0,0.0
2022-02-07,2022,2,Q1,Organic Search,0,0,0.0
2022-02-07,2022,2,Q1,Social Media,10755,194,423.45
2022-02-07,2022,2,Q1,Email Campaign,5657,255,151.99
2022-02-07,2022,2,Q1,Paid Ad,16779,201,680.71
2022-02-07,2022,2,Q1,Direct,0,0,0.0
2022-02-07,2022,2,Q1,Referral,0,0,0.0
2022-02-08,2022,2,Q1,Organic Search,0,0,0.0
2022-02-08,2022,2,Q1,Social Media,9142,165,359.82
2022-02-08,2022,2,Q1,Email Campaign,4733,213,126.9
2022-02-08,2022,2,Q1,Paid Ad,17142,206,695.3
2022-02-08,2022,2,Q1,Direct,0,0,0.0
2022-02-08,2022,2,Q1,Referral,0,0,0.0
2022-02-09,2022,2,Q1,Organic Search,0,0,0.0
2022-02-09,2022,2,Q1,Social Media,9035,163,355.8
2022-02-09,2022,2,Q1,Email Campaign,5184,233,139.19
2022-02-09,2022,2,Q1,Paid Ad,16295,196,661.14
2022-02-09,2022,2,Q1,Direct,0,0,0.0
2022-02-09,2022,2,Q1,Referral,0,0,0.0
2022-02-10,2022,2,Q1,Organic Search,0,0,0.0
2022-02-10,2022,2,Q1,Social Media,9653,174,379.7
2022-02-10,2022,2,Q1,Email Campaign,4776,215,128.21
2022-02-10,2022,2,Q1,Paid Ad,16537,198,671.08
2022-02-10,2022,2,Q1,Direct,0,0,0.0
2022-02-10,2022,2,Q1,Referral,0,0,0.0
2022-02-11,2022,2,Q1,Organic Search,0,0,0.0
2022-02-11,2022,2,Q1,Social Media,9895,178,389.69
2022-02-11,2022,2,Q1,Email Campaign,4313,194,115.72
2022-02-11,2022,2,Q1,Paid Ad,15286,183,620.18
2022-02-11,2022,2,Q1,Direct,0,0,0.0
2022-02-11,2022,2,Q1,Referral,0,0,0.0
2022-02-12,2022,2,Q1,Organic Search,0,0,0.0
2022-02-12,2022,2,Q1,Social Media,9734,175,383.0
2022-02-12,2022,2,Q1,Email Campaign,5400,243,144.91
2022-02-12,2022,2,Q1,Paid Ad,19562,235,793.09
2022-02-12,2022,2,Q1,Direct,0,0,0.0
2022-02-12,2022,2,Q1,Referral,0,0,0.0
2022-02-13,2022,2,Q1,Organic Search,0,0,0.0
2022-02-13,2022,2,Q1,Social Media,11051,199,435.34
2022-02-13,2022,2,Q1,Email Campaign,5915,266,158.75
2022-02-13,2022,2,Q1,Paid Ad,18392,221,746.24
2022-02-13,2022,2,Q1,Direct,0,0,0.0
2022-02-13,2022,2,Q1,Referral,0,0,0.0
2022-02-14,2022,2,Q1,Organic Search,0,0,0.0
2022-02-14,2022,2,Q1,Social Media,9761,176,384.71
2022-02-14,2022,2,Q1,Email Campaign,4141,186,111.11
2022-02-14,2022,2,Q1,Paid Ad,15528,186,629.09
2022-02-14,2022,2,Q1,Direct,0,0,0.0
2022-02-14,2022,2,Q1,Referral,0,0,0.0
2022-02-15,2022,2,Q1,Organic Search,0,0,0.0
2022-02-15,2022,2,Q1,Social Media,9787,176,385.51
2022-02-15,2022,2,Q1,Email Campaign,4840,218,130.0
2022-02-15,2022,2,Q1,Paid Ad,15609,187,633.94
2022-02-15,2022,2,Q1,Direct,0,0,0.0
2022-02-15,2022,2,Q1,Referral,0,0,0.0
2022-02-16,2022,2,Q1,Organic Search,0,0,0.0
2022-02-16,2022,2,Q1,Social Media,9223,166,363.08
2022-02-16,2022,2,Q1,Email Campaign,3979,179,106.94
2022-02-16,2022,2,Q1,Paid Ad,15528,186,630.64
2022-02-16,2022,2,Q1,Direct,0,0,0.0
2022-02-16,2022,2,Q1,Referral,0,0,0.0
2022-02-17,2022,2,Q1,Organic Search,0,0,0.0
2022-02-17,2022,2,Q1,Social Media,9949,179,391.16
2022-02-17,2022,2,Q1,Email Campaign,4743,213,127.34
2022-02-17,2022,2,Q1,Paid Ad,16658,200,675.18
2022-02-17,2022,2,Q1,Direct,0,0,0.0
2022-02-17,2022,2,Q1,Referral,0,0,0.0
2022-02-18,2022,2,Q1,Organic Search,0,0,0.0
2022-02-18,2022,2,Q1,Social Media,9303,167,366.62
2022-02-18,2022,2,Q1,Email Campaign,4539,204,121.81
2022-02-18,2022,2,Q1,Paid Ad,15165,182,614.89
2022-02-18,2022,2,Q1,Direct,0,0,0.0
2022-02-18,2022,2,Q1,Referral,0,0,0.0
2022-02-19,2022,2,Q1,Organic Search,0,0,0.0
2022-02-19,2022,2,Q1,Social Media,11267,203,443.41
2022-02-19,2022,2,Q1,Email Campaign,5388,242,144.72
2022-02-19,2022,2,Q1,Paid Ad,19118,229,775.95
2022-02-19,2022,2,Q1,Direct,0,0,0.0
2022-02-19,2022,2,Q1,Referral,0,0,0.0
2022-02-20,2022,2,Q1,Organic Search,0,0,0.0
2022-02-20,2022,2,Q1,Social Media,10218,184,402.29
2022-02-20,2022,2,Q1,Email Campaign,4313,194,115.88
2022-02-20,2022,2,Q1,Paid Ad,20005,240,812.1
2022-02-20,2022,2,Q1,Direct,0,0,0.0
2022-02-20,2022,2,Q1,Referral,0,0,0.0
2022-02-21,2022,2,Q1,Organic Search,0,0,0.0
2022-02-21,2022,2,Q1,Social Media,8927,161,351.19
2022-02-21,2022,2,Q1,Email Campaign,4227,190,113.34
2022-02-21,2022,2,Q1,Paid Ad,16900,203,685.2
2022-02-21,2022,2,Q1,Direct,0,0,0.0
2022-02-21,2022,2,Q1,Referral,0,0,0.0
2022-02-22,2022,2,Q1,Organic Search,0,0,0.0
2022-02-22,2022,2,Q1,Social Media,8981,162,353.7
2022-02-22,2022,2,Q1,Email Campaign,4916,221,132.03
2022-02-22,2022,2,Q1,Paid Ad,16779,201,681.22
2022-02-22,2022,2,Q1,Direct,0,0,0.0
2022-02-22,2022,2,Q1,Referral,0,0,0.0
2022-02-23,2022,2,Q1,Organic Search,0,0,0.0
2022-02-23,2022,2,Q1,Social Media,9787,176,385.11
2022-02-23,2022,2,Q1,Email Campaign,4044,182,108.41
2022-02-23,2022,2,Q1,Paid Ad,17545,211,712.12
2022-02-23,2022,2,Q1,Direct,0,0,0.0
2022-02-23,2022,2,Q1,Referral,0,0,0.0
2022-02-24,2022,2,Q1,Organic Search,0,0,0.0
2022-02-24,2022,2,Q1,Social Media,9465,170,372.82
2022-02-24,2022,2,Q1,Email Campaign,4399,198,118.11
2022-02-24,2022,2,Q1,Paid Ad,16174,194,656.65
2022-02-24,2022,2,Q1,Direct,0,0,0.0
2022-02-24,2022,2,Q1,Referral,0,0,0.0
2022-02-25,2022,2,Q1,Organic Search,0,0,0.0
2022-02-25,2022,2,Q1,Social Media,7959,143,313.29
2022-02-25,2022,2,Q1,Email Campaign,4679,211,125.71
2022-02-25,2022,2,Q1,Paid Ad,14681,176,595.72
2022-02-25,2022,2,Q1,Direct,0,0,0.0
2022-02-25,2022,2,Q1,Referral,0,0,0.0
2022-02-26,2022,2,Q1,Organic Search,0,0,0.0
2022-02-26,2022,2,Q1,Social Media,9519,171,374.49
2022-02-26,2022,2,Q1,Email Campaign,4582,206,122.92
2022-02-26,2022,2,Q1,Paid Ad,20046,241,813.02
2022-02-26,2022,2,Q1,Direct,0,0,0.0
2022-02-26,2022,2,Q1,Referral,0,0,0.0
2022-02-27,2022,2,Q1,Organic Search,0,0,0.0
2022-02-27,2022,2,Q1,Social Media,10137,182,398.79
2022-02-27,2022,2,Q1,Email Campaign,5851,263,157.16
2022-02-27,2022,2,Q1,Paid Ad,17626,212,714.55
2022-02-27,2022,2,Q1,Direct,0,0,0.0
2022-02-27,2022,2,Q1,Referral,0,0,0.0
2022-02-28,2022,2,Q1,Organic Search,0,0,0.0
2022-02-28,2022,2,Q1,Social Media,8013,144,315.28
2022-02-28,2022,2,Q1,Email Campaign,4130,186,110.83
2022-02-28,2022,2,Q1,Paid Ad,17585,211,713.36
2022-02-28,2022,2,Q1,Direct,0,0,0.0
2022-02-28,2022,2,Q1,Referral,0,0,0.0
2022-03-01,2022,3,Q1,Organic Search,0,0,0.0
2022-03-01,2022,3,Q1,Social Media,10783,194,424.24
2022-03-01,2022,3,Q1,Email Campaign,5098,229,136.92
2022-03-01,2022,3,Q1,Paid Ad,19078,229,773.53
2022-03-01,2022,3,Q1,Direct,0,0,0.0
2022-03-01,2022,3,Q1,Referral,0,0,0.0
2022-03-02,2022,3,Q1,Organic Search,0,0,0.0
2022-03-02,2022,3,Q1,Social Media,11347,204,446.87
2022-03-02,2022,3,Q1,Email Campaign,5808,261,156.01
2022-03-02,2022,3,Q1,Paid Ad,21014,252,852.27
2022-03-02,2022,3,Q1,Direct,0,0,0.0
2022-03-02,2022,3,Q1,Referral,0,0,0.0
2022-03-03,2022,3,Q1,Organic Search,0,0,0.0
2022-03-03,2022,3,Q1,Social Media,10594,191,417.24
2022-03-03,2022,3,Q1,Email Campaign,4764,214,128.01
2022-03-03,2022,3,Q1,Paid Ad,18190,218,738.49
2022-03-03,2022,3,Q1,Direct,0,0,0.0
2022-03-03,2022,3,Q1,Referral,0,0,0.0
2022-03-04,2022,3,Q1,Organic Search,0,0,0.0
2022-03-04,2022,3,Q1,Social Media,11132,200,438.56
2022-03-04,2022,3,Q1,Email Campaign,4926,222,132.15
2022-03-04,2022,3,Q1,Paid Ad,17384,209,705.28
2022-03-04,2022,3,Q1,Direct,0,0,0.0
2022-03-04,2022,3,Q1,Referral,0,0,0.0
2022-03-05,2022,3,Q1,Organic Search,0,0,0.0
2022-03-05,2022,3,Q1,Social Media,12907,232,507.64
2022-03-05,2022,3,Q1,Email Campaign,6109,275,164.04
2022-03-05,2022,3,Q1,Paid Ad,21699,260,880.62
2022-03-05,2022,3,Q1,Direct,0,0,0.0
2022-03-05,2022,3,Q1,Referral,0,0,0.0
2022-03-06,2022,3,Q1,Organic Search,0,0,0.0
2022-03-06,2022,3,Q1,Social Media,11777,212,464.05
2022-03-06,2022,3,Q1,Email Campaign,6023,271,161.66
2022-03-06,2022,3,Q1,Paid Ad,20046,241,813.37
2022-03-06,2022,3,Q1,Direct,0,0,0.0
2022-03-06,2022,3,Q1,Referral,0,0,0.0
2022-03-07,2022,3,Q1,Organic Search,0,0,0.0
2022-03-07,2022,3,Q1,Social Media,11697,211,460.19
2022-03-07,2022,3,Q1,Email Campaign,5776,260,155.06
2022-03-07,2022,3,Q1,Paid Ad,16053,193,650.92
2022-03-07,2022,3,Q1,Direct,0,0,0.0
2022-03-07,2022,3,Q1,Referral,0,0,0.0
2022-03-08,2022,3,Q1,Organic Search,0,0,0.0
2022-03-08,2022,3,Q1,Social Media,10110,182,397.64
2022-03-08,2022,3,Q1,Email Campaign,4700,212,126.06
2022-03-08,2022,3,Q1,Paid Ad,17868,214,724.05
2022-03-08,2022,3,Q1,Direct,0,0,0.0
2022-03-08,2022,3,Q1,Referral,0,0,0.0
2022-03-09,2022,3,Q1,Organic Search,0,0,0.0
2022-03-09,2022,3,Q1,Social Media,10836,195,426.75
2022-03-09,2022,3,Q1,Email Campaign,4711,212,126.58
2022-03-09,2022,3,Q1,Paid Ad,17424,209,707.43
2022-03-09,2022,3,Q1,Direct,0,0,0.0
2022-03-09,2022,3,Q1,Referral,0,0,0.0
2022-03-10,2022,3,Q1,Organic Search,0,0,0.0
2022-03-10,2022,3,Q1,Social Media,10029,181,395.09
2022-03-10,2022,3,Q1,Email Campaign,5421,244,145.55
2022-03-10,2022,3,Q1,Paid Ad,18916,227,768.0
2022-03-10,2022,3,Q1,Direct,0,0,0.0
2022-03-10,2022,3,Q1,Referral,0,0,0.0
2022-03-11,2022,3,Q1,Organic Search,0,0,0.0
2022-03-11,2022,3,Q1,Social Media,10271,185,404.8
2022-03-11,2022,3,Q1,Email Campaign,5410,243,145.23
2022-03-11,2022,3,Q1,Paid Ad,17989,216,730.34
2022-03-11,2022,3,Q1,Direct,0,0,0.0
2022-03-11,2022,3,Q1,Referral,0,0,0.0
2022-03-12,2022,3,Q1,Organic Search,0,0,0.0
2022-03-12,2022,3,Q1,Social Media,12288,221,483.3
2022-03-12,2022,3,Q1,Email Campaign,6959,313,186.71
2022-03-12,2022,3,Q1,Paid Ad,23958,287,972.48
2022-03-12,2022,3,Q1,Direct,0,0,0.0
2022-03-12,2022,3,Q1,Referral,0,0,0.0
2022-03-13,2022,3,Q1,Organic Search,0,0,0.0
2022-03-13,2022,3,Q1,Social Media,11239,202,442.7
2022-03-13,2022,3,Q1,Email Campaign,6539,294,175.62
2022-03-13,2022,3,Q1,Paid Ad,23071,277,935.3
2022-03-13,2022,3,Q1,Direct,0,0,0.0
2022-03-13,2022,3,Q1,Referral,0,0,0.0
2022-03-14,2022,3,Q1,Organic Search,0,0,0.0
2022-03-14,2022,3,Q1,Social Media,9922,179,390.16
2022-03-14,2022,3,Q1,Email Campaign,5679,256,152.59
2022-03-14,2022,3,Q1,Paid Ad,21135,254,857.71
2022-03-14,2022,3,Q1,Direct,0,0,0.0
2022-03-14,2022,3,Q1,Referral,0,0,0.0
2022-03-15,2022,3,Q1,Organic Search,0,0,0.0
2022-03-15,2022,3,Q1,Social Media,9922,179,391.04
2022-03-15,2022,3,Q1,Email Campaign,4947,223,132.71
2022-03-15,2022,3,Q1,Paid Ad,20368,244,825.9
2022-03-15,2022,3,Q1,Direct,0,0,0.0
2022-03-15,2022,3,Q1,Referral,0,0,0.0
2022-03-16,2022,3,Q1,Organic Search,0,0,0.0
2022-03-16,2022,3,Q1,Social Media,11159,201,438.96
2022-03-16,2022,3,Q1,Email Campaign,5571,251,149.53
2022-03-16,2022,3,Q1,Paid Ad,19360,232,784.54
2022-03-16,2022,3,Q1,Direct,0,0,0.0
2022-03-16,2022,3,Q1,Referral,0,0,0.0
2022-03-17,2022,3,Q1,Organic Search,0,0,0.0
2022-03-17,2022,3,Q1,Social Media,11267,203,443.05
2022-03-17,2022,3,Q1,Email Campaign,4764,214,128.01
2022-03-17,2022,3,Q1,Paid Ad,20409,245,827.73
2022-03-17,2022,3,Q1,Direct,0,0,0.0
2022-03-17,2022,3,Q1,Referral,0,0,0.0
2022-03-18,2022,3,Q1,Organic Search,0,0,0.0
2022-03-18,2022,3,Q1,Social Media,11939,215,469.78
2022-03-18,2022,3,Q1,Email Campaign,5238,236,140.58
2022-03-18,2022,3,Q1,Paid Ad,18755,225,761.08
2022-03-18,2022,3,Q1,Direct,0,0,0.0
2022-03-18,2022,3,Q1,Referral,0,0,0.0
2022-03-19,2022,3,Q1,Organic Search,0,0,0.0
2022-03-19,2022,3,Q1,Social Media,11025,198,433.55
2022-03-19,2022,3,Q1,Email Campaign,6389,287,171.44
2022-03-19,2022,3,Q1,Paid Ad,22627,272,918.48
2022-03-19,2022,3,Q1,Direct,0,0,0.0
2022-03-19,2022,3,Q1,Referral,0,0,0.0
2022-03-20,2022,3,Q1,Organic Search,0,0,0.0
2022-03-20,2022,3,Q1,Social Media,12477,225,491.57
2022-03-20,2022,3,Q1,Email Campaign,6690,301,179.51
2022-03-20,2022,3,Q1,Paid Ad,21054,253,854.81
2022-03-20,2022,3,Q1,Direct,0,0,0.0
2022-03-20,2022,3,Q1,Referral,0,0,0.0
2022-03-21,2022,3,Q1,Organic Search,0,0,0.0
2022-03-21,2022,3,Q1,Social Media,11401,205,449.02
2022-03-21,2022,3,Q1,Email Campaign,4904,221,131.51
2022-03-21,2022,3,Q1,Paid Ad,18795,226,762.31
2022-03-21,2022,3,Q1,Direct,0,0,0.0
2022-03-21,2022,3,Q1,Referral,0,0,0.0
2022-03-22,2022,3,Q1,Organic Search,0,0,0.0
2022-03-22,2022,3,Q1,Social Media,10755,194,423.61
2022-03-22,2022,3,Q1,Email Campaign,5431,244,145.79
2022-03-22,2022,3,Q1,Paid Ad,18271,219,741.15
2022-03-22,2022,3,Q1,Direct,0,0,0.0
2022-03-22,2022,3,Q1,Referral,0,0,0.0
2022-03-23,2022,3,Q1,Organic Search,0,0,0.0
2022-03-23,2022,3,Q1,Social Media,10809,195,425.08
2022-03-23,2022,3,Q1,Email Campaign,5690,256,152.67
2022-03-23,2022,3,Q1,Paid Ad,18190,218,737.06
2022-03-23,2022,3,Q1,Direct,0,0,0.0
2022-03-23,2022,3,Q1,Referral,0,0,0.0
2022-03-24,2022,3,Q1,Organic Search,0,0,0.0
2022-03-24,2022,3,Q1,Social Media,9519,171,374.38
2022-03-24,2022,3,Q1,Email Campaign,6077,273,163.25
2022-03-24,2022,3,Q1,Paid Ad,20893,251,848.13
2022-03-24,2022,3,Q1,Direct,0,0,0.0
2022-03-24,2022,3,Q1,Referral,0,0,0.0
2022-03-25,2022,3,Q1,Organic Search,0,0,0.0
2022-03-25,2022,3,Q1,Social Media,9787,176,385.19
2022-03-25,2022,3,Q1,Email Campaign,5625,253,151.12
2022-03-25,2022,3,Q1,Paid Ad,18069,217,733.0
2022-03-25,2022,3,Q1,Direct,0,0,0.0
2022-03-25,2022,3,Q1,Referral,0,0,0.0
2022-03-26,2022,3,Q1,Organic Search,0,0,0.0
2022-03-26,2022,3,Q1,Social Media,12826,231,504.46
2022-03-26,2022,3,Q1,Email Campaign,6281,283,168.54
2022-03-26,2022,3,Q1,Paid Ad,21256,255,861.85
2022-03-26,2022,3,Q1,Direct,0,0,0.0
2022-03-26,2022,3,Q1,Referral,0,0,0.0
2022-03-27,2022,3,Q1,Organic Search,0,0,0.0
2022-03-27,2022,3,Q1,Social Media,11751,212,463.1
2022-03-27,2022,3,Q1,Email Campaign,5797,261,155.57
2022-03-27,2022,3,Q1,Paid Ad,20046,241,813.93
2022-03-27,2022,3,Q1,Direct,0,0,0.0
2022-03-27,2022,3,Q1,Referral,0,0,0.0
2022-03-28,2022,3,Q1,Organic Search,0,0,0.0
2022-03-28,2022,3,Q1,Social Media,10191,183,401.02
2022-03-28,2022,3,Q1,Email Campaign,5303,239,142.45
2022-03-28,2022,3,Q1,Paid Ad,17747,213,720.0
2022-03-28,2022,3,Q1,Direct,0,0,0.0
2022-03-28,2022,3,Q1,Referral,0,0,0.0
2022-03-29,2022,3,Q1,Organic Search,0,0,0.0
2022-03-29,2022,3,Q1,Social Media,11509,207,453.04
2022-03-29,2022,3,Q1,Email Campaign,5969,269,160.22
2022-03-29,2022,3,Q1,Paid Ad,17948,215,728.31
2022-03-29,2022,3,Q1,Direct,0,0,0.0
2022-03-29,2022,3,Q1,Referral,0,0,0.0
2022-03-30,2022,3,Q1,Organic Search,0,0,0.0
2022-03-30,2022,3,Q1,Social Media,11132,200,437.84
2022-03-30,2022,3,Q1,Email Campaign,5550,250,148.93
2022-03-30,2022,3,Q1,Paid Ad,19521,234,792.57
2022-03-30,2022,3,Q1,Direct,0,0,0.0
2022-03-30,2022,3,Q1,Referral,0,0,0.0
2022-03-31,2022,3,Q1,Organic Search,0,0,0.0
2022-03-31,2022,3,Q1,Social Media,10971,197,432.24
2022-03-31,2022,3,Q1,Email Campaign,5647,254,151.71
2022-03-31,2022,3,Q1,Paid Ad,19562,235,793.21
2022-03-31,2022,3,Q1,Direct,0,0,0.0
2022-03-31,2022,3,Q1,Referral,0,0,0.0
2022-04-01,2022,4,Q2,Organic Search,0,0,0.0
2022-04-01,2022,4,Q2,Social Media,9841,177,387.06
2022-04-01,2022,4,Q2,Email Campaign,5701,257,153.15
2022-04-01,2022,4,Q2,Paid Ad,20167,242,817.99
2022-04-01,2022,4,Q2,Direct,0,0,0.0
2022-04-01,2022,4,Q2,Referral,0,0,0.0
2022-04-02,2022,4,Q2,Organic Search,0,0,0.0
2022-04-02,2022,4,Q2,Social Media,11777,212,463.89
2022-04-02,2022,4,Q2,Email Campaign,6152,277,165.2
2022-04-02,2022,4,Q2,Paid Ad,22829,274,926.31
2022-04-02,2022,4,Q2,Direct,0,0,0.0
2022-04-02,2022,4,Q2,Referral,0,0,0.0
2022-04-03,2022,4,Q2,Organic Search,0,0,0.0
2022-04-03,2022,4,Q2,Social Media,12342,222,485.77
2022-04-03,2022,4,Q2,Email Campaign,6658,300,178.8
2022-04-03,2022,4,Q2,Paid Ad,25733,309,1044.38
2022-04-03,2022,4,Q2,Direct,0,0,0.0
2022-04-03,2022,4,Q2,Referral,0,0,0.0
2022-04-04,2022,4,Q2,Organic Search,0,0,0.0
2022-04-04,2022,4,Q2,Social Media,10218,184,402.61
2022-04-04,2022,4,Q2,Email Campaign,4743,213,127.38
2022-04-04,2022,4,Q2,Paid Ad,19279,231,782.31
2022-04-04,2022,4,Q2,Direct,0,0,0.0
2022-04-04,2022,4,Q2,Referral,0,0,0.0
2022-04-05,2022,4,Q2,Organic Search,0,0,0.0
2022-04-05,2022,4,Q2,Social Media,11535,208,454.39
2022-04-05,2022,4,Q2,Email Campaign,5238,236,140.58
2022-04-05,2022,4,Q2,Paid Ad,21014,252,852.54
2022-04-05,2022,4,Q2,Direct,0,0,0.0
2022-04-05,2022,4,Q2,Referral,0,0,0.0
2022-04-06,2022,4,Q2,Organic Search,0,0,0.0
2022-04-06,2022,4,Q2,Social Media,9734,175,383.6
2022-04-06,2022,4,Q2,Email Campaign,5625,253,151.12
2022-04-06,2022,4,Q2,Paid Ad,17908,215,726.72
2022-04-06,2022,4,Q2,Direct,0,0,0.0
2022-04-06,2022,4,Q2,Referral,0,0,0.0
2022-04-07,2022,4,Q2,Organic Search,0,0,0.0
2022-04-07,2022,4,Q2,Social Media,12423,224,488.71
2022-04-07,2022,4,Q2,Email Campaign,6185,278,166.03
2022-04-07,2022,4,Q2,Paid Ad,17666,212,716.9
2022-04-07,2022,4,Q2,Direct,0,0,0.0
2022-04-07,2022,4,Q2,Referral,0,0,0.0
2022-04-08,2022,4,Q2,Organic Search,0,0,0.0
2022-04-08,2022,4,Q2,Social Media,10433,188,410.72
2022-04-08,2022,4,Q2,Email Campaign,5701,257,153.07
2022-04-08,2022,4,Q2,Paid Ad,18231,219,740.08
2022-04-08,2022,4,Q2,Direct,0,0,0.0
2022-04-08,2022,4,Q2,Referral,0,0,0.0
2022-04-09,2022,4,Q2,Organic Search,0,0,0.0
2022-04-09,2022,4,Q2,Social Media,12503,225,492.25
2022-04-09,2022,4,Q2,Email Campaign,6152,277,165.0
2022-04-09,2022,4,Q2,Paid Ad,18311,220,743.42
2022-04-09,2022,4,Q2,Direct,0,0,0.0
2022-04-09,2022,4,Q2,Referral,0,0,0.0
2022-04-10,2022,4,Q2,Organic Search,0,0,0.0
2022-04-10,2022,4,Q2,Social Media,12530,226,493.52
2022-04-10,2022,4,Q2,Email Campaign,5797,261,155.61
2022-04-10,2022,4,Q2,Paid Ad,20812,250,843.68
2022-04-10,2022,4,Q2,Direct,0,0,0.0
2022-04-10,2022,4,Q2,Referral,0,0,0.0
2022-04-11,2022,4,Q2,Organic Search,0,0,0.0
2022-04-11,2022,4,Q2,Social Media,12181,219,479.24
2022-04-11,2022,4,Q2,Email Campaign,4797,216,128.81
2022-04-11,2022,4,Q2,Paid Ad,20046,241,813.41
2022-04-11,2022,4,Q2,Direct,0,0,0.0
2022-04-11,2022,4,Q2,Referral,0,0,0.0
2022-04-12,2022,4,Q2,Organic Search,0,0,0.0
2022-04-12,2022,4,Q2,Social Media,10675,192,420.03
2022-04-12,2022,4,Q2,Email Campaign,5217,235,139.98
2022-04-12,2022,4,Q2,Paid Ad,20005,240,812.02
2022-04-12,2022,4,Q2,Direct,0,0,0.0
2022-04-12,2022,4,Q2,Referral,0,0,0.0
2022-04-13,2022,4,Q2,Organic Search,0,0,0.0
2022-04-13,2022,4,Q2,Social Media,11213,202,441.3
2022-04-13,2022,4,Q2,Email Campaign,5582,251,149.77
2022-04-13,2022,4,Q2,Paid Ad,20288,243,822.88
2022-04-13,2022,4,Q2,Direct,0,0,0.0
2022-04-13,2022,4,Q2,Referral,0,0,0.0
2022-04-14,2022,4,Q2,Organic Search,0,0,0.0
2022-04-14,2022,4,Q2,Social Media,10621,191,418.2
2022-04-14,2022,4,Q2,Email Campaign,5077,228,136.21
2022-04-14,2022,4,Q2,Paid Ad,17182,206,697.45
2022-04-14,2022,4,Q2,Direct,0,0,0.0
2022-04-14,2022,4,Q2,Referral,0,0,0.0
2022-04-15,2022,4,Q2,Organic Search,0,0,0.0
2022-04-15,2022,4,Q2,Social Media,10191,183,401.22
2022-04-15,2022,4,Q2,Email Campaign,6593,297,176.97
2022-04-15,2022,4,Q2,Paid Ad,20691,248,839.78
2022-04-15,2022,4,Q2,Direct,0,0,0.0
2022-04-15,2022,4,Q2,Referral,0,0,0.0
2022-04-16,2022,4,Q2,Organic Search,0,0,0.0
2022-04-16,2022,4,Q2,Social Media,11186,201,440.67
2022-04-16,2022,4,Q2,Email Campaign,5485,247,147.26
2022-04-16,2022,4,Q2,Paid Ad,22506,270,912.16
2022-04-16,2022,4,Q2,Direct,0,0,0.0
2022-04-16,2022,4,Q2,Referral,0,0,0.0
2022-04-17,2022,4,Q2,Organic Search,0,0,0.0
2022-04-17,2022,4,Q2,Social Media,13095,236,515.67
2022-04-17,2022,4,Q2,Email Campaign,6399,288,171.92
2022-04-17,2022,4,Q2,Paid Ad,21215,255,860.38
2022-04-17,2022,4,Q2,Direct,0,0,0.0
2022-04-17,2022,4,Q2,Referral,0,0,0.0
2022-04-18,2022,4,Q2,Organic Search,0,0,0.0
2022-04-18,2022,4,Q2,Social Media,10809,195,425.28
2022-04-18,2022,4,Q2,Email Campaign,5475,246,146.94
2022-04-18,2022,4,Q2,Paid Ad,18957,227,768.99
2022-04-18,2022,4,Q2,Direct,0,0,0.0
2022-04-18,2022,4,Q2,Referral,0,0,0.0
2022-04-19,2022,4,Q2,Organic Search,0,0,0.0
2022-04-19,2022,4,Q2,Social Media,8981,162,353.34
2022-04-19,2022,4,Q2,Email Campaign,5238,236,140.58
2022-04-19,2022,4,Q2,Paid Ad,17545,211,711.73
2022-04-19,2022,4,Q2,Direct,0,0,0.0
2022-04-19,2022,4,Q2,Referral,0,0,0.0
2022-04-20,2022,4,Q2,Organic Search,0,0,0.0
2022-04-20,2022,4,Q2,Social Media,11078,199,435.62
2022-04-20,2022,4,Q2,Email Campaign,6604,297,177.4
2022-04-20,2022,4,Q2,Paid Ad,19400,233,786.21
2022-04-20,2022,4,Q2,Direct,0,0,0.0
2022-04-20,2022,4,Q2,Referral,0,0,0.0
2022-04-21,2022,4,Q2,Organic Search,0,0,0.0
2022-04-21,2022,4,Q2,Social Media,10648,192,418.84
2022-04-21,2022,4,Q2,Email Campaign,5732,258,153.78
2022-04-21,2022,4,Q2,Paid Ad,19562,235,793.25
2022-04-21,2022,4,Q2,Direct,0,0,0.0
2022-04-21,2022,4,Q2,Referral,0,0,0.0
2022-04-22,2022,4,Q2,Organic Search,0,0,0.0
2022-04-22,2022,4,Q2,Social Media,11267,203,444.05
2022-04-22,2022,4,Q2,Email Campaign,5593,252,150.16
2022-04-22,2022,4,Q2,Paid Ad,21941,263,889.41
2022-04-22,2022,4,Q2,Direct,0,0,0.0
2022-04-22,2022,4,Q2,Referral,0,0,0.0
2022-04-23,2022,4,Q2,Organic Search,0,0,0.0
2022-04-23,2022,4,Q2,Social Media,11401,205,449.34
2022-04-23,2022,4,Q2,Email Campaign,6368,287,170.92
2022-04-23,2022,4,Q2,Paid Ad,20046,241,813.21
2022-04-23,2022,4,Q2,Direct,0,0,0.0
2022-04-23,2022,4,Q2,Referral,0,0,0.0
2022-04-24,2022,4,Q2,Organic Search,0,0,0.0
2022-04-24,2022,4,Q2,Social Media,13095,236,516.03
2022-04-24,2022,4,Q2,Email Campaign,5679,256,152.59
2022-04-24,2022,4,Q2,Paid Ad,20933,251,848.97
2022-04-24,2022,4,Q2,Direct,0,0,0.0
2022-04-24,2022,4,Q2,Referral,0,0,0.0
2022-04-25,2022,4,Q2,Organic Search,0,0,0.0
2022-04-25,2022,4,Q2,Social Media,10648,192,419.47
2022-04-25,2022,4,Q2,Email Campaign,5754,259,154.38
2022-04-25,2022,4,Q2,Paid Ad,20207,242,819.86
2022-04-25,2022,4,Q2,Direct,0,0,0.0
2022-04-25,2022,4,Q2,Referral,0,0,0.0
2022-04-26,2022,4,Q2,Organic Search,0,0,0.0
2022-04-26,2022,4,Q2,Social Media,9815,177,386.78
2022-04-26,2022,4,Q2,Email Campaign,5356,241,143.84
2022-04-26,2022,4,Q2,Paid Ad,17747,213,720.4
2022-04-26,2022,4,Q2,Direct,0,0,0.0
2022-04-26,2022,4,Q2,Referral,0,0,0.0
2022-04-27,2022,4,Q2,Organic Search,0,0,0.0
2022-04-27,2022,4,Q2,Social Media,9815,177,386.35
2022-04-27,2022,4,Q2,Email Campaign,5238,236,140.74
2022-04-27,2022,4,Q2,Paid Ad,18352,220,744.89
2022-04-27,2022,4,Q2,Direct,0,0,0.0
2022-04-27,2022,4,Q2,Referral,0,0,0.0
2022-04-28,2022,4,Q2,Organic Search,0,0,0.0
2022-04-28,2022,4,Q2,Social Media,13041,235,513.01
2022-04-28,2022,4,Q2,Email Campaign,5518,248,148.18
2022-04-28,2022,4,Q2,Paid Ad,16738,201,679.59
2022-04-28,2022,4,Q2,Direct,0,0,0.0
2022-04-28,2022,4,Q2,Referral,0,0,0.0
2022-04-29,2022,4,Q2,Organic Search,0,0,0.0
2022-04-29,2022,4,Q2,Social Media,10406,187,410.21
2022-04-29,2022,4,Q2,Email Campaign,5776,260,154.9
2022-04-29,2022,4,Q2,Paid Ad,21982,264,891.36
2022-04-29,2022,4,Q2,Direct,0,0,0.0
2022-04-29,2022,4,Q2,Referral,0,0,0.0
2022-04-30,2022,4,Q2,Organic Search,0,0,0.0
2022-04-30,2022,4,Q2,Social Media,10944,197,431.36
2022-04-30,2022,4,Q2,Email Campaign,5217,235,139.9
2022-04-30,2022,4,Q2,Paid Ad,24886,299,1009.79
2022-04-30,2022,4,Q2,Direct,0,0,0.0
2022-04-30,2022,4,Q2,Referral,0,0,0.0
2022-05-01,2022,5,Q2,Organic Search,0,0,0.0
2022-05-01,2022,5,Q2,Social Media,12933,233,509.47
2022-05-01,2022,5,Q2,Email Campaign,5711,257,153.27
2022-05-01,2022,5,Q2,Paid Ad,22587,271,915.89
2022-05-01,2022,5,Q2,Direct,0,0,0.0
2022-05-01,2022,5,Q2,Referral,0,0,0.0
2022-05-02,2022,5,Q2,Organic Search,0,0,0.0
2022-05-02,2022,5,Q2,Social Media,8605,155,339.02
2022-05-02,2022,5,Q2,Email Campaign,5335,240,143.24
2022-05-02,2022,5,Q2,Paid Ad,19320,232,783.79
2022-05-02,2022,5,Q2,Direct,0,0,0.0
2022-05-02,2022,5,Q2,Referral,0,0,0.0
2022-05-03,2022,5,Q2,Organic Search,0,0,0.0
2022-05-03,2022,5,Q2,Social Media,11723,211,461.35
2022-05-03,2022,5,Q2,Email Campaign,4904,221,131.59
2022-05-03,2022,5,Q2,Paid Ad,18957,227,768.99
2022-05-03,2022,5,Q2,Direct,0,0,0.0
2022-05-03,2022,5,Q2,Referral,0,0,0.0
2022-05-04,2022,5,Q2,Organic Search,0,0,0.0
2022-05-04,2022,5,Q2,Social Media,10110,182,397.8
2022-05-04,2022,5,Q2,Email Campaign,5442,245,146.15
2022-05-04,2022,5,Q2,Paid Ad,17464,210,709.06
2022-05-04,2022,5,Q2,Direct,0,0,0.0
2022-05-04,2022,5,Q2,Referral,0,0,0.0
2022-05-05,2022,5,Q2,Organic Search,0,0,0.0
2022-05-05,2022,5,Q2,Social Media,10567,190,415.57
2022-05-05,2022,5,Q2,Email Campaign,4904,221,131.79
2022-05-05,2022,5,Q2,Paid Ad,19804,238,803.55
2022-05-05,2022,5,Q2,Direct,0,0,0.0
2022-05-05,2022,5,Q2,Referral,0,0,0.0
2022-05-06,2022,5,Q2,Organic Search,0,0,0.0
2022-05-06,2022,5,Q2,Social Media,11670,210,459.12
2022-05-06,2022,5,Q2,Email Campaign,5238,236,140.5
2022-05-06,2022,5,Q2,Paid Ad,18876,227,766.09
2022-05-06,2022,5,Q2,Direct,0,0,0.0
2022-05-06,2022,5,Q2,Referral,0,0,0.0
2022-05-07,2022,5,Q2,Organic Search,0,0,0.0
2022-05-07,2022,5,Q2,Social Media,11105,200,436.77
2022-05-07,2022,5,Q2,Email Campaign,5991,270,160.74
2022-05-07,2022,5,Q2,Paid Ad,21578,259,874.77
2022-05-07,2022,5,Q2,Direct,0,0,0.0
2022-05-07,2022,5,Q2,Referral,0,0,0.0
2022-05-08,2022,5,Q2,Organic Search,0,0,0.0
2022-05-08,2022,5,Q2,Social Media,15192,273,597.63
2022-05-08,2022,5,Q2,Email Campaign,5593,252,150.04
2022-05-08,2022,5,Q2,Paid Ad,24200,290,981.19
2022-05-08,2022,5,Q2,Direct,0,0,0.0
2022-05-08,2022,5,Q2,Referral,0,0,0.0
2022-05-09,2022,5,Q2,Organic Search,0,0,0.0
2022-05-09,2022,5,Q2,Social Media,11777,212,463.85
2022-05-09,2022,5,Q2,Email Campaign,5453,245,146.43
2022-05-09,2022,5,Q2,Paid Ad,21498,258,871.2
2022-05-09,2022,5,Q2,Direct,0,0,0.0
2022-05-09,2022,5,Q2,Referral,0,0,0.0
2022-05-10,2022,5,Q2,Organic Search,0,0,0.0
2022-05-10,2022,5,Q2,Social Media,11239,202,442.38
2022-05-10,2022,5,Q2,Email Campaign,5496,247,147.66
2022-05-10,2022,5,Q2,Paid Ad,18755,225,760.48
2022-05-10,2022,5,Q2,Direct,0,0,0.0
2022-05-10,2022,5,Q2,Referral,0,0,0.0
2022-05-11,2022,5,Q2,Organic Search,0,0,0.0
2022-05-11,2022,5,Q2,Social Media,11993,216,471.65
2022-05-11,2022,5,Q2,Email Campaign,5808,261,155.77
2022-05-11,2022,5,Q2,Paid Ad,17868,214,725.53
2022-05-11,2022,5,Q2,Direct,0,0,0.0
2022-05-11,2022,5,Q2,Referral,0,0,0.0
2022-05-12,2022,5,Q2,Organic Search,0,0,0.0
2022-05-12,2022,5,Q2,Social Media,9761,176,384.28
2022-05-12,2022,5,Q2,Email Campaign,5248,236,140.86
2022-05-12,2022,5,Q2,Paid Ad,17626,212,714.87
2022-05-12,2022,5,Q2,Direct,0,0,0.0
2022-05-12,2022,5,Q2,Referral,0,0,0.0
2022-05-13,2022,5,Q2,Organic Search,0,0,0.0
2022-05-13,2022,5,Q2,Social Media,10863,196,427.43
2022-05-13,2022,5,Q2,Email Campaign,5862,264,157.4
2022-05-13,2022,5,Q2,Paid Ad,18150,218,735.79
2022-05-13,2022,5,Q2,Direct,0,0,0.0
2022-05-13,2022,5,Q2,Referral,0,0,0.0
2022-05-14,2022,5,Q2,Organic Search,0,0,0.0
2022-05-14,2022,5,Q2,Social Media,12503,225,492.37
2022-05-14,2022,5,Q2,Email Campaign,6163,277,165.43
2022-05-14,2022,5,Q2,Paid Ad,23111,277,937.93
2022-05-14,2022,5,Q2,Direct,0,0,0.0
2022-05-14,2022,5,Q2,Referral,0,0,0.0
2022-05-15,2022,5,Q2,Organic Search,0,0,0.0
2022-05-15,2022,5,Q2,Social Media,10299,185,405.24
2022-05-15,2022,5,Q2,Email Campaign,5840,263,156.69
2022-05-15,2022,5,Q2,Paid Ad,22022,264,893.15
2022-05-15,2022,5,Q2,Direct,0,0,0.0
2022-05-15,2022,5,Q2,Referral,0,0,0.0
2022-05-16,2022,5,Q2,Organic Search,0,0,0.0
2022-05-16,2022,5,Q2,Social Media,11965,215,470.85
2022-05-16,2022,5,Q2,Email Campaign,5120,230,137.56
2022-05-16,2022,5,Q2,Paid Ad,16012,192,649.09
2022-05-16,2022,5,Q2,Direct,0,0,0.0
2022-05-16,2022,5,Q2,Referral,0,0,0.0
2022-05-17,2022,5,Q2,Organic Search,0,0,0.0
2022-05-17,2022,5,Q2,Social Media,11455,206,450.93
2022-05-17,2022,5,Q2,Email Campaign,5066,228,135.93
2022-05-17,2022,5,Q2,Paid Ad,17021,204,691.09
2022-05-17,2022,5,Q2,Direct,0,0,0.0
2022-05-17,2022,5,Q2,Referral,0,0,0.0
2022-05-18,2022,5,Q2,Organic Search,0,0,0.0
2022-05-18,2022,5,Q2,Social Media,10379,187,408.14
2022-05-18,2022,5,Q2,Email Campaign,5260,237,141.1
2022-05-18,2022,5,Q2,Paid Ad,17908,215,726.8
2022-05-18,2022,5,Q2,Direct,0,0,0.0
2022-05-18,2022,5,Q2,Referral,0,0,0.0
2022-05-19,2022,5,Q2,Organic Search,0,0,0.0
2022-05-19,2022,5,Q2,Social Media,8981,162,353.82
2022-05-19,2022,5,Q2,Email Campaign,5722,257,153.46
2022-05-19,2022,5,Q2,Paid Ad,20731,249,841.65
2022-05-19,2022,5,Q2,Direct,0,0,0.0
2022-05-19,2022,5,Q2,Referral,0,0,0.0
2022-05-20,2022,5,Q2,Organic Search,0,0,0.0
2022-05-20,2022,5,Q2,Social Media,11481,207,452.0
2022-05-20,2022,5,Q2,Email Campaign,4851,218,130.16
2022-05-20,2022,5,Q2,Paid Ad,18513,222,751.41
2022-05-20,2022,5,Q2,Direct,0,0,0.0
2022-05-20,2022,5,Q2,Referral,0,0,0.0
2022-05-21,2022,5,Q2,Organic Search,0,0,0.0
2022-05-21,2022,5,Q2,Social Media,12530,226,493.8
2022-05-21,2022,5,Q2,Email Campaign,6432,289,172.59
2022-05-21,2022,5,Q2,Paid Ad,22829,274,925.28
2022-05-21,2022,5,Q2,Direct,0,0,0.0
2022-05-21,2022,5,Q2,Referral,0,0,0.0
2022-05-22,2022,5,Q2,Organic Search,0,0,0.0
2022-05-22,2022,5,Q2,Social Media,11804,212,465.01
2022-05-22,2022,5,Q2,Email Campaign,6174,278,165.75
2022-05-22,2022,5,Q2,Paid Ad,22425,269,910.45
2022-05-22,2022,5,Q2,Direct,0,0,0.0
2022-05-22,2022,5,Q2,Referral,0,0,0.0
2022-05-23,2022,5,Q2,Organic Search,0,0,0.0
2022-05-23,2022,5,Q2,Social Media,12181,219,479.64
2022-05-23,2022,5,Q2,Email Campaign,5636,254,151.28
2022-05-23,2022,5,Q2,Paid Ad,20005,240,811.98
2022-05-23,2022,5,Q2,Direct,0,0,0.0
2022-05-23,2022,5,Q2,Referral,0,0,0.0
2022-05-24,2022,5,Q2,Organic Search,0,0,0.0
2022-05-24,2022,5,Q2,Social Media,10997,198,432.48
2022-05-24,2022,5,Q2,Email Campaign,5937,267,159.39
2022-05-24,2022,5,Q2,Paid Ad,19441,233,788.8
2022-05-24,2022,5,Q2,Direct,0,0,0.0
2022-05-24,2022,5,Q2,Referral,0,0,0.0
2022-05-25,2022,5,Q2,Organic Search,0,0,0.0
2022-05-25,2022,5,Q2,Social Media,10164,183,399.99
2022-05-25,2022,5,Q2,Email Campaign,5937,267,159.27
2022-05-25,2022,5,Q2,Paid Ad,19884,239,806.37
2022-05-25,2022,5,Q2,Direct,0,0,0.0
2022-05-25,2022,5,Q2,Referral,0,0,0.0
2022-05-26,2022,5,Q2,Organic Search,0,0,0.0
2022-05-26,2022,5,Q2,Social Media,10513,189,414.38
2022-05-26,2022,5,Q2,Email Campaign,5130,231,137.72
2022-05-26,2022,5,Q2,Paid Ad,19279,231,781.88
2022-05-26,2022,5,Q2,Direct,0,0,0.0
2022-05-26,2022,5,Q2,Referral,0,0,0.0
2022-05-27,2022,5,Q2,Organic Search,0,0,0.0
2022-05-27,2022,5,Q2,Social Media,11320,204,445.52
2022-05-27,2022,5,Q2,Email Campaign,5421,244,145.47
2022-05-27,2022,5,Q2,Paid Ad,19279,231,782.75
2022-05-27,2022,5,Q2,Direct,0,0,0.0
2022-05-27,2022,5,Q2,Referral,0,0,0.0
2022-05-28,2022,5,Q2,Organic Search,0,0,0.0
2022-05-28,2022,5,Q2,Social Media,14251,257,561.24
2022-05-28,2022,5,Q2,Email Campaign,6658,300,178.8
2022-05-28,2022,5,Q2,Paid Ad,21982,264,891.72
2022-05-28,2022,5,Q2,Direct,0,0,0.0
2022-05-28,2022,5,Q2,Referral,0,0,0.0
2022-05-29,2022,5,Q2,Organic Search,0,0,0.0
2022-05-29,2022,5,Q2,Social Media,13498,243,531.26
2022-05-29,2022,5,Q2,Email Campaign,5625,253,151.08
2022-05-29,2022,5,Q2,Paid Ad,22345,268,906.27
2022-05-29,2022,5,Q2,Direct,0,0,0.0
2022-05-29,2022,5,Q2,Referral,0,0,0.0
2022-05-30,2022,5,Q2,Organic Search,0,0,0.0
2022-05-30,2022,5,Q2,Social Media,12503,225,491.81
2022-05-30,2022,5,Q2,Email Campaign,5238,236,140.7
2022-05-30,2022,5,Q2,Paid Ad,17545,211,711.96
2022-05-30,2022,5,Q2,Direct,0,0,0.0
2022-05-30,2022,5,Q2,Referral,0,0,0.0
2022-05-31,2022,5,Q2,Organic Search,0,0,0.0
2022-05-31,2022,5,Q2,Social Media,10352,186,407.22
2022-05-31,2022,5,Q2,Email Campaign,4872,219,130.72
2022-05-31,2022,5,Q2,Paid Ad,17666,212,715.78
2022-05-31,2022,5,Q2,Direct,0,0,0.0
2022-05-31,2022,5,Q2,Referral,0,0,0.0
2022-06-01,2022,6,Q2,Organic Search,0,0,0.0
2022-06-01,2022,6,Q2,Social Media,10594,191,416.85
2022-06-01,2022,6,Q2,Email Campaign,4733,213,127.1
2022-06-01,2022,6,Q2,Paid Ad,18836,226,764.7
2022-06-01,2022,6,Q2,Direct,0,0,0.0
2022-06-01,2022,6,Q2,Referral,0,0,0.0
2022-06-02,2022,6,Q2,Organic Search,0,0,0.0
2022-06-02,2022,6,Q2,Social Media,11697,211,460.63
2022-06-02,2022,6,Q2,Email Campaign,4947,223,132.82
2022-06-02,2022,6,Q2,Paid Ad,21135,254,856.56
2022-06-02,2022,6,Q2,Direct,0,0,0.0
2022-06-02,2022,6,Q2,Referral,0,0,0.0
2022-06-03,2022,6,Q2,Organic Search,0,0,0.0
2022-06-03,2022,6,Q2,Social Media,11347,204,447.15
2022-06-03,2022,6,Q2,Email Campaign,5776,260,155.02
2022-06-03,2022,6,Q2,Paid Ad,17827,214,723.58
2022-06-03,2022,6,Q2,Direct,0,0,0.0
2022-06-03,2022,6,Q2,Referral,0,0,0.0
2022-06-04,2022,6,Q2,Organic Search,0,0,0.0
2022-06-04,2022,6,Q2,Social Media,13417,242,527.84
2022-06-04,2022,6,Q2,Email Campaign,5604,252,150.32
2022-06-04,2022,6,Q2,Paid Ad,23192,278,940.87
2022-06-04,2022,6,Q2,Direct,0,0,0.0
2022-06-04,2022,6,Q2,Referral,0,0,0.0
2022-06-05,2022,6,Q2,Organic Search,0,0,0.0
2022-06-05,2022,6,Q2,Social Media,12719,229,500.84
2022-06-05,2022,6,Q2,Email Campaign,6410,288,172.0
2022-06-05,2022,6,Q2,Paid Ad,19602,235,795.72
2022-06-05,2022,6,Q2,Direct,0,0,0.0
2022-06-05,2022,6,Q2,Referral,0,0,0.0
2022-06-06,2022,6,Q2,Organic Search,0,0,0.0
2022-06-06,2022,6,Q2,Social Media,10137,182,398.83
2022-06-06,2022,6,Q2,Email Campaign,5593,252,150.04
2022-06-06,2022,6,Q2,Paid Ad,17384,209,705.8
2022-06-06,2022,6,Q2,Direct,0,0,0.0
2022-06-06,2022,6,Q2,Referral,0,0,0.0
2022-06-07,2022,6,Q2,Organic Search,0,0,0.0
2022-06-07,2022,6,Q2,Social Media,11320,204,445.52
2022-06-07,2022,6,Q2,Email Campaign,4754,214,127.54
2022-06-07,2022,6,Q2,Paid Ad,20086,241,815.56
2022-06-07,2022,6,Q2,Direct,0,0,0.0
2022-06-07,2022,6,Q2,Referral,0,0,0.0
2022-06-08,2022,6,Q2,Organic Search,0,0,0.0
2022-06-08,2022,6,Q2,Social Media,9841,177,387.26
2022-06-08,2022,6,Q2,Email Campaign,5571,251,149.53
2022-06-08,2022,6,Q2,Paid Ad,19763,237,801.96
2022-06-08,2022,6,Q2,Direct,0,0,0.0
2022-06-08,2022,6,Q2,Referral,0,0,0.0
2022-06-09,2022,6,Q2,Organic Search,0,0,0.0
2022-06-09,2022,6,Q2,Social Media,10299,185,405.67
2022-06-09,2022,6,Q2,Email Campaign,5582,251,149.85
2022-06-09,2022,6,Q2,Paid Ad,19239,231,779.65
2022-06-09,2022,6,Q2,Direct,0,0,0.0
2022-06-09,2022,6,Q2,Referral,0,0,0.0
2022-06-10,2022,6,Q2,Organic Search,0,0,0.0
2022-06-10,2022,6,Q2,Social Media,10433,188,411.08
2022-06-10,2022,6,Q2,Email Campaign,4904,221,131.67
2022-06-10,2022,6,Q2,Paid Ad,15891,191,643.84
2022-06-10,2022,6,Q2,Direct,0,0,0.0
2022-06-10,2022,6,Q2,Referral,0,0,0.0
2022-06-11,2022,6,Q2,Organic Search,0,0,0.0
2022-06-11,2022,6,Q2,Social Media,12907,232,507.88
2022-06-11,2022,6,Q2,Email Campaign,5367,242,144.08
2022-06-11,2022,6,Q2,Paid Ad,21820,262,885.0
2022-06-11,2022,6,Q2,Direct,0,0,0.0
2022-06-11,2022,6,Q2,Referral,0,0,0.0
2022-06-12,2022,6,Q2,Organic Search,0,0,0.0
2022-06-12,2022,6,Q2,Social Media,12288,221,483.62
2022-06-12,2022,6,Q2,Email Campaign,6464,291,173.63
2022-06-12,2022,6,Q2,Paid Ad,21135,254,857.08
2022-06-12,2022,6,Q2,Direct,0,0,0.0
2022-06-12,2022,6,Q2,Referral,0,0,0.0
2022-06-13,2022,6,Q2,Organic Search,0,0,0.0
2022-06-13,2022,6,Q2,Social Media,10621,191,418.28
2022-06-13,2022,6,Q2,Email Campaign,5647,254,151.6
2022-06-13,2022,6,Q2,Paid Ad,19320,232,784.22
2022-06-13,2022,6,Q2,Direct,0,0,0.0
2022-06-13,2022,6,Q2,Referral,0,0,0.0
2022-06-14,2022,6,Q2,Organic Search,0,0,0.0
2022-06-14,2022,6,Q2,Social Media,11186,201,440.47
2022-06-14,2022,6,Q2,Email Campaign,5539,249,148.57
2022-06-14,2022,6,Q2,Paid Ad,16496,198,669.93
2022-06-14,2022,6,Q2,Direct,0,0,0.0
2022-06-14,2022,6,Q2,Referral,0,0,0.0
2022-06-15,2022,6,Q2,Organic Search,0,0,0.0
2022-06-15,2022,6,Q2,Social Media,11562,208,455.62
2022-06-15,2022,6,Q2,Email Campaign,5593,252,150.24
2022-06-15,2022,6,Q2,Paid Ad,17303,208,701.63
2022-06-15,2022,6,Q2,Direct,0,0,0.0
2022-06-15,2022,6,Q2,Referral,0,0,0.0
2022-06-16,2022,6,Q2,Organic Search,0,0,0.0
2022-06-16,2022,6,Q2,Social Media,10702,193,421.22
2022-06-16,2022,6,Q2,Email Campaign,5313,239,142.77
2022-06-16,2022,6,Q2,Paid Ad,18634,224,755.51
2022-06-16,2022,6,Q2,Direct,0,0,0.0
2022-06-16,2022,6,Q2,Referral,0,0,0.0
2022-06-17,2022,6,Q2,Organic Search,0,0,0.0
2022-06-17,2022,6,Q2,Social Media,11213,202,441.07
2022-06-17,2022,6,Q2,Email Campaign,5948,268,159.59
2022-06-17,2022,6,Q2,Paid Ad,20449,245,829.84
2022-06-17,2022,6,Q2,Direct,0,0,0.0
2022-06-17,2022,6,Q2,Referral,0,0,0.0
2022-06-18,2022,6,Q2,Organic Search,0,0,0.0
2022-06-18,2022,6,Q2,Social Media,11239,202,442.18
2022-06-18,2022,6,Q2,Email Campaign,6443,290,172.87
2022-06-18,2022,6,Q2,Paid Ad,23958,287,971.69
2022-06-18,2022,6,Q2,Direct,0,0,0.0
2022-06-18,2022,6,Q2,Referral,0,0,0.0
2022-06-19,2022,6,Q2,Organic Search,0,0,0.0
2022-06-19,2022,6,Q2,Social Media,12933,233,509.35
2022-06-19,2022,6,Q2,Email Campaign,6669,300,179.07
2022-06-19,2022,6,Q2,Paid Ad,25128,302,1019.69
2022-06-19,2022,6,Q2,Direct,0,0,0.0
2022-06-19,2022,6,Q2,Referral,0,0,0.0
2022-06-20,2022,6,Q2,Organic Search,0,0,0.0
2022-06-20,2022,6,Q2,Social Media,11804,212,464.81
2022-06-20,2022,6,Q2,Email Campaign,5442,245,146.07
2022-06-20,2022,6,Q2,Paid Ad,20409,245,827.61
2022-06-20,2022,6,Q2,Direct,0,0,0.0
2022-06-20,2022,6,Q2,Referral,0,0,0.0
2022-06-21,2022,6,Q2,Organic Search,0,0,0.0
2022-06-21,2022,6,Q2,Social Media,11051,199,434.58
2022-06-21,2022,6,Q2,Email Campaign,5345,241,143.48
2022-06-21,2022,6,Q2,Paid Ad,18311,220,742.27
2022-06-21,2022,6,Q2,Direct,0,0,0.0
2022-06-21,2022,6,Q2,Referral,0,0,0.0
2022-06-22,2022,6,Q2,Organic Search,0,0,0.0
2022-06-22,2022,6,Q2,Social Media,12288,221,483.34
2022-06-22,2022,6,Q2,Email Campaign,4991,225,133.82
2022-06-22,2022,6,Q2,Paid Ad,21135,254,857.36
2022-06-22,2022,6,Q2,Direct,0,0,0.0
2022-06-22,2022,6,Q2,Referral,0,0,0.0
2022-06-23,2022,6,Q2,Organic Search,0,0,0.0
2022-06-23,2022,6,Q2,Social Media,11347,204,446.79
2022-06-23,2022,6,Q2,Email Campaign,4733,213,127.18
2022-06-23,2022,6,Q2,Paid Ad,19400,233,786.21
2022-06-23,2022,6,Q2,Direct,0,0,0.0
2022-06-23,2022,6,Q2,Referral,0,0,0.0
2022-06-24,2022,6,Q2,Organic Search,0,0,0.0
2022-06-24,2022,6,Q2,Social Media,9089,164,357.43
2022-06-24,2022,6,Q2,Email Campaign,5604,252,150.36
2022-06-24,2022,6,Q2,Paid Ad,20167,242,817.83
2022-06-24,2022,6,Q2,Direct,0,0,0.0
2022-06-24,2022,6,Q2,Referral,0,0,0.0
2022-06-25,2022,6,Q2,Organic Search,0,0,0.0
2022-06-25,2022,6,Q2,Social Media,11965,215,470.65
2022-06-25,2022,6,Q2,Email Campaign,6195,279,166.31
2022-06-25,2022,6,Q2,Paid Ad,25047,301,1015.63
2022-06-25,2022,6,Q2,Direct,0,0,0.0
2022-06-25,2022,6,Q2,Referral,0,0,0.0
2022-06-26,2022,6,Q2,Organic Search,0,0,0.0
2022-06-26,2022,6,Q2,Social Media,12046,217,474.03
2022-06-26,2022,6,Q2,Email Campaign,5614,253,150.72
2022-06-26,2022,6,Q2,Paid Ad,24200,290,982.43
2022-06-26,2022,6,Q2,Direct,0,0,0.0
2022-06-26,2022,6,Q2,Referral,0,0,0.0
2022-06-27,2022,6,Q2,Organic Search,0,0,0.0
2022-06-27,2022,6,Q2,Social Media,12638,227,497.06
2022-06-27,2022,6,Q2,Email Campaign,5335,240,143.24
2022-06-27,2022,6,Q2,Paid Ad,20368,244,825.54
2022-06-27,2022,6,Q2,Direct,0,0,0.0
2022-06-27,2022,6,Q2,Referral,0,0,0.0
2022-06-28,2022,6,Q2,Organic Search,0,0,0.0
2022-06-28,2022,6,Q2,Social Media,12073,217,475.7
2022-06-28,2022,6,Q2,Email Campaign,5023,226,134.69
2022-06-28,2022,6,Q2,Paid Ad,18110,217,734.08
2022-06-28,2022,6,Q2,Direct,0,0,0.0
2022-06-28,2022,6,Q2,Referral,0,0,0.0
2022-06-29,2022,6,Q2,Organic Search,0,0,0.0
2022-06-29,2022,6,Q2,Social Media,11993,216,471.93
2022-06-29,2022,6,Q2,Email Campaign,6055,272,162.49
2022-06-29,2022,6,Q2,Paid Ad,19683,236,798.14
2022-06-29,2022,6,Q2,Direct,0,0,0.0
2022-06-29,2022,6,Q2,Referral,0,0,0.0
2022-06-30,2022,6,Q2,Organic Search,0,0,0.0
2022-06-30,2022,6,Q2,Social Media,10137,182,399.39
2022-06-30,2022,6,Q2,Email Campaign,6185,278,165.99
2022-06-30,2022,6,Q2,Paid Ad,18029,216,731.29
2022-06-30,2022,6,Q2,Direct,0,0,0.0
2022-06-30,2022,6,Q2,Referral,0,0,0.0
2022-07-01,2022,7,Q3,Organic Search,0,0,0.0
2022-07-01,2022,7,Q3,Social Media,12207,220,480.79
2022-07-01,2022,7,Q3,Email Campaign,6303,284,169.17
2022-07-01,2022,7,Q3,Paid Ad,24361,292,987.52
2022-07-01,2022,7,Q3,Direct,0,0,0.0
2022-07-01,2022,7,Q3,Referral,0,0,0.0
2022-07-02,2022,7,Q3,Organic Search,0,0,0.0
2022-07-02,2022,7,Q3,Social Media,15407,277,606.98
2022-07-02,2022,7,Q3,Email Campaign,7292,328,195.66
2022-07-02,2022,7,Q3,Paid Ad,25813,310,1047.49
2022-07-02,2022,7,Q3,Direct,0,0,0.0
2022-07-02,2022,7,Q3,Referral,0,0,0.0
2022-07-03,2022,7,Q3,Organic Search,0,0,0.0
2022-07-03,2022,7,Q3,Social Media,14493,261,570.15
2022-07-03,2022,7,Q3,Email Campaign,7367,332,197.85
2022-07-03,2022,7,Q3,Paid Ad,19844,238,805.66
2022-07-03,2022,7,Q3,Direct,0,0,0.0
2022-07-03,2022,7,Q3,Referral,0,0,0.0
2022-07-04,2022,7,Q3,Organic Search,0,0,0.0
2022-07-04,2022,7,Q3,Social Media,12261,221,482.34
2022-07-04,2022,7,Q3,Email Campaign,6249,281,167.86
2022-07-04,2022,7,Q3,Paid Ad,19642,236,797.43
2022-07-04,2022,7,Q3,Direct,0,0,0.0
2022-07-04,2022,7,Q3,Referral,0,0,0.0
2022-07-05,2022,7,Q3,Organic Search,0,0,0.0
2022-07-05,2022,7,Q3,Social Media,12933,233,509.31
2022-07-05,2022,7,Q3,Email Campaign,6034,272,161.97
2022-07-05,2022,7,Q3,Paid Ad,24684,296,1001.63
2022-07-05,2022,7,Q3,Direct,0,0,0.0
2022-07-05,2022,7,Q3,Referral,0,0,0.0
2022-07-06,2022,7,Q3,Organic Search,0,0,0.0
2022-07-06,2022,7,Q3,Social Media,14117,254,556.23
2022-07-06,2022,7,Q3,Email Campaign,5905,266,158.55
2022-07-06,2022,7,Q3,Paid Ad,21377,257,867.7
2022-07-06,2022,7,Q3,Direct,0,0,0.0
2022-07-06,2022,7,Q3,Referral,0,0,0.0
2022-07-07,2022,7,Q3,Organic Search,0,0,0.0
2022-07-07,2022,7,Q3,Social Media,12477,225,491.13
2022-07-07,2022,7,Q3,Email Campaign,5915,266,158.75
2022-07-07,2022,7,Q3,Paid Ad,21982,264,891.99
2022-07-07,2022,7,Q3,Direct,0,0,0.0
2022-07-07,2022,7,Q3,Referral,0,0,0.0
2022-07-08,2022,7,Q3,Organic Search,0,0,0.0
2022-07-08,2022,7,Q3,Social Media,11777,212,464.09
2022-07-08,2022,7,Q3,Email Campaign,5582,251,149.77
2022-07-08,2022,7,Q3,Paid Ad,22748,273,922.06
2022-07-08,2022,7,Q3,Direct,0,0,0.0
2022-07-08,2022,7,Q3,Referral,0,0,0.0
2022-07-09,2022,7,Q3,Organic Search,0,0,0.0
2022-07-09,2022,7,Q3,Social Media,15165,273,596.76
2022-07-09,2022,7,Q3,Email Campaign,6604,297,177.21
2022-07-09,2022,7,Q3,Paid Ad,26701,320,1082.4
2022-07-09,2022,7,Q3,Direct,0,0,0.0
2022-07-09,2022,7,Q3,Referral,0,0,0.0
2022-07-10,2022,7,Q3,Organic Search,0,0,0.0
2022-07-10,2022,7,Q3,Social Media,13713,247,539.45
2022-07-10,2022,7,Q3,Email Campaign,7196,324,193.23
2022-07-10,2022,7,Q3,Paid Ad,26539,318,1076.36
2022-07-10,2022,7,Q3,Direct,0,0,0.0
2022-07-10,2022,7,Q3,Referral,0,0,0.0
2022-07-11,2022,7,Q3,Organic Search,0,0,0.0
2022-07-11,2022,7,Q3,Social Media,12503,225,492.72
2022-07-11,2022,7,Q3,Email Campaign,6356,286,170.68
2022-07-11,2022,7,Q3,Paid Ad,20772,249,842.05
2022-07-11,2022,7,Q3,Direct,0,0,0.0
2022-07-11,2022,7,Q3,Referral,0,0,0.0
2022-07-12,2022,7,Q3,Organic Search,0,0,0.0
2022-07-12,2022,7,Q3,Social Media,12342,222,486.28
2022-07-12,2022,7,Q3,Email Campaign,6034,272,161.97
2022-07-12,2022,7,Q3,Paid Ad,20368,244,825.86
2022-07-12,2022,7,Q3,Direct,0,0,0.0
2022-07-12,2022,7,Q3,Referral,0,0,0.0
2022-07-13,2022,7,Q3,Organic Search,0,0,0.0
2022-07-13,2022,7,Q3,Social Media,12369,223,487.08
2022-07-13,2022,7,Q3,Email Campaign,5378,242,144.28
2022-07-13,2022,7,Q3,Paid Ad,20812,250,843.8
2022-07-13,2022,7,Q3,Direct,0,0,0.0
2022-07-13,2022,7,Q3,Referral,0,0,0.0
2022-07-14,2022,7,Q3,Organic Search,0,0,0.0
2022-07-14,2022,7,Q3,Social Media,12261,221,482.78
2022-07-14,2022,7,Q3,Email Campaign,6012,271,161.3
2022-07-14,2022,7,Q3,Paid Ad,21215,255,861.33
2022-07-14,2022,7,Q3,Direct,0,0,0.0
2022-07-14,2022,7,Q3,Referral,0,0,0.0
2022-07-15,2022,7,Q3,Organic Search,0,0,0.0
2022-07-15,2022,7,Q3,Social Media,12477,225,491.61
2022-07-15,2022,7,Q3,Email Campaign,6368,287,171.0
2022-07-15,2022,7,Q3,Paid Ad,23151,278,939.76
2022-07-15,2022,7,Q3,Direct,0,0,0.0
2022-07-15,2022,7,Q3,Referral,0,0,0.0
2022-07-16,2022,7,Q3,Organic Search,0,0,0.0
2022-07-16,2022,7,Q3,Social Media,13687,246,538.62
2022-07-16,2022,7,Q3,Email Campaign,6378,287,171.16
2022-07-16,2022,7,Q3,Paid Ad,22829,274,925.84
2022-07-16,2022,7,Q3,Direct,0,0,0.0
2022-07-16,2022,7,Q3,Referral,0,0,0.0
2022-07-17,2022,7,Q3,Organic Search,0,0,0.0
2022-07-17,2022,7,Q3,Social Media,13875,250,546.01
2022-07-17,2022,7,Q3,Email Campaign,6852,308,184.05
2022-07-17,2022,7,Q3,Paid Ad,23353,280,947.83
2022-07-17,2022,7,Q3,Direct,0,0,0.0
2022-07-17,2022,7,Q3,Referral,0,0,0.0
2022-07-18,2022,7,Q3,Organic Search,0,0,0.0
2022-07-18,2022,7,Q3,Social Media,11239,202,442.82
2022-07-18,2022,7,Q3,Email Campaign,5915,266,158.67
2022-07-18,2022,7,Q3,Paid Ad,21982,264,891.04
2022-07-18,2022,7,Q3,Direct,0,0,0.0
2022-07-18,2022,7,Q3,Referral,0,0,0.0
2022-07-19,2022,7,Q3,Organic Search,0,0,0.0
2022-07-19,2022,7,Q3,Social Media,13149,237,517.58
2022-07-19,2022,7,Q3,Email Campaign,5862,264,157.32
2022-07-19,2022,7,Q3,Paid Ad,20933,251,849.28
2022-07-19,2022,7,Q3,Direct,0,0,0.0
2022-07-19,2022,7,Q3,Referral,0,0,0.0
2022-07-20,2022,7,Q3,Organic Search,0,0,0.0
2022-07-20,2022,7,Q3,Social Media,11616,209,457.41
2022-07-20,2022,7,Q3,Email Campaign,6120,275,164.24
2022-07-20,2022,7,Q3,Paid Ad,20167,242,818.7
2022-07-20,2022,7,Q3,Direct,0,0,0.0
2022-07-20,2022,7,Q3,Referral,0,0,0.0
2022-07-21,2022,7,Q3,Organic Search,0,0,0.0
2022-07-21,2022,7,Q3,Social Media,13122,236,516.7
2022-07-21,2022,7,Q3,Email Campaign,5260,237,141.18
2022-07-21,2022,7,Q3,Paid Ad,21014,252,853.02
2022-07-21,2022,7,Q3,Direct,0,0,0.0
2022-07-21,2022,7,Q3,Referral,0,0,0.0
2022-07-22,2022,7,Q3,Organic Search,0,0,0.0
2022-07-22,2022,7,Q3,Social Media,12853,231,505.93
2022-07-22,2022,7,Q3,Email Campaign,6228,280,167.1
2022-07-22,2022,7,Q3,Paid Ad,26338,316,1067.53
2022-07-22,2022,7,Q3,Direct,0,0,0.0
2022-07-22,2022,7,Q3,Referral,0,0,0.0
2022-07-23,2022,7,Q3,Organic Search,0,0,0.0
2022-07-23,2022,7,Q3,Social Media,14843,267,584.03
2022-07-23,2022,7,Q3,Email Campaign,6486,292,174.18
2022-07-23,2022,7,Q3,Paid Ad,24724,297,1002.35
2022-07-23,2022,7,Q3,Direct,0,0,0.0
2022-07-23,2022,7,Q3,Referral,0,0,0.0
2022-07-24,2022,7,Q3,Organic Search,0,0,0.0
2022-07-24,2022,7,Q3,Social Media,12369,223,487.44
2022-07-24,2022,7,Q3,Email Campaign,7013,316,188.18
2022-07-24,2022,7,Q3,Paid Ad,23232,279,942.74
2022-07-24,2022,7,Q3,Direct,0,0,0.0
2022-07-24,2022,7,Q3,Referral,0,0,0.0
2022-07-25,2022,7,Q3,Organic Search,0,0,0.0
2022-07-25,2022,7,Q3,Social Media,13471,242,530.23
2022-07-25,2022,7,Q3,Email Campaign,5862,264,157.44
2022-07-25,2022,7,Q3,Paid Ad,21457,257,870.12
2022-07-25,2022,7,Q3,Direct,0,0,0.0
2022-07-25,2022,7,Q3,Referral,0,0,0.0
2022-07-26,2022,7,Q3,Organic Search,0,0,0.0
2022-07-26,2022,7,Q3,Social Media,11912,214,468.94
2022-07-26,2022,7,Q3,Email Campaign,6991,315,187.59
2022-07-26,2022,7,Q3,Paid Ad,21094,253,855.73
2022-07-26,2022,7,Q3,Direct,0,0,0.0
2022-07-26,2022,7,Q3,Referral,0,0,0.0
2022-07-27,2022,7,Q3,Organic Search,0,0,0.0
2022-07-27,2022,7,Q3,Social Media,14385,259,566.49
2022-07-27,2022,7,Q3,Email Campaign,6539,294,175.42
2022-07-27,2022,7,Q3,Paid Ad,22506,270,912.2
2022-07-27,2022,7,Q3,Direct,0,0,0.0
2022-07-27,2022,7,Q3,Referral,0,0,0.0
2022-07-28,2022,7,Q3,Organic Search,0,0,0.0
2022-07-28,2022,7,Q3,Social Media,12907,232,508.63
2022-07-28,2022,7,Q3,Email Campaign,6324,285,169.89
2022-07-28,2022,7,Q3,Paid Ad,18311,220,742.86
2022-07-28,2022,7,Q3,Direct,0,0,0.0
2022-07-28,2022,7,Q3,Referral,0,0,0.0
2022-07-29,2022,7,Q3,Organic Search,0,0,0.0
2022-07-29,2022,7,Q3,Social Media,12261,221,483.02
2022-07-29,2022,7,Q3,Email Campaign,6550,295,175.81
2022-07-29,2022,7,Q3,Paid Ad,21578,259,874.85
2022-07-29,2022,7,Q3,Direct,0,0,0.0
2022-07-29,2022,7,Q3,Referral,0,0,0.0
2022-07-30,2022,7,Q3,Organic Search,0,0,0.0
2022-07-30,2022,7,Q3,Social Media,12799,230,504.3
2022-07-30,2022,7,Q3,Email Campaign,7023,316,188.58
2022-07-30,2022,7,Q3,Paid Ad,28314,340,1147.74
2022-07-30,2022,7,Q3,Direct,0,0,0.0
2022-07-30,2022,7,Q3,Referral,0,0,0.0
2022-07-31,2022,7,Q3,Organic Search,0,0,0.0
2022-07-31,2022,7,Q3,Social Media,15865,286,624.83
2022-07-31,2022,7,Q3,Email Campaign,7023,316,188.46
2022-07-31,2022,7,Q3,Paid Ad,26781,321,1086.94
2022-07-31,2022,7,Q3,Direct,0,0,0.0
2022-07-31,2022,7,Q3,Referral,0,0,0.0
2022-08-01,2022,8,Q3,Organic Search,0,0,0.0
2022-08-01,2022,8,Q3,Social Media,10594,191,417.01
2022-08-01,2022,8,Q3,Email Campaign,4603,207,123.68
2022-08-01,2022,8,Q3,Paid Ad,17424,209,707.27
2022-08-01,2022,8,Q3,Direct,0,0,0.0
2022-08-01,2022,8,Q3,Referral,0,0,0.0
2022-08-02,2022,8,Q3,Organic Search,0,0,0.0
2022-08-02,2022,8,Q3,Social Media,12288,221,483.34
2022-08-02,2022,8,Q3,Email Campaign,5217,235,140.06
2022-08-02,2022,8,Q3,Paid Ad,18473,222,748.87
2022-08-02,2022,8,Q3,Direct,0,0,0.0
2022-08-02,2022,8,Q3,Referral,0,0,0.0
2022-08-03,2022,8,Q3,Organic Search,0,0,0.0
2022-08-03,2022,8,Q3,Social Media,10648,192,419.31
2022-08-03,2022,8,Q3,Email Campaign,6152,277,165.0
2022-08-03,2022,8,Q3,Paid Ad,21296,256,863.08
2022-08-03,2022,8,Q3,Direct,0,0,0.0
2022-08-03,2022,8,Q3,Referral,0,0,0.0
2022-08-04,2022,8,Q3,Organic Search,0,0,0.0
2022-08-04,2022,8,Q3,Social Media,12853,231,505.85
2022-08-04,2022,8,Q3,Email Campaign,5270,237,141.37
2022-08-04,2022,8,Q3,Paid Ad,19279,231,781.8
2022-08-04,2022,8,Q3,Direct,0,0,0.0
2022-08-04,2022,8,Q3,Referral,0,0,0.0
2022-08-05,2022,8,Q3,Organic Search,0,0,0.0
2022-08-05,2022,8,Q3,Social Media,9599,173,377.48
2022-08-05,2022,8,Q3,Email Campaign,5969,269,160.11
2022-08-05,2022,8,Q3,Paid Ad,17061,205,692.4
2022-08-05,2022,8,Q3,Direct,0,0,0.0
2022-08-05,2022,8,Q3,Referral,0,0,0.0
2022-08-06,2022,8,Q3,Organic Search,0,0,0.0
2022-08-06,2022,8,Q3,Social Media,12772,230,502.63
2022-08-06,2022,8,Q3,Email Campaign,5593,252,150.24
2022-08-06,2022,8,Q3,Paid Ad,20651,248,836.92
2022-08-06,2022,8,Q3,Direct,0,0,0.0
2022-08-06,2022,8,Q3,Referral,0,0,0.0
2022-08-07,2022,8,Q3,Organic Search,0,0,0.0
2022-08-07,2022,8,Q3,Social Media,11697,211,460.95
2022-08-07,2022,8,Q3,Email Campaign,5840,263,156.69
2022-08-07,2022,8,Q3,Paid Ad,20731,249,840.42
2022-08-07,2022,8,Q3,Direct,0,0,0.0
2022-08-07,2022,8,Q3,Referral,0,0,0.0
2022-08-08,2022,8,Q3,Organic Search,0,0,0.0
2022-08-08,2022,8,Q3,Social Media,10433,188,410.76
2022-08-08,2022,8,Q3,Email Campaign,5690,256,152.75
2022-08-08,2022,8,Q3,Paid Ad,17182,206,696.26
2022-08-08,2022,8,Q3,Direct,0,0,0.0
2022-08-08,2022,8,Q3,Referral,0,0,0.0
2022-08-09,2022,8,Q3,Organic Search,0,0,0.0
2022-08-09,2022,8,Q3,Social Media,11105,200,437.21
2022-08-09,2022,8,Q3,Email Campaign,5851,263,157.16
2022-08-09,2022,8,Q3,Paid Ad,18069,217,732.41
2022-08-09,2022,8,Q3,Direct,0,0,0.0
2022-08-09,2022,8,Q3,Referral,0,0,0.0
2022-08-10,2022,8,Q3,Organic Search,0,0,0.0
2022-08-10,2022,8,Q3,Social Media,10299,185,404.92
2022-08-10,2022,8,Q3,Email Campaign,5238,236,140.58
2022-08-10,2022,8,Q3,Paid Ad,20610,247,835.84
2022-08-10,2022,8,Q3,Direct,0,0,0.0
2022-08-10,2022,8,Q3,Referral,0,0,0.0
2022-08-11,2022,8,Q3,Organic Search,0,0,0.0
2022-08-11,2022,8,Q3,Social Media,11078,199,436.29
2022-08-11,2022,8,Q3,Email Campaign,5109,230,137.12
2022-08-11,2022,8,Q3,Paid Ad,19562,235,793.33
2022-08-11,2022,8,Q3,Direct,0,0,0.0
2022-08-11,2022,8,Q3,Referral,0,0,0.0
2022-08-12,2022,8,Q3,Organic Search,0,0,0.0
2022-08-12,2022,8,Q3,Social Media,9949,179,391.71
2022-08-12,2022,8,Q3,Email Campaign,5625,253,151.0
2022-08-12,2022,8,Q3,Paid Ad,19441,233,788.72
2022-08-12,2022,8,Q3,Direct,0,0,0.0
2022-08-12,2022,8,Q3,Referral,0,0,0.0
2022-08-13,2022,8,Q3,Organic Search,0,0,0.0
2022-08-13,2022,8,Q3,Social Media,12235,220,481.87
2022-08-13,2022,8,Q3,Email Campaign,5722,257,153.62
2022-08-13,2022,8,Q3,Paid Ad,20126,242,816.0
2022-08-13,2022,8,Q3,Direct,0,0,0.0
2022-08-13,2022,8,Q3,Referral,0,0,0.0
2022-08-14,2022,8,Q3,Organic Search,0,0,0.0
2022-08-14,2022,8,Q3,Social Media,13095,236,515.19
2022-08-14,2022,8,Q3,Email Campaign,6733,303,180.86
2022-08-14,2022,8,Q3,Paid Ad,20530,246,833.54
2022-08-14,2022,8,Q3,Direct,0,0,0.0
2022-08-14,2022,8,Q3,Referral,0,0,0.0
2022-08-15,2022,8,Q3,Organic Search,0,0,0.0
2022-08-15,2022,8,Q3,Social Media,11320,204,445.36
2022-08-15,2022,8,Q3,Email Campaign,4442,200,119.3
2022-08-15,2022,8,Q3,Paid Ad,17948,215,728.03
2022-08-15,2022,8,Q3,Direct,0,0,0.0
2022-08-15,2022,8,Q3,Referral,0,0,0.0
2022-08-16,2022,8,Q3,Organic Search,0,0,0.0
2022-08-16,2022,8,Q3,Social Media,10890,196,428.54
2022-08-16,2022,8,Q3,Email Campaign,4947,223,132.79
2022-08-16,2022,8,Q3,Paid Ad,17424,209,706.52
2022-08-16,2022,8,Q3,Direct,0,0,0.0
2022-08-16,2022,8,Q3,Referral,0,0,0.0
2022-08-17,2022,8,Q3,Organic Search,0,0,0.0
2022-08-17,2022,8,Q3,Social Media,10325,186,406.67
2022-08-17,2022,8,Q3,Email Campaign,5464,246,146.54
2022-08-17,2022,8,Q3,Paid Ad,18553,223,752.29
2022-08-17,2022,8,Q3,Direct,0,0,0.0
2022-08-17,2022,8,Q3,Referral,0,0,0.0
2022-08-18,2022,8,Q3,Organic Search,0,0,0.0
2022-08-18,2022,8,Q3,Social Media,8954,161,352.66
2022-08-18,2022,8,Q3,Email Campaign,4432,199,118.91
2022-08-18,2022,8,Q3,Paid Ad,17908,215,726.68
2022-08-18,2022,8,Q3,Direct,0,0,0.0
2022-08-18,2022,8,Q3,Referral,0,0,0.0
2022-08-19,2022,8,Q3,Organic Search,0,0,0.0
2022-08-19,2022,8,Q3,Social Media,11320,204,445.32
2022-08-19,2022,8,Q3,Email Campaign,4162,187,111.75
2022-08-19,2022,8,Q3,Paid Ad,18069,217,733.2
2022-08-19,2022,8,Q3,Direct,0,0,0.0
2022-08-19,2022,8,Q3,Referral,0,0,0.0
2022-08-20,2022,8,Q3,Organic Search,0,0,0.0
2022-08-20,2022,8,Q3,Social Media,12019,216,473.24
2022-08-20,2022,8,Q3,Email Campaign,6819,307,182.97
2022-08-20,2022,8,Q3,Paid Ad,20973,252,851.23
2022-08-20,2022,8,Q3,Direct,0,0,0.0
2022-08-20,2022,8,Q3,Referral,0,0,0.0
2022-08-21,2022,8,Q3,Organic Search,0,0,0.0
2022-08-21,2022,8,Q3,Social Media,12933,233,509.19
2022-08-21,2022,8,Q3,Email Campaign,6206,279,166.55
2022-08-21,2022,8,Q3,Paid Ad,17948,215,728.59
2022-08-21,2022,8,Q3,Direct,0,0,0.0
2022-08-21,2022,8,Q3,Referral,0,0,0.0
2022-08-22,2022,8,Q3,Organic Search,0,0,0.0
2022-08-22,2022,8,Q3,Social Media,11589,209,456.02
2022-08-22,2022,8,Q3,Email Campaign,5431,244,145.67
2022-08-22,2022,8,Q3,Paid Ad,19602,235,794.8
2022-08-22,2022,8,Q3,Direct,0,0,0.0
2022-08-22,2022,8,Q3,Referral,0,0,0.0
2022-08-23,2022,8,Q3,Organic Search,0,0,0.0
2022-08-23,2022,8,Q3,Social Media,14332,258,564.55
2022-08-23,2022,8,Q3,Email Campaign,4442,200,119.34
2022-08-23,2022,8,Q3,Paid Ad,21417,257,869.13
2022-08-23,2022,8,Q3,Direct,0,0,0.0
2022-08-23,2022,8,Q3,Referral,0,0,0.0
2022-08-24,2022,8,Q3,Organic Search,0,0,0.0
2022-08-24,2022,8,Q3,Social Media,10648,192,419.75
2022-08-24,2022,8,Q3,Email Campaign,5453,245,146.5
2022-08-24,2022,8,Q3,Paid Ad,18755,225,760.96
2022-08-24,2022,8,Q3,Direct,0,0,0.0
2022-08-24,2022,8,Q3,Referral,0,0,0.0
2022-08-25,2022,8,Q3,Organic Search,0,0,0.0
2022-08-25,2022,8,Q3,Social Media,10541,190,415.02
2022-08-25,2022,8,Q3,Email Campaign,5087,229,136.68
2022-08-25,2022,8,Q3,Paid Ad,19320,232,783.87
2022-08-25,2022,8,Q3,Direct,0,0,0.0
2022-08-25,2022,8,Q3,Referral,0,0,0.0
2022-08-26,2022,8,Q3,Organic Search,0,0,0.0
2022-08-26,2022,8,Q3,Social Media,9599,173,377.48
2022-08-26,2022,8,Q3,Email Campaign,5657,255,151.79
2022-08-26,2022,8,Q3,Paid Ad,18190,218,738.33
2022-08-26,2022,8,Q3,Direct,0,0,0.0
2022-08-26,2022,8,Q3,Referral,0,0,0.0
2022-08-27,2022,8,Q3,Organic Search,0,0,0.0
2022-08-27,2022,8,Q3,Social Media,11401,205,449.38
2022-08-27,2022,8,Q3,Email Campaign,5915,266,158.75
2022-08-27,2022,8,Q3,Paid Ad,23837,286,966.64
2022-08-27,2022,8,Q3,Direct,0,0,0.0
2022-08-27,2022,8,Q3,Referral,0,0,0.0
2022-08-28,2022,8,Q3,Organic Search,0,0,0.0
2022-08-28,2022,8,Q3,Social Media,12019,216,472.88
2022-08-28,2022,8,Q3,Email Campaign,6313,284,169.41
2022-08-28,2022,8,Q3,Paid Ad,20368,244,826.97
2022-08-28,2022,8,Q3,Direct,0,0,0.0
2022-08-28,2022,8,Q3,Referral,0,0,0.0
2022-08-29,2022,8,Q3,Organic Search,0,0,0.0
2022-08-29,2022,8,Q3,Social Media,11562,208,455.66
2022-08-29,2022,8,Q3,Email Campaign,5625,253,151.04
2022-08-29,2022,8,Q3,Paid Ad,21619,259,876.68
2022-08-29,2022,8,Q3,Direct,0,0,0.0
2022-08-29,2022,8,Q3,Referral,0,0,0.0
2022-08-30,2022,8,Q3,Organic Search,0,0,0.0
2022-08-30,2022,8,Q3,Social Media,10755,194,423.57
2022-08-30,2022,8,Q3,Email Campaign,5625,253,150.88
2022-08-30,2022,8,Q3,Paid Ad,18957,227,769.75
2022-08-30,2022,8,Q3,Direct,0,0,0.0
2022-08-30,2022,8,Q3,Referral,0,0,0.0
2022-08-31,2022,8,Q3,Organic Search,0,0,0.0
2022-08-31,2022,8,Q3,Social Media,12046,217,474.15
2022-08-31,2022,8,Q3,Email Campaign,5023,226,134.97
2022-08-31,2022,8,Q3,Paid Ad,19965,240,809.28
2022-08-31,2022,8,Q3,Direct,0,0,0.0
2022-08-31,2022,8,Q3,Referral,0,0,0.0
2022-09-01,2022,9,Q3,Organic Search,0,0,0.0
2022-09-01,2022,9,Q3,Social Media,10729,193,422.89
2022-09-01,2022,9,Q3,Email Campaign,5303,239,142.49
2022-09-01,2022,9,Q3,Paid Ad,18957,227,769.35
2022-09-01,2022,9,Q3,Direct,0,0,0.0
2022-09-01,2022,9,Q3,Referral,0,0,0.0
2022-09-02,2022,9,Q3,Organic Search,0,0,0.0
2022-09-02,2022,9,Q3,Social Media,11132,200,438.28
2022-09-02,2022,9,Q3,Email Campaign,5281,238,141.89
2022-09-02,2022,9,Q3,Paid Ad,19158,230,776.87
2022-09-02,2022,9,Q3,Direct,0,0,0.0
2022-09-02,2022,9,Q3,Referral,0,0,0.0
2022-09-03,2022,9,Q3,Organic Search,0,0,0.0
2022-09-03,2022,9,Q3,Social Media,14143,255,556.43
2022-09-03,2022,9,Q3,Email Campaign,6615,298,177.68
2022-09-03,2022,9,Q3,Paid Ad,23151,278,939.4
2022-09-03,2022,9,Q3,Direct,0,0,0.0
2022-09-03,2022,9,Q3,Referral,0,0,0.0
2022-09-04,2022,9,Q3,Organic Search,0,0,0.0
2022-09-04,2022,9,Q3,Social Media,12100,218,476.06
2022-09-04,2022,9,Q3,Email Campaign,5701,257,152.95
2022-09-04,2022,9,Q3,Paid Ad,23313,280,945.44
2022-09-04,2022,9,Q3,Direct,0,0,0.0
2022-09-04,2022,9,Q3,Referral,0,0,0.0
2022-09-05,2022,9,Q3,Organic Search,0,0,0.0
2022-09-05,2022,9,Q3,Social Media,11670,210,459.72
2022-09-05,2022,9,Q3,Email Campaign,5959,268,160.07
2022-09-05,2022,9,Q3,Paid Ad,17908,215,726.84
2022-09-05,2022,9,Q3,Direct,0,0,0.0
2022-09-05,2022,9,Q3,Referral,0,0,0.0
2022-09-06,2022,9,Q3,Organic Search,0,0,0.0
2022-09-06,2022,9,Q3,Social Media,10702,193,421.7
2022-09-06,2022,9,Q3,Email Campaign,4636,209,124.43
2022-09-06,2022,9,Q3,Paid Ad,18231,219,739.76
2022-09-06,2022,9,Q3,Direct,0,0,0.0
2022-09-06,2022,9,Q3,Referral,0,0,0.0
2022-09-07,2022,9,Q3,Organic Search,0,0,0.0
2022-09-07,2022,9,Q3,Social Media,11777,212,463.85
2022-09-07,2022,9,Q3,Email Campaign,5130,231,137.84
2022-09-07,2022,9,Q3,Paid Ad,19804,238,802.87
2022-09-07,2022,9,Q3,Direct,0,0,0.0
2022-09-07,2022,9,Q3,Referral,0,0,0.0
2022-09-08,2022,9,Q3,Organic Search,0,0,0.0
2022-09-08,2022,9,Q3,Social Media,10755,194,423.05
2022-09-08,2022,9,Q3,Email Campaign,5475,246,146.9
2022-09-08,2022,9,Q3,Paid Ad,17101,205,693.63
2022-09-08,2022,9,Q3,Direct,0,0,0.0
2022-09-08,2022,9,Q3,Referral,0,0,0.0
2022-09-09,2022,9,Q3,Organic Search,0,0,0.0
2022-09-09,2022,9,Q3,Social Media,10997,198,432.52
2022-09-09,2022,9,Q3,Email Campaign,4055,182,108.92
2022-09-09,2022,9,Q3,Paid Ad,18553,223,752.33
2022-09-09,2022,9,Q3,Direct,0,0,0.0
2022-09-09,2022,9,Q3,Referral,0,0,0.0
2022-09-10,2022,9,Q3,Organic Search,0,0,0.0
2022-09-10,2022,9,Q3,Social Media,10917,197,429.61
2022-09-10,2022,9,Q3,Email Campaign,6722,302,180.55
2022-09-10,2022,9,Q3,Paid Ad,22990,276,932.92
2022-09-10,2022,9,Q3,Direct,0,0,0.0
2022-09-10,2022,9,Q3,Referral,0,0,0.0
2022-09-11,2022,9,Q3,Organic Search,0,0,0.0
2022-09-11,2022,9,Q3,Social Media,13014,234,512.49
2022-09-11,2022,9,Q3,Email Campaign,6883,310,184.72
2022-09-11,2022,9,Q3,Paid Ad,20005,240,811.62
2022-09-11,2022,9,Q3,Direct,0,0,0.0
2022-09-11,2022,9,Q3,Referral,0,0,0.0
2022-09-12,2022,9,Q3,Organic Search,0,0,0.0
2022-09-12,2022,9,Q3,Social Media,12449,224,489.66
2022-09-12,2022,9,Q3,Email Campaign,5732,258,153.9
2022-09-12,2022,9,Q3,Paid Ad,18473,222,749.31
2022-09-12,2022,9,Q3,Direct,0,0,0.0
2022-09-12,2022,9,Q3,Referral,0,0,0.0
2022-09-13,2022,9,Q3,Organic Search,0,0,0.0
2022-09-13,2022,9,Q3,Social Media,11912,214,468.63
2022-09-13,2022,9,Q3,Email Campaign,4861,219,130.52
2022-09-13,2022,9,Q3,Paid Ad,17585,211,713.36
2022-09-13,2022,9,Q3,Direct,0,0,0.0
2022-09-13,2022,9,Q3,Referral,0,0,0.0
2022-09-14,2022,9,Q3,Organic Search,0,0,0.0
2022-09-14,2022,9,Q3,Social Media,10379,187,408.69
2022-09-14,2022,9,Q3,Email Campaign,5109,230,137.12
2022-09-14,2022,9,Q3,Paid Ad,17222,207,699.2
2022-09-14,2022,9,Q3,Direct,0,0,0.0
2022-09-14,2022,9,Q3,Referral,0,0,0.0
2022-09-15,2022,9,Q3,Organic Search,0,0,0.0
2022-09-15,2022,9,Q3,Social Media,11993,216,471.65
2022-09-15,2022,9,Q3,Email Campaign,5227,235,140.22
2022-09-15,2022,9,Q3,Paid Ad,19360,232,785.3
2022-09-15,2022,9,Q3,Direct,0,0,0.0
2022-09-15,2022,9,Q3,Referral,0,0,0.0
2022-09-16,2022,9,Q3,Organic Search,0,0,0.0
2022-09-16,2022,9,Q3,Social Media,10406,187,410.01
2022-09-16,2022,9,Q3,Email Campaign,4560,205,122.33
2022-09-16,2022,9,Q3,Paid Ad,19239,231,780.25
2022-09-16,2022,9,Q3,Direct,0,0,0.0
2022-09-16,2022,9,Q3,Referral,0,0,0.0
2022-09-17,2022,9,Q3,Organic Search,0,0,0.0
2022-09-17,2022,9,Q3,Social Media,10621,191,418.48
2022-09-17,2022,9,Q3,Email Campaign,6098,274,163.76
2022-09-17,2022,9,Q3,Paid Ad,19279,231,782.16
2022-09-17,2022,9,Q3,Direct,0,0,0.0
2022-09-17,2022,9,Q3,Referral,0,0,0.0
2022-09-18,2022,9,Q3,Organic Search,0,0,0.0
2022-09-18,2022,9,Q3,Social Media,14547,262,572.62
2022-09-18,2022,9,Q3,Email Campaign,6582,296,176.69
2022-09-18,2022,9,Q3,Paid Ad,21820,262,885.75
2022-09-18,2022,9,Q3,Direct,0,0,0.0
2022-09-18,2022,9,Q3,Referral,0,0,0.0
2022-09-19,2022,9,Q3,Organic Search,0,0,0.0
2022-09-19,2022,9,Q3,Social Media,12019,216,473.04
2022-09-19,2022,9,Q3,Email Campaign,4969,224,133.5
2022-09-19,2022,9,Q3,Paid Ad,19642,236,796.95
2022-09-19,2022,9,Q3,Direct,0,0,0.0
2022-09-19,2022,9,Q3,Referral,0,0,0.0
2022-09-20,2022,9,Q3,Organic Search,0,0,0.0
2022-09-20,2022,9,Q3,Social Media,11078,199,436.49
2022-09-20,2022,9,Q3,Email Campaign,5442,245,146.23
2022-09-20,2022,9,Q3,Paid Ad,20731,249,841.49
2022-09-20,2022,9,Q3,Direct,0,0,0.0
2022-09-20,2022,9,Q3,Referral,0,0,0.0
2022-09-21,2022,9,Q3,Organic Search,0,0,0.0
2022-09-21,2022,9,Q3,Social Media,11562,208,454.79
2022-09-21,2022,9,Q3,Email Campaign,5453,245,146.5
2022-09-21,2022,9,Q3,Paid Ad,16335,196,662.65
2022-09-21,2022,9,Q3,Direct,0,0,0.0
2022-09-21,2022,9,Q3,Referral,0,0,0.0
2022-09-22,2022,9,Q3,Organic Search,0,0,0.0
2022-09-22,2022,9,Q3,Social Media,10083,182,396.61
2022-09-22,2022,9,Q3,Email Campaign,5281,238,141.81
2022-09-22,2022,9,Q3,Paid Ad,18957,227,769.43
2022-09-22,2022,9,Q3,Direct,0,0,0.0
2022-09-22,2022,9,Q3,Referral,0,0,0.0
2022-09-23,2022,9,Q3,Organic Search,0,0,0.0
2022-09-23,2022,9,Q3,Social Media,9922,179,390.76
2022-09-23,2022,9,Q3,Email Campaign,6368,287,170.84
2022-09-23,2022,9,Q3,Paid Ad,21094,253,856.4
2022-09-23,2022,9,Q3,Direct,0,0,0.0
2022-09-23,2022,9,Q3,Referral,0,0,0.0
2022-09-24,2022,9,Q3,Organic Search,0,0,0.0
2022-09-24,2022,9,Q3,Social Media,13149,237,517.86
2022-09-24,2022,9,Q3,Email Campaign,6174,278,165.63
2022-09-24,2022,9,Q3,Paid Ad,21296,256,863.4
2022-09-24,2022,9,Q3,Direct,0,0,0.0
2022-09-24,2022,9,Q3,Referral,0,0,0.0
2022-09-25,2022,9,Q3,Organic Search,0,0,0.0
2022-09-25,2022,9,Q3,Social Media,11589,209,456.42
2022-09-25,2022,9,Q3,Email Campaign,6174,278,165.71
2022-09-25,2022,9,Q3,Paid Ad,22103,265,896.41
2022-09-25,2022,9,Q3,Direct,0,0,0.0
2022-09-25,2022,9,Q3,Referral,0,0,0.0
2022-09-26,2022,9,Q3,Organic Search,0,0,0.0
2022-09-26,2022,9,Q3,Social Media,9841,177,386.94
2022-09-26,2022,9,Q3,Email Campaign,5475,246,147.02
2022-09-26,2022,9,Q3,Paid Ad,18594,223,754.28
2022-09-26,2022,9,Q3,Direct,0,0,0.0
2022-09-26,2022,9,Q3,Referral,0,0,0.0
2022-09-27,2022,9,Q3,Organic Search,0,0,0.0
2022-09-27,2022,9,Q3,Social Media,9250,166,364.04
2022-09-27,2022,9,Q3,Email Campaign,4969,224,133.34
2022-09-27,2022,9,Q3,Paid Ad,18190,218,738.49
2022-09-27,2022,9,Q3,Direct,0,0,0.0
2022-09-27,2022,9,Q3,Referral,0,0,0.0
2022-09-28,2022,9,Q3,Organic Search,0,0,0.0
2022-09-28,2022,9,Q3,Social Media,12557,226,494.47
2022-09-28,2022,9,Q3,Email Campaign,5571,251,149.57
2022-09-28,2022,9,Q3,Paid Ad,16819,202,682.14
2022-09-28,2022,9,Q3,Direct,0,0,0.0
2022-09-28,2022,9,Q3,Referral,0,0,0.0
2022-09-29,2022,9,Q3,Organic Search,0,0,0.0
2022-09-29,2022,9,Q3,Social Media,11347,204,446.32
2022-09-29,2022,9,Q3,Email Campaign,4679,211,125.47
2022-09-29,2022,9,Q3,Paid Ad,20449,245,829.92
2022-09-29,2022,9,Q3,Direct,0,0,0.0
2022-09-29,2022,9,Q3,Referral,0,0,0.0
2022-09-30,2022,9,Q3,Organic Search,0,0,0.0
2022-09-30,2022,9,Q3,Social Media,10513,189,413.43
2022-09-30,2022,9,Q3,Email Campaign,5292,238,142.13
2022-09-30,2022,9,Q3,Paid Ad,20812,250,844.75
2022-09-30,2022,9,Q3,Direct,0,0,0.0
2022-09-30,2022,9,Q3,Referral,0,0,0.0
2022-10-01,2022,10,Q4,Organic Search,0,0,0.0
2022-10-01,2022,10,Q4,Social Media,11267,203,443.17
2022-10-01,2022,10,Q4,Email Campaign,5453,245,146.27
2022-10-01,2022,10,Q4,Paid Ad,20651,248,837.31
2022-10-01,2022,10,Q4,Direct,0,0,0.0
2022-10-01,2022,10,Q4,Referral,0,0,0.0
2022-10-02,2022,10,Q4,Organic Search,0,0,0.0
2022-10-02,2022,10,Q4,Social Media,13579,244,535.08
2022-10-02,2022,10,Q4,Email Campaign,5388,242,144.68
2022-10-02,2022,10,Q4,Paid Ad,16738,201,679.32
2022-10-02,2022,10,Q4,Direct,0,0,0.0
2022-10-02,2022,10,Q4,Referral,0,0,0.0
2022-10-03,2022,10,Q4,Organic Search,0,0,0.0
2022-10-03,2022,10,Q4,Social Media,10513,189,414.1
2022-10-03,2022,10,Q4,Email Campaign,5571,251,149.53
2022-10-03,2022,10,Q4,Paid Ad,20651,248,837.07
2022-10-03,2022,10,Q4,Direct,0,0,0.0
2022-10-03,2022,10,Q4,Referral,0,0,0.0
2022-10-04,2022,10,Q4,Organic Search,0,0,0.0
2022-10-04,2022,10,Q4,Social Media,10513,189,413.71
2022-10-04,2022,10,Q4,Email Campaign,5163,232,138.47
2022-10-04,2022,10,Q4,Paid Ad,20570,247,834.25
2022-10-04,2022,10,Q4,Direct,0,0,0.0
2022-10-04,2022,10,Q4,Referral,0,0,0.0
2022-10-05,2022,10,Q4,Organic Search,0,0,0.0
2022-10-05,2022,10,Q4,Social Media,9277,167,365.35
2022-10-05,2022,10,Q4,Email Campaign,5173,233,138.75
2022-10-05,2022,10,Q4,Paid Ad,19118,229,775.35
2022-10-05,2022,10,Q4,Direct,0,0,0.0
2022-10-05,2022,10,Q4,Referral,0,0,0.0
2022-10-06,2022,10,Q4,Organic Search,0,0,0.0
2022-10-06,2022,10,Q4,Social Media,11293,203,445.04
2022-10-06,2022,10,Q4,Email Campaign,5120,230,137.36
2022-10-06,2022,10,Q4,Paid Ad,18876,227,765.85
2022-10-06,2022,10,Q4,Direct,0,0,0.0
2022-10-06,2022,10,Q4,Referral,0,0,0.0
2022-10-07,2022,10,Q4,Organic Search,0,0,0.0
2022-10-07,2022,10,Q4,Social Media,8739,157,344.07
2022-10-07,2022,10,Q4,Email Campaign,5055,227,135.65
2022-10-07,2022,10,Q4,Paid Ad,19521,234,791.46
2022-10-07,2022,10,Q4,Direct,0,0,0.0
2022-10-07,2022,10,Q4,Referral,0,0,0.0
2022-10-08,2022,10,Q4,Organic Search,0,0,0.0
2022-10-08,2022,10,Q4,Social Media,11562,208,455.22
2022-10-08,2022,10,Q4,Email Campaign,6163,277,165.43
2022-10-08,2022,10,Q4,Paid Ad,22425,269,909.69
2022-10-08,2022,10,Q4,Direct,0,0,0.0
2022-10-08,2022,10,Q4,Referral,0,0,0.0
2022-10-09,2022,10,Q4,Organic Search,0,0,0.0
2022-10-09,2022,10,Q4,Social Media,12207,220,480.52
2022-10-09,2022,10,Q4,Email Campaign,6216,280,166.95
2022-10-09,2022,10,Q4,Paid Ad,19965,240,810.67
2022-10-09,2022,10,Q4,Direct,0,0,0.0
2022-10-09,2022,10,Q4,Referral,0,0,0.0
2022-10-10,2022,10,Q4,Organic Search,0,0,0.0
2022-10-10,2022,10,Q4,Social Media,10729,193,422.49
2022-10-10,2022,10,Q4,Email Campaign,5593,252,150.2
2022-10-10,2022,10,Q4,Paid Ad,19078,229,773.33
2022-10-10,2022,10,Q4,Direct,0,0,0.0
2022-10-10,2022,10,Q4,Referral,0,0,0.0
2022-10-11,2022,10,Q4,Organic Search,0,0,0.0
2022-10-11,2022,10,Q4,Social Media,10406,187,409.45
2022-10-11,2022,10,Q4,Email Campaign,5431,244,145.75
2022-10-11,2022,10,Q4,Paid Ad,19925,239,807.41
2022-10-11,2022,10,Q4,Direct,0,0,0.0
2022-10-11,2022,10,Q4,Referral,0,0,0.0
2022-10-12,2022,10,Q4,Organic Search,0,0,0.0
2022-10-12,2022,10,Q4,Social Media,9115,164,359.14
2022-10-12,2022,10,Q4,Email Campaign,5829,262,156.49
2022-10-12,2022,10,Q4,Paid Ad,18311,220,743.22
2022-10-12,2022,10,Q4,Direct,0,0,0.0
2022-10-12,2022,10,Q4,Referral,0,0,0.0
2022-10-13,2022,10,Q4,Organic Search,0,0,0.0
2022-10-13,2022,10,Q4,Social Media,11293,203,444.25
2022-10-13,2022,10,Q4,Email Campaign,5851,263,156.92
2022-10-13,2022,10,Q4,Paid Ad,16779,201,679.95
2022-10-13,2022,10,Q4,Direct,0,0,0.0
2022-10-13,2022,10,Q4,Referral,0,0,0.0
2022-10-14,2022,10,Q4,Organic Search,0,0,0.0
2022-10-14,2022,10,Q4,Social Media,10299,185,405.24
2022-10-14,2022,10,Q4,Email Campaign,5217,235,139.9
2022-10-14,2022,10,Q4,Paid Ad,17666,212,715.86
2022-10-14,2022,10,Q4,Direct,0,0,0.0
2022-10-14,2022,10,Q4,Referral,0,0,0.0
2022-10-15,2022,10,Q4,Organic Search,0,0,0.0
2022-10-15,2022,10,Q4,Social Media,14278,257,562.64
2022-10-15,2022,10,Q4,Email Campaign,5711,257,153.38
2022-10-15,2022,10,Q4,Paid Ad,20691,248,839.26
2022-10-15,2022,10,Q4,Direct,0,0,0.0
2022-10-15,2022,10,Q4,Referral,0,0,0.0
2022-10-16,2022,10,Q4,Organic Search,0,0,0.0
2022-10-16,2022,10,Q4,Social Media,12745,229,502.15
2022-10-16,2022,10,Q4,Email Campaign,5550,250,148.85
2022-10-16,2022,10,Q4,Paid Ad,20973,252,850.52
2022-10-16,2022,10,Q4,Direct,0,0,0.0
2022-10-16,2022,10,Q4,Referral,0,0,0.0
2022-10-17,2022,10,Q4,Organic Search,0,0,0.0
2022-10-17,2022,10,Q4,Social Media,11186,201,440.51
2022-10-17,2022,10,Q4,Email Campaign,5195,234,139.39
2022-10-17,2022,10,Q4,Paid Ad,18674,224,758.06
2022-10-17,2022,10,Q4,Direct,0,0,0.0
2022-10-17,2022,10,Q4,Referral,0,0,0.0
2022-10-18,2022,10,Q4,Organic Search,0,0,0.0
2022-10-18,2022,10,Q4,Social Media,10460,188,411.44
2022-10-18,2022,10,Q4,Email Campaign,4689,211,125.87
2022-10-18,2022,10,Q4,Paid Ad,19320,232,783.39
2022-10-18,2022,10,Q4,Direct,0,0,0.0
2022-10-18,2022,10,Q4,Referral,0,0,0.0
2022-10-19,2022,10,Q4,Organic Search,0,0,0.0
2022-10-19,2022,10,Q4,Social Media,12449,224,489.94
2022-10-19,2022,10,Q4,Email Campaign,5345,241,143.4
2022-10-19,2022,10,Q4,Paid Ad,19158,230,777.5
2022-10-19,2022,10,Q4,Direct,0,0,0.0
2022-10-19,2022,10,Q4,Referral,0,0,0.0
2022-10-20,2022,10,Q4,Organic Search,0,0,0.0
2022-10-20,2022,10,Q4,Social Media,11509,207,453.43
2022-10-20,2022,10,Q4,Email Campaign,4797,216,128.65
2022-10-20,2022,10,Q4,Paid Ad,21377,257,867.78
2022-10-20,2022,10,Q4,Direct,0,0,0.0
2022-10-20,2022,10,Q4,Referral,0,0,0.0
2022-10-21,2022,10,Q4,Organic Search,0,0,0.0
2022-10-21,2022,10,Q4,Social Media,11078,199,436.57
2022-10-21,2022,10,Q4,Email Campaign,6034,272,161.9
2022-10-21,2022,10,Q4,Paid Ad,17706,212,718.96
2022-10-21,2022,10,Q4,Direct,0,0,0.0
2022-10-21,2022,10,Q4,Referral,0,0,0.0
2022-10-22,2022,10,Q4,Organic Search,0,0,0.0
2022-10-22,2022,10,Q4,Social Media,14385,259,565.9
2022-10-22,2022,10,Q4,Email Campaign,6518,293,174.9
2022-10-22,2022,10,Q4,Paid Ad,22627,272,917.17
2022-10-22,2022,10,Q4,Direct,0,0,0.0
2022-10-22,2022,10,Q4,Referral,0,0,0.0
2022-10-23,2022,10,Q4,Organic Search,0,0,0.0
2022-10-23,2022,10,Q4,Social Media,12772,230,503.3
2022-10-23,2022,10,Q4,Email Campaign,6012,271,161.42
2022-10-23,2022,10,Q4,Paid Ad,23716,285,962.66
2022-10-23,2022,10,Q4,Direct,0,0,0.0
2022-10-23,2022,10,Q4,Referral,0,0,0.0
2022-10-24,2022,10,Q4,Organic Search,0,0,0.0
2022-10-24,2022,10,Q4,Social Media,11025,198,434.42
2022-10-24,2022,10,Q4,Email Campaign,4496,202,120.66
2022-10-24,2022,10,Q4,Paid Ad,17142,206,695.5
2022-10-24,2022,10,Q4,Direct,0,0,0.0
2022-10-24,2022,10,Q4,Referral,0,0,0.0
2022-10-25,2022,10,Q4,Organic Search,0,0,0.0
2022-10-25,2022,10,Q4,Social Media,10755,194,423.21
2022-10-25,2022,10,Q4,Email Campaign,5464,246,146.74
2022-10-25,2022,10,Q4,Paid Ad,18755,225,760.28
2022-10-25,2022,10,Q4,Direct,0,0,0.0
2022-10-25,2022,10,Q4,Referral,0,0,0.0
2022-10-26,2022,10,Q4,Organic Search,0,0,0.0
2022-10-26,2022,10,Q4,Social Media,11965,215,471.53
2022-10-26,2022,10,Q4,Email Campaign,4507,203,120.85
2022-10-26,2022,10,Q4,Paid Ad,19037,228,772.53
2022-10-26,2022,10,Q4,Direct,0,0,0.0
2022-10-26,2022,10,Q4,Referral,0,0,0.0
2022-10-27,2022,10,Q4,Organic Search,0,0,0.0
2022-10-27,2022,10,Q4,Social Media,9331,168,367.14
2022-10-27,2022,10,Q4,Email Campaign,5657,255,151.91
2022-10-27,2022,10,Q4,Paid Ad,18674,224,757.98
2022-10-27,2022,10,Q4,Direct,0,0,0.0
2022-10-27,2022,10,Q4,Referral,0,0,0.0
2022-10-28,2022,10,Q4,Organic Search,0,0,0.0
2022-10-28,2022,10,Q4,Social Media,11267,203,444.01
2022-10-28,2022,10,Q4,Email Campaign,4969,224,133.3
2022-10-28,2022,10,Q4,Paid Ad,20772,249,841.93
2022-10-28,2022,10,Q4,Direct,0,0,0.0
2022-10-28,2022,10,Q4,Referral,0,0,0.0
2022-10-29,2022,10,Q4,Organic Search,0,0,0.0
2022-10-29,2022,10,Q4,Social Media,13606,245,535.24
2022-10-29,2022,10,Q4,Email Campaign,6421,289,172.35
2022-10-29,2022,10,Q4,Paid Ad,21417,257,869.21
2022-10-29,2022,10,Q4,Direct,0,0,0.0
2022-10-29,2022,10,Q4,Referral,0,0,0.0
2022-10-30,2022,10,Q4,Organic Search,0,0,0.0
2022-10-30,2022,10,Q4,Social Media,13122,236,516.98
2022-10-30,2022,10,Q4,Email Campaign,5787,260,155.37
2022-10-30,2022,10,Q4,Paid Ad,23151,278,938.4
2022-10-30,2022,10,Q4,Direct,0,0,0.0
2022-10-30,2022,10,Q4,Referral,0,0,0.0
2022-10-31,2022,10,Q4,Organic Search,0,0,0.0
2022-10-31,2022,10,Q4,Social Media,12342,222,486.28
2022-10-31,2022,10,Q4,Email Campaign,5787,260,155.45
2022-10-31,2022,10,Q4,Paid Ad,17747,213,719.16
2022-10-31,2022,10,Q4,Direct,0,0,0.0
2022-10-31,2022,10,Q4,Referral,0,0,0.0
2022-11-01,2022,11,Q4,Organic Search,0,0,0.0
2022-11-01,2022,11,Q4,Social Media,16268,293,640.94
2022-11-01,2022,11,Q4,Email Campaign,6937,312,186.15
2022-11-01,2022,11,Q4,Paid Ad,28556,343,1158.16
2022-11-01,2022,11,Q4,Direct,0,0,0.0
2022-11-01,2022,11,Q4,Referral,0,0,0.0
2022-11-02,2022,11,Q4,Organic Search,0,0,0.0
2022-11-02,2022,11,Q4,Social Media,16402,295,645.39
2022-11-02,2022,11,Q4,Email Campaign,6582,296,176.57
2022-11-02,2022,11,Q4,Paid Ad,24765,297,1004.5
2022-11-02,2022,11,Q4,Direct,0,0,0.0
2022-11-02,2022,11,Q4,Referral,0,0,0.0
2022-11-03,2022,11,Q4,Organic Search,0,0,0.0
2022-11-03,2022,11,Q4,Social Media,15461,278,608.81
2022-11-03,2022,11,Q4,Email Campaign,7550,340,202.66
2022-11-03,2022,11,Q4,Paid Ad,24644,296,1000.28
2022-11-03,2022,11,Q4,Direct,0,0,0.0
2022-11-03,2022,11,Q4,Referral,0,0,0.0
2022-11-04,2022,11,Q4,Organic Search,0,0,0.0
2022-11-04,2022,11,Q4,Social Media,16321,294,642.33
2022-11-04,2022,11,Q4,Email Campaign,7895,355,211.8
2022-11-04,2022,11,Q4,Paid Ad,26862,322,1090.24
2022-11-04,2022,11,Q4,Direct,0,0,0.0
2022-11-04,2022,11,Q4,Referral,0,0,0.0
2022-11-05,2022,11,Q4,Organic Search,0,0,0.0
2022-11-05,2022,11,Q4,Social Media,17101,308,673.07
2022-11-05,2022,11,Q4,Email Campaign,9637,434,258.81
2022-11-05,2022,11,Q4,Paid Ad,35574,427,1442.22
2022-11-05,2022,11,Q4,Direct,0,0,0.0
2022-11-05,2022,11,Q4,Referral,0,0,0.0
2022-11-06,2022,11,Q4,Organic Search,0,0,0.0
2022-11-06,2022,11,Q4,Social Media,17505,315,688.66
2022-11-06,2022,11,Q4,Email Campaign,8465,381,227.11
2022-11-06,2022,11,Q4,Paid Ad,32630,392,1323.6
2022-11-06,2022,11,Q4,Direct,0,0,0.0
2022-11-06,2022,11,Q4,Referral,0,0,0.0
2022-11-07,2022,11,Q4,Organic Search,0,0,0.0
2022-11-07,2022,11,Q4,Social Media,15381,277,605.11
2022-11-07,2022,11,Q4,Email Campaign,7647,344,205.32
2022-11-07,2022,11,Q4,Paid Ad,28919,347,1172.95
2022-11-07,2022,11,Q4,Direct,0,0,0.0
2022-11-07,2022,11,Q4,Referral,0,0,0.0
2022-11-08,2022,11,Q4,Organic Search,0,0,0.0
2022-11-08,2022,11,Q4,Social Media,13417,242,527.76
2022-11-08,2022,11,Q4,Email Campaign,8551,385,229.54
2022-11-08,2022,11,Q4,Paid Ad,27467,330,1113.9
2022-11-08,2022,11,Q4,Direct,0,0,0.0
2022-11-08,2022,11,Q4,Referral,0,0,0.0
2022-11-09,2022,11,Q4,Organic Search,0,0,0.0
2022-11-09,2022,11,Q4,Social Media,15300,275,602.44
2022-11-09,2022,11,Q4,Email Campaign,7680,346,206.16
2022-11-09,2022,11,Q4,Paid Ad,27225,327,1104.12
2022-11-09,2022,11,Q4,Direct,0,0,0.0
2022-11-09,2022,11,Q4,Referral,0,0,0.0
2022-11-10,2022,11,Q4,Organic Search,0,0,0.0
2022-11-10,2022,11,Q4,Social Media,13633,245,536.67
2022-11-10,2022,11,Q4,Email Campaign,8658,390,232.48
2022-11-10,2022,11,Q4,Paid Ad,27386,329,1111.08
2022-11-10,2022,11,Q4,Direct,0,0,0.0
2022-11-10,2022,11,Q4,Referral,0,0,0.0
2022-11-11,2022,11,Q4,Organic Search,0,0,0.0
2022-11-11,2022,11,Q4,Social Media,16375,295,645.0
2022-11-11,2022,11,Q4,Email Campaign,8325,375,223.46
2022-11-11,2022,11,Q4,Paid Ad,25087,301,1016.98
2022-11-11,2022,11,Q4,Direct,0,0,0.0
2022-11-11,2022,11,Q4,Referral,0,0,0.0
2022-11-12,2022,11,Q4,Organic Search,0,0,0.0
2022-11-12,2022,11,Q4,Social Media,18876,340,743.5
2022-11-12,2022,11,Q4,Email Campaign,8701,392,233.68
2022-11-12,2022,11,Q4,Paid Ad,33517,402,1359.82
2022-11-12,2022,11,Q4,Direct,0,0,0.0
2022-11-12,2022,11,Q4,Referral,0,0,0.0
2022-11-13,2022,11,Q4,Organic Search,0,0,0.0
2022-11-13,2022,11,Q4,Social Media,15111,272,594.45
2022-11-13,2022,11,Q4,Email Campaign,8830,397,236.9
2022-11-13,2022,11,Q4,Paid Ad,29887,359,1212.13
2022-11-13,2022,11,Q4,Direct,0,0,0.0
2022-11-13,2022,11,Q4,Referral,0,0,0.0
2022-11-14,2022,11,Q4,Organic Search,0,0,0.0
2022-11-14,2022,11,Q4,Social Media,16375,295,644.48
2022-11-14,2022,11,Q4,Email Campaign,8024,361,215.46
2022-11-14,2022,11,Q4,Paid Ad,25773,309,1044.74
2022-11-14,2022,11,Q4,Direct,0,0,0.0
2022-11-14,2022,11,Q4,Referral,0,0,0.0
2022-11-15,2022,11,Q4,Organic Search,0,0,0.0
2022-11-15,2022,11,Q4,Social Media,14923,269,587.45
2022-11-15,2022,11,Q4,Email Campaign,7668,345,205.8
2022-11-15,2022,11,Q4,Paid Ad,25329,304,1028.0
2022-11-15,2022,11,Q4,Direct,0,0,0.0
2022-11-15,2022,11,Q4,Referral,0,0,0.0
2022-11-16,2022,11,Q4,Organic Search,0,0,0.0
2022-11-16,2022,11,Q4,Social Media,16886,304,664.88
2022-11-16,2022,11,Q4,Email Campaign,7507,338,201.5
2022-11-16,2022,11,Q4,Paid Ad,20933,251,849.88
2022-11-16,2022,11,Q4,Direct,0,0,0.0
2022-11-16,2022,11,Q4,Referral,0,0,0.0
2022-11-17,2022,11,Q4,Organic Search,0,0,0.0
2022-11-17,2022,11,Q4,Social Media,15353,276,604.27
2022-11-17,2022,11,Q4,Email Campaign,7088,319,190.41
2022-11-17,2022,11,Q4,Paid Ad,23756,285,962.9
2022-11-17,2022,11,Q4,Direct,0,0,0.0
2022-11-17,2022,11,Q4,Referral,0,0,0.0
2022-11-18,2022,11,Q4,Organic Search,0,0,0.0
2022-11-18,2022,11,Q4,Social Media,14251,257,561.24
2022-11-18,2022,11,Q4,Email Campaign,7798,351,209.46
2022-11-18,2022,11,Q4,Paid Ad,30210,363,1225.17
2022-11-18,2022,11,Q4,Direct,0,0,0.0
2022-11-18,2022,11,Q4,Referral,0,0,0.0
2022-11-19,2022,11,Q4,Organic Search,0,0,0.0
2022-11-19,2022,11,Q4,Social Media,18661,336,734.31
2022-11-19,2022,11,Q4,Email Campaign,8465,381,227.19
2022-11-19,2022,11,Q4,Paid Ad,32549,391,1320.02
2022-11-19,2022,11,Q4,Direct,0,0,0.0
2022-11-19,2022,11,Q4,Referral,0,0,0.0
2022-11-20,2022,11,Q4,Organic Search,0,0,0.0
2022-11-20,2022,11,Q4,Social Media,17531,316,690.05
2022-11-20,2022,11,Q4,Email Campaign,8400,378,225.52
2022-11-20,2022,11,Q4,Paid Ad,28516,342,1155.93
2022-11-20,2022,11,Q4,Direct,0,0,0.0
2022-11-20,2022,11,Q4,Referral,0,0,0.0
2022-11-21,2022,11,Q4,Organic Search,0,0,0.0
2022-11-21,2022,11,Q4,Social Media,13606,245,535.63
2022-11-21,2022,11,Q4,Email Campaign,7497,337,201.15
2022-11-21,2022,11,Q4,Paid Ad,27628,332,1121.46
2022-11-21,2022,11,Q4,Direct,0,0,0.0
2022-11-21,2022,11,Q4,Referral,0,0,0.0
2022-11-22,2022,11,Q4,Organic Search,0,0,0.0
2022-11-22,2022,11,Q4,Social Media,15703,283,618.11
2022-11-22,2022,11,Q4,Email Campaign,7475,336,200.75
2022-11-22,2022,11,Q4,Paid Ad,25249,303,1023.67
2022-11-22,2022,11,Q4,Direct,0,0,0.0
2022-11-22,2022,11,Q4,Referral,0,0,0.0
2022-11-23,2022,11,Q4,Organic Search,0,0,0.0
2022-11-23,2022,11,Q4,Social Media,16591,299,653.23
2022-11-23,2022,11,Q4,Email Campaign,6916,311,185.76
2022-11-23,2022,11,Q4,Paid Ad,29000,348,1176.18
2022-11-23,2022,11,Q4,Direct,0,0,0.0
2022-11-23,2022,11,Q4,Referral,0,0,0.0
2022-11-24,2022,11,Q4,Organic Search,0,0,0.0
2022-11-24,2022,11,Q4,Social Media,14547,262,572.98
2022-11-24,2022,11,Q4,Email Campaign,7271,327,195.14
2022-11-24,2022,11,Q4,Paid Ad,24079,289,977.5
2022-11-24,2022,11,Q4,Direct,0,0,0.0
2022-11-24,2022,11,Q4,Referral,0,0,0.0
2022-11-25,2022,11,Q4,Organic Search,0,0,0.0
2022-11-25,2022,11,Q4,Social Media,15192,273,597.95
2022-11-25,2022,11,Q4,Email Campaign,8335,375,223.85
2022-11-25,2022,11,Q4,Paid Ad,28435,341,1153.11
2022-11-25,2022,11,Q4,Direct,0,0,0.0
2022-11-25,2022,11,Q4,Referral,0,0,0.0
2022-11-26,2022,11,Q4,Organic Search,0,0,0.0
2022-11-26,2022,11,Q4,Social Media,19629,353,772.45
2022-11-26,2022,11,Q4,Email Campaign,9272,417,248.75
2022-11-26,2022,11,Q4,Paid Ad,28637,344,1161.1
2022-11-26,2022,11,Q4,Direct,0,0,0.0
2022-11-26,2022,11,Q4,Referral,0,0,0.0
2022-11-27,2022,11,Q4,Organic Search,0,0,0.0
2022-11-27,2022,11,Q4,Social Media,17720,319,697.41
2022-11-27,2022,11,Q4,Email Campaign,8335,375,223.89
2022-11-27,2022,11,Q4,Paid Ad,34727,417,1409.14
2022-11-27,2022,11,Q4,Direct,0,0,0.0
2022-11-27,2022,11,Q4,Referral,0,0,0.0
2022-11-28,2022,11,Q4,Organic Search,0,0,0.0
2022-11-28,2022,11,Q4,Social Media,14305,257,563.27
2022-11-28,2022,11,Q4,Email Campaign,8292,373,222.5
2022-11-28,2022,11,Q4,Paid Ad,29242,351,1186.56
2022-11-28,2022,11,Q4,Direct,0,0,0.0
2022-11-28,2022,11,Q4,Referral,0,0,0.0
2022-11-29,2022,11,Q4,Organic Search,0,0,0.0
2022-11-29,2022,11,Q4,Social Media,18150,327,714.11
2022-11-29,2022,11,Q4,Email Campaign,7486,337,200.83
2022-11-29,2022,11,Q4,Paid Ad,28838,346,1170.53
2022-11-29,2022,11,Q4,Direct,0,0,0.0
2022-11-29,2022,11,Q4,Referral,0,0,0.0
2022-11-30,2022,11,Q4,Organic Search,0,0,0.0
2022-11-30,2022,11,Q4,Social Media,18715,337,736.62
2022-11-30,2022,11,Q4,Email Campaign,7357,331,197.37
2022-11-30,2022,11,Q4,Paid Ad,23958,287,971.41
2022-11-30,2022,11,Q4,Direct,0,0,0.0
2022-11-30,2022,11,Q4,Referral,0,0,0.0
2022-12-01,2022,12,Q4,Organic Search,0,0,0.0
2022-12-01,2022,12,Q4,Social Media,13445,242,529.23
2022-12-01,2022,12,Q4,Email Campaign,8174,368,219.48
2022-12-01,2022,12,Q4,Paid Ad,23192,278,940.59
2022-12-01,2022,12,Q4,Direct,0,0,0.0
2022-12-01,2022,12,Q4,Referral,0,0,0.0
2022-12-02,2022,12,Q4,Organic Search,0,0,0.0
2022-12-02,2022,12,Q4,Social Media,15353,276,604.39
2022-12-02,2022,12,Q4,Email Campaign,8002,360,214.91
2022-12-02,2022,12,Q4,Paid Ad,27709,333,1123.84
2022-12-02,2022,12,Q4,Direct,0,0,0.0
2022-12-02,2022,12,Q4,Referral,0,0,0.0
2022-12-03,2022,12,Q4,Organic Search,0,0,0.0
2022-12-03,2022,12,Q4,Social Media,18822,339,740.76
2022-12-03,2022,12,Q4,Email Campaign,9056,408,243.02
2022-12-03,2022,12,Q4,Paid Ad,34606,415,1403.85
2022-12-03,2022,12,Q4,Direct,0,0,0.0
2022-12-03,2022,12,Q4,Referral,0,0,0.0
2022-12-04,2022,12,Q4,Organic Search,0,0,0.0
2022-12-04,2022,12,Q4,Social Media,16805,302,661.78
2022-12-04,2022,12,Q4,Email Campaign,8411,378,225.84
2022-12-04,2022,12,Q4,Paid Ad,29443,353,1194.83
2022-12-04,2022,12,Q4,Direct,0,0,0.0
2022-12-04,2022,12,Q4,Referral,0,0,0.0
2022-12-05,2022,12,Q4,Organic Search,0,0,0.0
2022-12-05,2022,12,Q4,Social Media,16886,304,664.28
2022-12-05,2022,12,Q4,Email Campaign,8292,373,222.58
2022-12-05,2022,12,Q4,Paid Ad,28274,339,1147.42
2022-12-05,2022,12,Q4,Direct,0,0,0.0
2022-12-05,2022,12,Q4,Referral,0,0,0.0
2022-12-06,2022,12,Q4,Organic Search,0,0,0.0
2022-12-06,2022,12,Q4,Social Media,17317,312,681.9
2022-12-06,2022,12,Q4,Email Campaign,7002,315,188.06
2022-12-06,2022,12,Q4,Paid Ad,30936,371,1255.15
2022-12-06,2022,12,Q4,Direct,0,0,0.0
2022-12-06,2022,12,Q4,Referral,0,0,0.0
2022-12-07,2022,12,Q4,Organic Search,0,0,0.0
2022-12-07,2022,12,Q4,Social Media,17747,319,698.84
2022-12-07,2022,12,Q4,Email Campaign,8196,369,219.88
2022-12-07,2022,12,Q4,Paid Ad,31178,374,1265.3
2022-12-07,2022,12,Q4,Direct,0,0,0.0
2022-12-07,2022,12,Q4,Referral,0,0,0.0
2022-12-08,2022,12,Q4,Organic Search,0,0,0.0
2022-12-08,2022,12,Q4,Social Media,13713,247,540.37
2022-12-08,2022,12,Q4,Email Campaign,7411,333,198.92
2022-12-08,2022,12,Q4,Paid Ad,25692,308,1042.28
2022-12-08,2022,12,Q4,Direct,0,0,0.0
2022-12-08,2022,12,Q4,Referral,0,0,0.0
2022-12-09,2022,12,Q4,Organic Search,0,0,0.0
2022-12-09,2022,12,Q4,Social Media,16725,301,658.87
2022-12-09,2022,12,Q4,Email Campaign,7088,319,190.21
2022-12-09,2022,12,Q4,Paid Ad,28959,348,1174.55
2022-12-09,2022,12,Q4,Direct,0,0,0.0
2022-12-09,2022,12,Q4,Referral,0,0,0.0
2022-12-10,2022,12,Q4,Organic Search,0,0,0.0
2022-12-10,2022,12,Q4,Social Media,20193,363,794.92
2022-12-10,2022,12,Q4,Email Campaign,9390,423,252.05
2022-12-10,2022,12,Q4,Paid Ad,32105,385,1302.44
2022-12-10,2022,12,Q4,Direct,0,0,0.0
2022-12-10,2022,12,Q4,Referral,0,0,0.0
2022-12-11,2022,12,Q4,Organic Search,0,0,0.0
2022-12-11,2022,12,Q4,Social Media,16752,302,659.75
2022-12-11,2022,12,Q4,Email Campaign,8292,373,222.62
2022-12-11,2022,12,Q4,Paid Ad,34525,414,1400.86
2022-12-11,2022,12,Q4,Direct,0,0,0.0
2022-12-11,2022,12,Q4,Referral,0,0,0.0
2022-12-12,2022,12,Q4,Organic Search,0,0,0.0
2022-12-12,2022,12,Q4,Social Media,16805,302,661.78
2022-12-12,2022,12,Q4,Email Campaign,7712,347,206.99
2022-12-12,2022,12,Q4,Paid Ad,26378,317,1070.39
2022-12-12,2022,12,Q4,Direct,0,0,0.0
2022-12-12,2022,12,Q4,Referral,0,0,0.0
2022-12-13,2022,12,Q4,Organic Search,0,0,0.0
2022-12-13,2022,12,Q4,Social Media,13256,239,521.99
2022-12-13,2022,12,Q4,Email Campaign,7077,318,189.85
2022-12-13,2022,12,Q4,Paid Ad,31460,378,1276.79
2022-12-13,2022,12,Q4,Direct,0,0,0.0
2022-12-13,2022,12,Q4,Referral,0,0,0.0
2022-12-14,2022,12,Q4,Organic Search,0,0,0.0
2022-12-14,2022,12,Q4,Social Media,14197,256,559.14
2022-12-14,2022,12,Q4,Email Campaign,7851,353,210.81
2022-12-14,2022,12,Q4,Paid Ad,29484,354,1196.7
2022-12-14,2022,12,Q4,Direct,0,0,0.0
2022-12-14,2022,12,Q4,Referral,0,0,0.0
2022-12-15,2022,12,Q4,Organic Search,0,0,0.0
2022-12-15,2022,12,Q4,Social Media,14224,256,560.41
2022-12-15,2022,12,Q4,Email Campaign,7851,353,210.69
2022-12-15,2022,12,Q4,Paid Ad,29363,352,1190.53
2022-12-15,2022,12,Q4,Direct,0,0,0.0
2022-12-15,2022,12,Q4,Referral,0,0,0.0
2022-12-16,2022,12,Q4,Organic Search,0,0,0.0
2022-12-16,2022,12,Q4,Social Media,15837,285,623.56
2022-12-16,2022,12,Q4,Email Campaign,9508,428,255.31
2022-12-16,2022,12,Q4,Paid Ad,23676,284,959.6
2022-12-16,2022,12,Q4,Direct,0,0,0.0
2022-12-16,2022,12,Q4,Referral,0,0,0.0
2022-12-17,2022,12,Q4,Organic Search,0,0,0.0
2022-12-17,2022,12,Q4,Social Media,19737,355,777.06
2022-12-17,2022,12,Q4,Email Campaign,8776,395,235.51
2022-12-17,2022,12,Q4,Paid Ad,33315,400,1352.19
2022-12-17,2022,12,Q4,Direct,0,0,0.0
2022-12-17,2022,12,Q4,Referral,0,0,0.0
2022-12-18,2022,12,Q4,Organic Search,0,0,0.0
2022-12-18,2022,12,Q4,Social Media,18849,339,741.67
2022-12-18,2022,12,Q4,Email Campaign,8379,377,224.81
2022-12-18,2022,12,Q4,Paid Ad,31984,384,1296.87
2022-12-18,2022,12,Q4,Direct,0,0,0.0
2022-12-18,2022,12,Q4,Referral,0,0,0.0
2022-12-19,2022,12,Q4,Organic Search,0,0,0.0
2022-12-19,2022,12,Q4,Social Media,13471,242,530.34
2022-12-19,2022,12,Q4,Email Campaign,8110,365,217.69
2022-12-19,2022,12,Q4,Paid Ad,27951,335,1133.82
2022-12-19,2022,12,Q4,Direct,0,0,0.0
2022-12-19,2022,12,Q4,Referral,0,0,0.0
2022-12-20,2022,12,Q4,Organic Search,0,0,0.0
2022-12-20,2022,12,Q4,Social Media,16644,300,654.78
2022-12-20,2022,12,Q4,Email Campaign,8389,378,225.21
2022-12-20,2022,12,Q4,Paid Ad,28112,337,1139.99
2022-12-20,2022,12,Q4,Direct,0,0,0.0
2022-12-20,2022,12,Q4,Referral,0,0,0.0
2022-12-21,2022,12,Q4,Organic Search,0,0,0.0
2022-12-21,2022,12,Q4,Social Media,15999,288,630.32
2022-12-21,2022,12,Q4,Email Campaign,7196,324,193.03
2022-12-21,2022,12,Q4,Paid Ad,25733,309,1044.35
2022-12-21,2022,12,Q4,Direct,0,0,0.0
2022-12-21,2022,12,Q4,Referral,0,0,0.0
2022-12-22,2022,12,Q4,Organic Search,0,0,0.0
2022-12-22,2022,12,Q4,Social Media,17317,312,682.1
2022-12-22,2022,12,Q4,Email Campaign,8626,388,231.53
2022-12-22,2022,12,Q4,Paid Ad,26781,321,1086.34
2022-12-22,2022,12,Q4,Direct,0,0,0.0
2022-12-22,2022,12,Q4,Referral,0,0,0.0
2022-12-23,2022,12,Q4,Organic Search,0,0,0.0
2022-12-23,2022,12,Q4,Social Media,15891,286,625.23
2022-12-23,2022,12,Q4,Email Campaign,7174,323,192.6
2022-12-23,2022,12,Q4,Paid Ad,29847,358,1211.33
2022-12-23,2022,12,Q4,Direct,0,0,0.0
2022-12-23,2022,12,Q4,Referral,0,0,0.0
2022-12-24,2022,12,Q4,Organic Search,0,0,0.0
2022-12-24,2022,12,Q4,Social Media,19172,345,754.52
2022-12-24,2022,12,Q4,Email Campaign,10282,463,275.87
2022-12-24,2022,12,Q4,Paid Ad,29201,350,1184.05
2022-12-24,2022,12,Q4,Direct,0,0,0.0
2022-12-24,2022,12,Q4,Referral,0,0,0.0
2022-12-25,2022,12,Q4,Organic Search,0,0,0.0
2022-12-25,2022,12,Q4,Social Media,17639,318,694.71
2022-12-25,2022,12,Q4,Email Campaign,9056,408,243.22
2022-12-25,2022,12,Q4,Paid Ad,33033,396,1339.42
2022-12-25,2022,12,Q4,Direct,0,0,0.0
2022-12-25,2022,12,Q4,Referral,0,0,0.0
2022-12-26,2022,12,Q4,Organic Search,0,0,0.0
2022-12-26,2022,12,Q4,Social Media,15542,280,612.19
2022-12-26,2022,12,Q4,Email Campaign,7196,324,193.15
2022-12-26,2022,12,Q4,Paid Ad,29242,351,1185.52
2022-12-26,2022,12,Q4,Direct,0,0,0.0
2022-12-26,2022,12,Q4,Referral,0,0,0.0
2022-12-27,2022,12,Q4,Organic Search,0,0,0.0
2022-12-27,2022,12,Q4,Social Media,16725,301,658.87
2022-12-27,2022,12,Q4,Email Campaign,7163,322,192.44
2022-12-27,2022,12,Q4,Paid Ad,30250,363,1227.52
2022-12-27,2022,12,Q4,Direct,0,0,0.0
2022-12-27,2022,12,Q4,Referral,0,0,0.0
2022-12-28,2022,12,Q4,Organic Search,0,0,0.0
2022-12-28,2022,12,Q4,Social Media,17317,312,681.26
2022-12-28,2022,12,Q4,Email Campaign,7820,352,209.9
2022-12-28,2022,12,Q4,Paid Ad,27467,330,1114.5
2022-12-28,2022,12,Q4,Direct,0,0,0.0
2022-12-28,2022,12,Q4,Referral,0,0,0.0
2022-12-29,2022,12,Q4,Organic Search,0,0,0.0
2022-12-29,2022,12,Q4,Social Media,16537,298,650.56
2022-12-29,2022,12,Q4,Email Campaign,7206,324,193.31
2022-12-29,2022,12,Q4,Paid Ad,27386,329,1110.08
2022-12-29,2022,12,Q4,Direct,0,0,0.0
2022-12-29,2022,12,Q4,Referral,0,0,0.0
2022-12-30,2022,12,Q4,Organic Search,0,0,0.0
2022-12-30,2022,12,Q4,Social Media,13095,236,515.67
2022-12-30,2022,12,Q4,Email Campaign,8282,373,222.18
2022-12-30,2022,12,Q4,Paid Ad,23877,287,969.1
2022-12-30,2022,12,Q4,Direct,0,0,0.0
2022-12-30,2022,12,Q4,Referral,0,0,0.0
2022-12-31,2022,12,Q4,Organic Search,0,0,0.0
2022-12-31,2022,12,Q4,Social Media,20382,367,802.52
2022-12-31,2022,12,Q4,Email Campaign,8658,390,232.48
2022-12-31,2022,12,Q4,Paid Ad,30855,370,1251.97
2022-12-31,2022,12,Q4,Direct,0,0,0.0
2022-12-31,2022,12,Q4,Referral,0,0,0.0
2023-01-01,2023,1,Q1,Organic Search,0,0,0.0
2023-01-01,2023,1,Q1,Social Media,11105,200,437.45
2023-01-01,2023,1,Q1,Email Campaign,5593,252,150.0
2023-01-01,2023,1,Q1,Paid Ad,22466,270,911.72
2023-01-01,2023,1,Q1,Direct,0,0,0.0
2023-01-01,2023,1,Q1,Referral,0,0,0.0
2023-01-02,2023,1,Q1,Organic Search,0,0,0.0
2023-01-02,2023,1,Q1,Social Media,8147,147,320.81
2023-01-02,2023,1,Q1,Email Campaign,5485,247,147.14
2023-01-02,2023,1,Q1,Paid Ad,18029,216,731.25
2023-01-02,2023,1,Q1,Direct,0,0,0.0
2023-01-02,2023,1,Q1,Referral,0,0,0.0
2023-01-03,2023,1,Q1,Organic Search,0,0,0.0
2023-01-03,2023,1,Q1,Social Media,9196,166,361.85
2023-01-03,2023,1,Q1,Email Campaign,4550,205,122.01
2023-01-03,2023,1,Q1,Paid Ad,19925,239,807.49
2023-01-03,2023,1,Q1,Direct,0,0,0.0
2023-01-03,2023,1,Q1,Referral,0,0,0.0
2023-01-04,2023,1,Q1,Organic Search,0,0,0.0
2023-01-04,2023,1,Q1,Social Media,9411,169,370.2
2023-01-04,2023,1,Q1,Email Campaign,4517,203,121.17
2023-01-04,2023,1,Q1,Paid Ad,19158,230,776.79
2023-01-04,2023,1,Q1,Direct,0,0,0.0
2023-01-04,2023,1,Q1,Referral,0,0,0.0
2023-01-05,2023,1,Q1,Organic Search,0,0,0.0
2023-01-05,2023,1,Q1,Social Media,10460,188,411.36
2023-01-05,2023,1,Q1,Email Campaign,4603,207,123.48
2023-01-05,2023,1,Q1,Paid Ad,17868,214,724.33
2023-01-05,2023,1,Q1,Direct,0,0,0.0
2023-01-05,2023,1,Q1,Referral,0,0,0.0
2023-01-06,2023,1,Q1,Organic Search,0,0,0.0
2023-01-06,2023,1,Q1,Social Media,9331,168,367.61
2023-01-06,2023,1,Q1,Email Campaign,5410,243,145.27
2023-01-06,2023,1,Q1,Paid Ad,19037,228,772.45
2023-01-06,2023,1,Q1,Direct,0,0,0.0
2023-01-06,2023,1,Q1,Referral,0,0,0.0
2023-01-07,2023,1,Q1,Organic Search,0,0,0.0
2023-01-07,2023,1,Q1,Social Media,12207,220,480.2
2023-01-07,2023,1,Q1,Email Campaign,5884,265,157.96
2023-01-07,2023,1,Q1,Paid Ad,23030,276,934.19
2023-01-07,2023,1,Q1,Direct,0,0,0.0
2023-01-07,2023,1,Q1,Referral,0,0,0.0
2023-01-08,2023,1,Q1,Organic Search,0,0,0.0
2023-01-08,2023,1,Q1,Social Media,11697,211,460.59
2023-01-08,2023,1,Q1,Email Campaign,5173,233,138.99
2023-01-08,2023,1,Q1,Paid Ad,20893,251,848.25
2023-01-08,2023,1,Q1,Direct,0,0,0.0
2023-01-08,2023,1,Q1,Referral,0,0,0.0
2023-01-09,2023,1,Q1,Organic Search,0,0,0.0
2023-01-09,2023,1,Q1,Social Media,11858,213,467.35
2023-01-09,2023,1,Q1,Email Campaign,4571,206,122.68
2023-01-09,2023,1,Q1,Paid Ad,17061,205,691.4
2023-01-09,2023,1,Q1,Direct,0,0,0.0
2023-01-09,2023,1,Q1,Referral,0,0,0.0
2023-01-10,2023,1,Q1,Organic Search,0,0,0.0
2023-01-10,2023,1,Q1,Social Media,10513,189,413.82
2023-01-10,2023,1,Q1,Email Campaign,4947,223,132.94
2023-01-10,2023,1,Q1,Paid Ad,16174,194,656.05
2023-01-10,2023,1,Q1,Direct,0,0,0.0
2023-01-10,2023,1,Q1,Referral,0,0,0.0
2023-01-11,2023,1,Q1,Organic Search,0,0,0.0
2023-01-11,2023,1,Q1,Social Media,11078,199,436.45
2023-01-11,2023,1,Q1,Email Campaign,5894,265,158.28
2023-01-11,2023,1,Q1,Paid Ad,17827,214,723.18
2023-01-11,2023,1,Q1,Direct,0,0,0.0
2023-01-11,2023,1,Q1,Referral,0,0,0.0
2023-01-12,2023,1,Q1,Organic Search,0,0,0.0
2023-01-12,2023,1,Q1,Social Media,9438,170,371.55
2023-01-12,2023,1,Q1,Email Campaign,4356,196,116.96
2023-01-12,2023,1,Q1,Paid Ad,17908,215,726.68
2023-01-12,2023,1,Q1,Direct,0,0,0.0
2023-01-12,2023,1,Q1,Referral,0,0,0.0
2023-01-13,2023,1,Q1,Organic Search,0,0,0.0
2023-01-13,2023,1,Q1,Social Media,11078,199,435.9
2023-01-13,2023,1,Q1,Email Campaign,5163,232,138.59
2023-01-13,2023,1,Q1,Paid Ad,17545,211,711.89
2023-01-13,2023,1,Q1,Direct,0,0,0.0
2023-01-13,2023,1,Q1,Referral,0,0,0.0
2023-01-14,2023,1,Q1,Organic Search,0,0,0.0
2023-01-14,2023,1,Q1,Social Media,11159,201,438.88
2023-01-14,2023,1,Q1,Email Campaign,5217,235,140.1
2023-01-14,2023,1,Q1,Paid Ad,21538,258,873.5
2023-01-14,2023,1,Q1,Direct,0,0,0.0
2023-01-14,2023,1,Q1,Referral,0,0,0.0
2023-01-15,2023,1,Q1,Organic Search,0,0,0.0
2023-01-15,2023,1,Q1,Social Media,12557,226,494.24
2023-01-15,2023,1,Q1,Email Campaign,5012,226,134.53
2023-01-15,2023,1,Q1,Paid Ad,22748,273,922.93
2023-01-15,2023,1,Q1,Direct,0,0,0.0
2023-01-15,2023,1,Q1,Referral,0,0,0.0
2023-01-16,2023,1,Q1,Organic Search,0,0,0.0
2023-01-16,2023,1,Q1,Social Media,10648,192,418.92
2023-01-16,2023,1,Q1,Email Campaign,5528,249,148.45
2023-01-16,2023,1,Q1,Paid Ad,15649,188,635.57
2023-01-16,2023,1,Q1,Direct,0,0,0.0
2023-01-16,2023,1,Q1,Referral,0,0,0.0
2023-01-17,2023,1,Q1,Organic Search,0,0,0.0
2023-01-17,2023,1,Q1,Social Media,9061,163,356.72
2023-01-17,2023,1,Q1,Email Campaign,4916,221,131.91
2023-01-17,2023,1,Q1,Paid Ad,18271,219,740.64
2023-01-17,2023,1,Q1,Direct,0,0,0.0
2023-01-17,2023,1,Q1,Referral,0,0,0.0
2023-01-18,2023,1,Q1,Organic Search,0,0,0.0
2023-01-18,2023,1,Q1,Social Media,11643,210,458.05
2023-01-18,2023,1,Q1,Email Campaign,5260,237,141.06
2023-01-18,2023,1,Q1,Paid Ad,17222,207,698.21
2023-01-18,2023,1,Q1,Direct,0,0,0.0
2023-01-18,2023,1,Q1,Referral,0,0,0.0
2023-01-19,2023,1,Q1,Organic Search,0,0,0.0
2023-01-19,2023,1,Q1,Social Media,9331,168,367.61
2023-01-19,2023,1,Q1,Email Campaign,5464,246,146.66
2023-01-19,2023,1,Q1,Paid Ad,16214,195,657.05
2023-01-19,2023,1,Q1,Direct,0,0,0.0
2023-01-19,2023,1,Q1,Referral,0,0,0.0
2023-01-20,2023,1,Q1,Organic Search,0,0,0.0
2023-01-20,2023,1,Q1,Social Media,11509,207,452.68
2023-01-20,2023,1,Q1,Email Campaign,4861,219,130.48
2023-01-20,2023,1,Q1,Paid Ad,19804,238,802.6
2023-01-20,2023,1,Q1,Direct,0,0,0.0
2023-01-20,2023,1,Q1,Referral,0,0,0.0
2023-01-21,2023,1,Q1,Organic Search,0,0,0.0
2023-01-21,2023,1,Q1,Social Media,12342,222,485.61
2023-01-21,2023,1,Q1,Email Campaign,5657,255,151.83
2023-01-21,2023,1,Q1,Paid Ad,19360,232,784.78
2023-01-21,2023,1,Q1,Direct,0,0,0.0
2023-01-21,2023,1,Q1,Referral,0,0,0.0
2023-01-22,2023,1,Q1,Organic Search,0,0,0.0
2023-01-22,2023,1,Q1,Social Media,11374,205,448.03
2023-01-22,2023,1,Q1,Email Campaign,5915,266,158.79
2023-01-22,2023,1,Q1,Paid Ad,20328,244,823.87
2023-01-22,2023,1,Q1,Direct,0,0,0.0
2023-01-22,2023,1,Q1,Referral,0,0,0.0
2023-01-23,2023,1,Q1,Organic Search,0,0,0.0
2023-01-23,2023,1,Q1,Social Media,9680,174,381.49
2023-01-23,2023,1,Q1,Email Campaign,4904,221,131.71
2023-01-23,2023,1,Q1,Paid Ad,17666,212,716.5
2023-01-23,2023,1,Q1,Direct,0,0,0.0
2023-01-23,2023,1,Q1,Referral,0,0,0.0
2023-01-24,2023,1,Q1,Organic Search,0,0,0.0
2023-01-24,2023,1,Q1,Social Media,8443,152,332.3
2023-01-24,2023,1,Q1,Email Campaign,5152,232,138.39
2023-01-24,2023,1,Q1,Paid Ad,16174,194,656.21
2023-01-24,2023,1,Q1,Direct,0,0,0.0
2023-01-24,2023,1,Q1,Referral,0,0,0.0
2023-01-25,2023,1,Q1,Organic Search,0,0,0.0
2023-01-25,2023,1,Q1,Social Media,9223,166,363.56
2023-01-25,2023,1,Q1,Email Campaign,4302,194,115.49
2023-01-25,2023,1,Q1,Paid Ad,15044,181,609.84
2023-01-25,2023,1,Q1,Direct,0,0,0.0
2023-01-25,2023,1,Q1,Referral,0,0,0.0
2023-01-26,2023,1,Q1,Organic Search,0,0,0.0
2023-01-26,2023,1,Q1,Social Media,9061,163,357.08
2023-01-26,2023,1,Q1,Email Campaign,4689,211,125.94
2023-01-26,2023,1,Q1,Paid Ad,20288,243,823.28
2023-01-26,2023,1,Q1,Direct,0,0,0.0
2023-01-26,2023,1,Q1,Referral,0,0,0.0
2023-01-27,2023,1,Q1,Organic Search,0,0,0.0
2023-01-27,2023,1,Q1,Social Media,9734,175,383.68
2023-01-27,2023,1,Q1,Email Campaign,5044,227,135.41
2023-01-27,2023,1,Q1,Paid Ad,18110,217,734.83
2023-01-27,2023,1,Q1,Direct,0,0,0.0
2023-01-27,2023,1,Q1,Referral,0,0,0.0
2023-01-28,2023,1,Q1,Organic Search,0,0,0.0
2023-01-28,2023,1,Q1,Social Media,11831,213,465.4
2023-01-28,2023,1,Q1,Email Campaign,5679,256,152.59
2023-01-28,2023,1,Q1,Paid Ad,18271,219,740.52
2023-01-28,2023,1,Q1,Direct,0,0,0.0
2023-01-28,2023,1,Q1,Referral,0,0,0.0
2023-01-29,2023,1,Q1,Organic Search,0,0,0.0
2023-01-29,2023,1,Q1,Social Media,13068,235,514.04
2023-01-29,2023,1,Q1,Email Campaign,6550,295,175.73
2023-01-29,2023,1,Q1,Paid Ad,17464,210,708.58
2023-01-29,2023,1,Q1,Direct,0,0,0.0
2023-01-29,2023,1,Q1,Referral,0,0,0.0
2023-01-30,2023,1,Q1,Organic Search,0,0,0.0
2023-01-30,2023,1,Q1,Social Media,9331,168,367.69
2023-01-30,2023,1,Q1,Email Campaign,4861,219,130.52
2023-01-30,2023,1,Q1,Paid Ad,16214,195,657.09
2023-01-30,2023,1,Q1,Direct,0,0,0.0
2023-01-30,2023,1,Q1,Referral,0,0,0.0
2023-01-31,2023,1,Q1,Organic Search,0,0,0.0
2023-01-31,2023,1,Q1,Social Media,10594,191,416.73
2023-01-31,2023,1,Q1,Email Campaign,4679,211,125.71
2023-01-31,2023,1,Q1,Paid Ad,20610,247,835.32
2023-01-31,2023,1,Q1,Direct,0,0,0.0
2023-01-31,2023,1,Q1,Referral,0,0,0.0
2023-02-01,2023,2,Q1,Organic Search,0,0,0.0
2023-02-01,2023,2,Q1,Social Media,11132,200,438.64
2023-02-01,2023,2,Q1,Email Campaign,5055,227,135.77
2023-02-01,2023,2,Q1,Paid Ad,18997,228,770.5
2023-02-01,2023,2,Q1,Direct,0,0,0.0
2023-02-01,2023,2,Q1,Referral,0,0,0.0
2023-02-02,2023,2,Q1,Organic Search,0,0,0.0
2023-02-02,2023,2,Q1,Social Media,11078,199,435.94
2023-02-02,2023,2,Q1,Email Campaign,4754,214,127.5
2023-02-02,2023,2,Q1,Paid Ad,16416,197,665.52
2023-02-02,2023,2,Q1,Direct,0,0,0.0
2023-02-02,2023,2,Q1,Referral,0,0,0.0
2023-02-03,2023,2,Q1,Organic Search,0,0,0.0
2023-02-03,2023,2,Q1,Social Media,10245,184,403.01
2023-02-03,2023,2,Q1,Email Campaign,5313,239,142.69
2023-02-03,2023,2,Q1,Paid Ad,17747,213,719.96
2023-02-03,2023,2,Q1,Direct,0,0,0.0
2023-02-03,2023,2,Q1,Referral,0,0,0.0
2023-02-04,2023,2,Q1,Organic Search,0,0,0.0
2023-02-04,2023,2,Q1,Social Media,10218,184,402.45
2023-02-04,2023,2,Q1,Email Campaign,5356,241,143.68
2023-02-04,2023,2,Q1,Paid Ad,20086,241,813.97
2023-02-04,2023,2,Q1,Direct,0,0,0.0
2023-02-04,2023,2,Q1,Referral,0,0,0.0
2023-02-05,2023,2,Q1,Organic Search,0,0,0.0
2023-02-05,2023,2,Q1,Social Media,11616,209,457.77
2023-02-05,2023,2,Q1,Email Campaign,6625,298,177.76
2023-02-05,2023,2,Q1,Paid Ad,17948,215,728.03
2023-02-05,2023,2,Q1,Direct,0,0,0.0
2023-02-05,2023,2,Q1,Referral,0,0,0.0
2023-02-06,2023,2,Q1,Organic Search,0,0,0.0
2023-02-06,2023,2,Q1,Social Media,10594,191,416.73
2023-02-06,2023,2,Q1,Email Campaign,5561,250,149.41
2023-02-06,2023,2,Q1,Paid Ad,20731,249,841.41
2023-02-06,2023,2,Q1,Direct,0,0,0.0
2023-02-06,2023,2,Q1,Referral,0,0,0.0
2023-02-07,2023,2,Q1,Organic Search,0,0,0.0
2023-02-07,2023,2,Q1,Social Media,9841,177,387.54
2023-02-07,2023,2,Q1,Email Campaign,5173,233,138.75
2023-02-07,2023,2,Q1,Paid Ad,18352,220,744.46
2023-02-07,2023,2,Q1,Direct,0,0,0.0
2023-02-07,2023,2,Q1,Referral,0,0,0.0
2023-02-08,2023,2,Q1,Organic Search,0,0,0.0
2023-02-08,2023,2,Q1,Social Media,10325,186,406.75
2023-02-08,2023,2,Q1,Email Campaign,4937,222,132.43
2023-02-08,2023,2,Q1,Paid Ad,18150,218,736.82
2023-02-08,2023,2,Q1,Direct,0,0,0.0
2023-02-08,2023,2,Q1,Referral,0,0,0.0
2023-02-09,2023,2,Q1,Organic Search,0,0,0.0
2023-02-09,2023,2,Q1,Social Media,8121,146,319.38
2023-02-09,2023,2,Q1,Email Campaign,5248,236,140.78
2023-02-09,2023,2,Q1,Paid Ad,17747,213,719.2
2023-02-09,2023,2,Q1,Direct,0,0,0.0
2023-02-09,2023,2,Q1,Referral,0,0,0.0
2023-02-10,2023,2,Q1,Organic Search,0,0,0.0
2023-02-10,2023,2,Q1,Social Media,10003,180,393.38
2023-02-10,2023,2,Q1,Email Campaign,5787,260,155.37
2023-02-10,2023,2,Q1,Paid Ad,16617,199,673.59
2023-02-10,2023,2,Q1,Direct,0,0,0.0
2023-02-10,2023,2,Q1,Referral,0,0,0.0
2023-02-11,2023,2,Q1,Organic Search,0,0,0.0
2023-02-11,2023,2,Q1,Social Media,11320,204,445.72
2023-02-11,2023,2,Q1,Email Campaign,6625,298,178.0
2023-02-11,2023,2,Q1,Paid Ad,18836,226,764.3
2023-02-11,2023,2,Q1,Direct,0,0,0.0
2023-02-11,2023,2,Q1,Referral,0,0,0.0
2023-02-12,2023,2,Q1,Organic Search,0,0,0.0
2023-02-12,2023,2,Q1,Social Media,11186,201,440.31
2023-02-12,2023,2,Q1,Email Campaign,5657,255,151.71
2023-02-12,2023,2,Q1,Paid Ad,21538,258,873.9
2023-02-12,2023,2,Q1,Direct,0,0,0.0
2023-02-12,2023,2,Q1,Referral,0,0,0.0
2023-02-13,2023,2,Q1,Organic Search,0,0,0.0
2023-02-13,2023,2,Q1,Social Media,10352,186,407.18
2023-02-13,2023,2,Q1,Email Campaign,4463,201,119.7
2023-02-13,2023,2,Q1,Paid Ad,16819,202,681.7
2023-02-13,2023,2,Q1,Direct,0,0,0.0
2023-02-13,2023,2,Q1,Referral,0,0,0.0
2023-02-14,2023,2,Q1,Organic Search,0,0,0.0
2023-02-14,2023,2,Q1,Social Media,9680,174,381.06
2023-02-14,2023,2,Q1,Email Campaign,4947,223,132.67
2023-02-14,2023,2,Q1,Paid Ad,18150,218,736.26
2023-02-14,2023,2,Q1,Direct,0,0,0.0
2023-02-14,2023,2,Q1,Referral,0,0,0.0
2023-02-15,2023,2,Q1,Organic Search,0,0,0.0
2023-02-15,2023,2,Q1,Social Media,10513,189,413.9
2023-02-15,2023,2,Q1,Email Campaign,4270,192,114.53
2023-02-15,2023,2,Q1,Paid Ad,19037,228,772.61
2023-02-15,2023,2,Q1,Direct,0,0,0.0
2023-02-15,2023,2,Q1,Referral,0,0,0.0
2023-02-16,2023,2,Q1,Organic Search,0,0,0.0
2023-02-16,2023,2,Q1,Social Media,10379,187,408.58
2023-02-16,2023,2,Q1,Email Campaign,5528,249,148.29
2023-02-16,2023,2,Q1,Paid Ad,18190,218,737.34
2023-02-16,2023,2,Q1,Direct,0,0,0.0
2023-02-16,2023,2,Q1,Referral,0,0,0.0
2023-02-17,2023,2,Q1,Organic Search,0,0,0.0
2023-02-17,2023,2,Q1,Social Media,11078,199,435.78
2023-02-17,2023,2,Q1,Email Campaign,5163,232,138.47
2023-02-17,2023,2,Q1,Paid Ad,19441,233,788.68
2023-02-17,2023,2,Q1,Direct,0,0,0.0
2023-02-17,2023,2,Q1,Referral,0,0,0.0
2023-02-18,2023,2,Q1,Organic Search,0,0,0.0
2023-02-18,2023,2,Q1,Social Media,12181,219,479.84
2023-02-18,2023,2,Q1,Email Campaign,5679,256,152.31
2023-02-18,2023,2,Q1,Paid Ad,23837,286,967.67
2023-02-18,2023,2,Q1,Direct,0,0,0.0
2023-02-18,2023,2,Q1,Referral,0,0,0.0
2023-02-19,2023,2,Q1,Organic Search,0,0,0.0
2023-02-19,2023,2,Q1,Social Media,12530,226,493.32
2023-02-19,2023,2,Q1,Email Campaign,5980,269,160.58
2023-02-19,2023,2,Q1,Paid Ad,18110,217,735.19
2023-02-19,2023,2,Q1,Direct,0,0,0.0
2023-02-19,2023,2,Q1,Referral,0,0,0.0
2023-02-20,2023,2,Q1,Organic Search,0,0,0.0
2023-02-20,2023,2,Q1,Social Media,9115,164,359.22
2023-02-20,2023,2,Q1,Email Campaign,5087,229,136.6
2023-02-20,2023,2,Q1,Paid Ad,17747,213,720.32
2023-02-20,2023,2,Q1,Direct,0,0,0.0
2023-02-20,2023,2,Q1,Referral,0,0,0.0
2023-02-21,2023,2,Q1,Organic Search,0,0,0.0
2023-02-21,2023,2,Q1,Social Media,9680,174,380.82
2023-02-21,2023,2,Q1,Email Campaign,5034,227,135.01
2023-02-21,2023,2,Q1,Paid Ad,19804,238,802.48
2023-02-21,2023,2,Q1,Direct,0,0,0.0
2023-02-21,2023,2,Q1,Referral,0,0,0.0
2023-02-22,2023,2,Q1,Organic Search,0,0,0.0
2023-02-22,2023,2,Q1,Social Media,10729,193,422.81
2023-02-22,2023,2,Q1,Email Campaign,4517,203,121.33
2023-02-22,2023,2,Q1,Paid Ad,17384,209,705.64
2023-02-22,2023,2,Q1,Direct,0,0,0.0
2023-02-22,2023,2,Q1,Referral,0,0,0.0
2023-02-23,2023,2,Q1,Organic Search,0,0,0.0
2023-02-23,2023,2,Q1,Social Media,9519,171,374.73
2023-02-23,2023,2,Q1,Email Campaign,4819,217,129.37
2023-02-23,2023,2,Q1,Paid Ad,16980,204,688.46
2023-02-23,2023,2,Q1,Direct,0,0,0.0
2023-02-23,2023,2,Q1,Referral,0,0,0.0
2023-02-24,2023,2,Q1,Organic Search,0,0,0.0
2023-02-24,2023,2,Q1,Social Media,9787,176,385.19
2023-02-24,2023,2,Q1,Email Campaign,4474,201,120.1
2023-02-24,2023,2,Q1,Paid Ad,17384,209,704.73
2023-02-24,2023,2,Q1,Direct,0,0,0.0
2023-02-24,2023,2,Q1,Referral,0,0,0.0
2023-02-25,2023,2,Q1,Organic Search,0,0,0.0
2023-02-25,2023,2,Q1,Social Media,11186,201,439.91
2023-02-25,2023,2,Q1,Email Campaign,4377,197,117.55
2023-02-25,2023,2,Q1,Paid Ad,23514,282,953.32
2023-02-25,2023,2,Q1,Direct,0,0,0.0
2023-02-25,2023,2,Q1,Referral,0,0,0.0
2023-02-26,2023,2,Q1,Organic Search,0,0,0.0
2023-02-26,2023,2,Q1,Social Media,12719,229,500.68
2023-02-26,2023,2,Q1,Email Campaign,5550,250,148.89
2023-02-26,2023,2,Q1,Paid Ad,20207,242,820.05
2023-02-26,2023,2,Q1,Direct,0,0,0.0
2023-02-26,2023,2,Q1,Referral,0,0,0.0
2023-02-27,2023,2,Q1,Organic Search,0,0,0.0
2023-02-27,2023,2,Q1,Social Media,9223,166,362.96
2023-02-27,2023,2,Q1,Email Campaign,5647,254,151.6
2023-02-27,2023,2,Q1,Paid Ad,20207,242,820.09
2023-02-27,2023,2,Q1,Direct,0,0,0.0
2023-02-27,2023,2,Q1,Referral,0,0,0.0
2023-02-28,2023,2,Q1,Organic Search,0,0,0.0
2023-02-28,2023,2,Q1,Social Media,10299,185,405.51
2023-02-28,2023,2,Q1,Email Campaign,5378,242,144.44
2023-02-28,2023,2,Q1,Paid Ad,17787,213,721.99
2023-02-28,2023,2,Q1,Direct,0,0,0.0
2023-02-28,2023,2,Q1,Referral,0,0,0.0
2023-03-01,2023,3,Q1,Organic Search,0,0,0.0
2023-03-01,2023,3,Q1,Social Media,10675,192,420.78
2023-03-01,2023,3,Q1,Email Campaign,5657,255,151.87
2023-03-01,2023,3,Q1,Paid Ad,20852,250,846.5
2023-03-01,2023,3,Q1,Direct,0,0,0.0
2023-03-01,2023,3,Q1,Referral,0,0,0.0
2023-03-02,2023,3,Q1,Organic Search,0,0,0.0
2023-03-02,2023,3,Q1,Social Media,11535,208,454.07
2023-03-02,2023,3,Q1,Email Campaign,5744,258,154.3
2023-03-02,2023,3,Q1,Paid Ad,20489,246,831.55
2023-03-02,2023,3,Q1,Direct,0,0,0.0
2023-03-02,2023,3,Q1,Referral,0,0,0.0
2023-03-03,2023,3,Q1,Organic Search,0,0,0.0
2023-03-03,2023,3,Q1,Social Media,11885,214,468.15
2023-03-03,2023,3,Q1,Email Campaign,5872,264,157.72
2023-03-03,2023,3,Q1,Paid Ad,18916,227,766.57
2023-03-03,2023,3,Q1,Direct,0,0,0.0
2023-03-03,2023,3,Q1,Referral,0,0,0.0
2023-03-04,2023,3,Q1,Organic Search,0,0,0.0
2023-03-04,2023,3,Q1,Social Media,12961,233,510.78
2023-03-04,2023,3,Q1,Email Campaign,6034,272,162.05
2023-03-04,2023,3,Q1,Paid Ad,25612,307,1038.66
2023-03-04,2023,3,Q1,Direct,0,0,0.0
2023-03-04,2023,3,Q1,Referral,0,0,0.0
2023-03-05,2023,3,Q1,Organic Search,0,0,0.0
2023-03-05,2023,3,Q1,Social Media,11455,206,450.57
2023-03-05,2023,3,Q1,Email Campaign,7346,331,197.29
2023-03-05,2023,3,Q1,Paid Ad,26378,317,1070.15
2023-03-05,2023,3,Q1,Direct,0,0,0.0
2023-03-05,2023,3,Q1,Referral,0,0,0.0
2023-03-06,2023,3,Q1,Organic Search,0,0,0.0
2023-03-06,2023,3,Q1,Social Media,11670,210,459.8
2023-03-06,2023,3,Q1,Email Campaign,4636,209,124.35
2023-03-06,2023,3,Q1,Paid Ad,20046,241,813.45
2023-03-06,2023,3,Q1,Direct,0,0,0.0
2023-03-06,2023,3,Q1,Referral,0,0,0.0
2023-03-07,2023,3,Q1,Organic Search,0,0,0.0
2023-03-07,2023,3,Q1,Social Media,11912,214,468.74
2023-03-07,2023,3,Q1,Email Campaign,5378,242,144.36
2023-03-07,2023,3,Q1,Paid Ad,19804,238,803.11
2023-03-07,2023,3,Q1,Direct,0,0,0.0
2023-03-07,2023,3,Q1,Referral,0,0,0.0
2023-03-08,2023,3,Q1,Organic Search,0,0,0.0
2023-03-08,2023,3,Q1,Social Media,13445,242,528.87
2023-03-08,2023,3,Q1,Email Campaign,6163,277,165.39
2023-03-08,2023,3,Q1,Paid Ad,19118,229,775.71
2023-03-08,2023,3,Q1,Direct,0,0,0.0
2023-03-08,2023,3,Q1,Referral,0,0,0.0
2023-03-09,2023,3,Q1,Organic Search,0,0,0.0
2023-03-09,2023,3,Q1,Social Media,10433,188,410.96
2023-03-09,2023,3,Q1,Email Campaign,5701,257,152.95
2023-03-09,2023,3,Q1,Paid Ad,20288,243,823.35
2023-03-09,2023,3,Q1,Direct,0,0,0.0
2023-03-09,2023,3,Q1,Referral,0,0,0.0
2023-03-10,2023,3,Q1,Organic Search,0,0,0.0
2023-03-10,2023,3,Q1,Social Media,12449,224,489.9
2023-03-10,2023,3,Q1,Email Campaign,5604,252,150.36
2023-03-10,2023,3,Q1,Paid Ad,21498,258,871.95
2023-03-10,2023,3,Q1,Direct,0,0,0.0
2023-03-10,2023,3,Q1,Referral,0,0,0.0
2023-03-11,2023,3,Q1,Organic Search,0,0,0.0
2023-03-11,2023,3,Q1,Social Media,15891,286,625.75
2023-03-11,2023,3,Q1,Email Campaign,7163,322,192.4
2023-03-11,2023,3,Q1,Paid Ad,23676,284,959.6
2023-03-11,2023,3,Q1,Direct,0,0,0.0
2023-03-11,2023,3,Q1,Referral,0,0,0.0
2023-03-12,2023,3,Q1,Organic Search,0,0,0.0
2023-03-12,2023,3,Q1,Social Media,13552,244,533.92
2023-03-12,2023,3,Q1,Email Campaign,6539,294,175.46
2023-03-12,2023,3,Q1,Paid Ad,25975,312,1054.29
2023-03-12,2023,3,Q1,Direct,0,0,0.0
2023-03-12,2023,3,Q1,Referral,0,0,0.0
2023-03-13,2023,3,Q1,Organic Search,0,0,0.0
2023-03-13,2023,3,Q1,Social Media,11374,205,447.51
2023-03-13,2023,3,Q1,Email Campaign,5872,264,157.64
2023-03-13,2023,3,Q1,Paid Ad,20731,249,841.09
2023-03-13,2023,3,Q1,Direct,0,0,0.0
2023-03-13,2023,3,Q1,Referral,0,0,0.0
2023-03-14,2023,3,Q1,Organic Search,0,0,0.0
2023-03-14,2023,3,Q1,Social Media,11481,207,452.28
2023-03-14,2023,3,Q1,Email Campaign,5206,234,139.82
2023-03-14,2023,3,Q1,Paid Ad,21175,254,859.31
2023-03-14,2023,3,Q1,Direct,0,0,0.0
2023-03-14,2023,3,Q1,Referral,0,0,0.0
2023-03-15,2023,3,Q1,Organic Search,0,0,0.0
2023-03-15,2023,3,Q1,Social Media,11912,214,468.9
2023-03-15,2023,3,Q1,Email Campaign,6088,274,163.37
2023-03-15,2023,3,Q1,Paid Ad,19763,237,801.88
2023-03-15,2023,3,Q1,Direct,0,0,0.0
2023-03-15,2023,3,Q1,Referral,0,0,0.0
2023-03-16,2023,3,Q1,Organic Search,0,0,0.0
2023-03-16,2023,3,Q1,Social Media,13149,237,517.22
2023-03-16,2023,3,Q1,Email Campaign,5442,245,146.07
2023-03-16,2023,3,Q1,Paid Ad,23474,282,952.4
2023-03-16,2023,3,Q1,Direct,0,0,0.0
2023-03-16,2023,3,Q1,Referral,0,0,0.0
2023-03-17,2023,3,Q1,Organic Search,0,0,0.0
2023-03-17,2023,3,Q1,Social Media,10299,185,405.31
2023-03-17,2023,3,Q1,Email Campaign,6055,272,162.53
2023-03-17,2023,3,Q1,Paid Ad,21417,257,869.53
2023-03-17,2023,3,Q1,Direct,0,0,0.0
2023-03-17,2023,3,Q1,Referral,0,0,0.0
2023-03-18,2023,3,Q1,Organic Search,0,0,0.0
2023-03-18,2023,3,Q1,Social Media,12880,232,507.36
2023-03-18,2023,3,Q1,Email Campaign,6959,313,186.75
2023-03-18,2023,3,Q1,Paid Ad,26176,314,1061.92
2023-03-18,2023,3,Q1,Direct,0,0,0.0
2023-03-18,2023,3,Q1,Referral,0,0,0.0
2023-03-19,2023,3,Q1,Organic Search,0,0,0.0
2023-03-19,2023,3,Q1,Social Media,11320,204,445.76
2023-03-19,2023,3,Q1,Email Campaign,7002,315,187.86
2023-03-19,2023,3,Q1,Paid Ad,18997,228,771.14
2023-03-19,2023,3,Q1,Direct,0,0,0.0
2023-03-19,2023,3,Q1,Referral,0,0,0.0
2023-03-20,2023,3,Q1,Organic Search,0,0,0.0
2023-03-20,2023,3,Q1,Social Media,11051,199,434.78
2023-03-20,2023,3,Q1,Email Campaign,6615,298,177.52
2023-03-20,2023,3,Q1,Paid Ad,19683,236,798.66
2023-03-20,2023,3,Q1,Direct,0,0,0.0
2023-03-20,2023,3,Q1,Referral,0,0,0.0
2023-03-21,2023,3,Q1,Organic Search,0,0,0.0
2023-03-21,2023,3,Q1,Social Media,10836,195,426.95
2023-03-21,2023,3,Q1,Email Campaign,5754,259,154.58
2023-03-21,2023,3,Q1,Paid Ad,24079,289,976.22
2023-03-21,2023,3,Q1,Direct,0,0,0.0
2023-03-21,2023,3,Q1,Referral,0,0,0.0
2023-03-22,2023,3,Q1,Organic Search,0,0,0.0
2023-03-22,2023,3,Q1,Social Media,10218,184,402.13
2023-03-22,2023,3,Q1,Email Campaign,5356,241,143.84
2023-03-22,2023,3,Q1,Paid Ad,23111,277,938.01
2023-03-22,2023,3,Q1,Direct,0,0,0.0
2023-03-22,2023,3,Q1,Referral,0,0,0.0
2023-03-23,2023,3,Q1,Organic Search,0,0,0.0
2023-03-23,2023,3,Q1,Social Media,13740,247,541.2
2023-03-23,2023,3,Q1,Email Campaign,5797,261,155.77
2023-03-23,2023,3,Q1,Paid Ad,18594,223,754.64
2023-03-23,2023,3,Q1,Direct,0,0,0.0
2023-03-23,2023,3,Q1,Referral,0,0,0.0
2023-03-24,2023,3,Q1,Organic Search,0,0,0.0
2023-03-24,2023,3,Q1,Social Media,13982,252,550.19
2023-03-24,2023,3,Q1,Email Campaign,6593,297,177.09
2023-03-24,2023,3,Q1,Paid Ad,21780,261,883.17
2023-03-24,2023,3,Q1,Direct,0,0,0.0
2023-03-24,2023,3,Q1,Referral,0,0,0.0
2023-03-25,2023,3,Q1,Organic Search,0,0,0.0
2023-03-25,2023,3,Q1,Social Media,12880,232,506.64
2023-03-25,2023,3,Q1,Email Campaign,6700,302,179.91
2023-03-25,2023,3,Q1,Paid Ad,23434,281,950.97
2023-03-25,2023,3,Q1,Direct,0,0,0.0
2023-03-25,2023,3,Q1,Referral,0,0,0.0
2023-03-26,2023,3,Q1,Organic Search,0,0,0.0
2023-03-26,2023,3,Q1,Social Media,14117,254,556.19
2023-03-26,2023,3,Q1,Email Campaign,7507,338,201.58
2023-03-26,2023,3,Q1,Paid Ad,25410,305,1031.06
2023-03-26,2023,3,Q1,Direct,0,0,0.0
2023-03-26,2023,3,Q1,Referral,0,0,0.0
2023-03-27,2023,3,Q1,Organic Search,0,0,0.0
2023-03-27,2023,3,Q1,Social Media,10944,197,430.57
2023-03-27,2023,3,Q1,Email Campaign,6496,292,174.38
2023-03-27,2023,3,Q1,Paid Ad,21175,254,858.63
2023-03-27,2023,3,Q1,Direct,0,0,0.0
2023-03-27,2023,3,Q1,Referral,0,0,0.0
2023-03-28,2023,3,Q1,Organic Search,0,0,0.0
2023-03-28,2023,3,Q1,Social Media,12638,227,497.1
2023-03-28,2023,3,Q1,Email Campaign,6539,294,175.5
2023-03-28,2023,3,Q1,Paid Ad,18795,226,763.19
2023-03-28,2023,3,Q1,Direct,0,0,0.0
2023-03-28,2023,3,Q1,Referral,0,0,0.0
2023-03-29,2023,3,Q1,Organic Search,0,0,0.0
2023-03-29,2023,3,Q1,Social Media,11939,215,469.82
2023-03-29,2023,3,Q1,Email Campaign,5604,252,150.36
2023-03-29,2023,3,Q1,Paid Ad,18069,217,732.6
2023-03-29,2023,3,Q1,Direct,0,0,0.0
2023-03-29,2023,3,Q1,Referral,0,0,0.0
2023-03-30,2023,3,Q1,Organic Search,0,0,0.0
2023-03-30,2023,3,Q1,Social Media,12288,221,484.25
2023-03-30,2023,3,Q1,Email Campaign,7023,316,188.62
2023-03-30,2023,3,Q1,Paid Ad,17626,212,714.35
2023-03-30,2023,3,Q1,Direct,0,0,0.0
2023-03-30,2023,3,Q1,Referral,0,0,0.0
2023-03-31,2023,3,Q1,Organic Search,0,0,0.0
2023-03-31,2023,3,Q1,Social Media,11939,215,469.98
2023-03-31,2023,3,Q1,Email Campaign,6152,277,165.12
2023-03-31,2023,3,Q1,Paid Ad,20852,250,845.9
2023-03-31,2023,3,Q1,Direct,0,0,0.0
2023-03-31,2023,3,Q1,Referral,0,0,0.0
2023-04-01,2023,4,Q2,Organic Search,0,0,0.0
2023-04-01,2023,4,Q2,Social Media,13633,245,536.95
2023-04-01,2023,4,Q2,Email Campaign,6034,272,161.86
2023-04-01,2023,4,Q2,Paid Ad,24200,290,981.23
2023-04-01,2023,4,Q2,Direct,0,0,0.0
2023-04-01,2023,4,Q2,Referral,0,0,0.0
2023-04-02,2023,4,Q2,Organic Search,0,0,0.0
2023-04-02,2023,4,Q2,Social Media,12933,233,509.07
2023-04-02,2023,4,Q2,Email Campaign,5550,250,148.97
2023-04-02,2023,4,Q2,Paid Ad,26015,312,1055.36
2023-04-02,2023,4,Q2,Direct,0,0,0.0
2023-04-02,2023,4,Q2,Referral,0,0,0.0
2023-04-03,2023,4,Q2,Organic Search,0,0,0.0
2023-04-03,2023,4,Q2,Social Media,12880,232,507.32
2023-04-03,2023,4,Q2,Email Campaign,5872,264,157.72
2023-04-03,2023,4,Q2,Paid Ad,21014,252,853.02
2023-04-03,2023,4,Q2,Direct,0,0,0.0
2023-04-03,2023,4,Q2,Referral,0,0,0.0
2023-04-04,2023,4,Q2,Organic Search,0,0,0.0
2023-04-04,2023,4,Q2,Social Media,12987,234,511.69
2023-04-04,2023,4,Q2,Email Campaign,5959,268,159.87
2023-04-04,2023,4,Q2,Paid Ad,22143,266,898.24
2023-04-04,2023,4,Q2,Direct,0,0,0.0
2023-04-04,2023,4,Q2,Referral,0,0,0.0
2023-04-05,2023,4,Q2,Organic Search,0,0,0.0
2023-04-05,2023,4,Q2,Social Media,11670,210,459.96
2023-04-05,2023,4,Q2,Email Campaign,6464,291,173.55
2023-04-05,2023,4,Q2,Paid Ad,21175,254,859.15
2023-04-05,2023,4,Q2,Direct,0,0,0.0
2023-04-05,2023,4,Q2,Referral,0,0,0.0
2023-04-06,2023,4,Q2,Organic Search,0,0,0.0
2023-04-06,2023,4,Q2,Social Media,12154,219,478.49
2023-04-06,2023,4,Q2,Email Campaign,5260,237,141.1
2023-04-06,2023,4,Q2,Paid Ad,21135,254,856.88
2023-04-06,2023,4,Q2,Direct,0,0,0.0
2023-04-06,2023,4,Q2,Referral,0,0,0.0
2023-04-07,2023,4,Q2,Organic Search,0,0,0.0
2023-04-07,2023,4,Q2,Social Media,11159,201,439.83
2023-04-07,2023,4,Q2,Email Campaign,5550,250,149.05
2023-04-07,2023,4,Q2,Paid Ad,19320,232,783.03
2023-04-07,2023,4,Q2,Direct,0,0,0.0
2023-04-07,2023,4,Q2,Referral,0,0,0.0
2023-04-08,2023,4,Q2,Organic Search,0,0,0.0
2023-04-08,2023,4,Q2,Social Media,12584,227,495.63
2023-04-08,2023,4,Q2,Email Campaign,7873,354,211.33
2023-04-08,2023,4,Q2,Paid Ad,26297,316,1065.9
2023-04-08,2023,4,Q2,Direct,0,0,0.0
2023-04-08,2023,4,Q2,Referral,0,0,0.0
2023-04-09,2023,4,Q2,Organic Search,0,0,0.0
2023-04-09,2023,4,Q2,Social Media,15865,286,625.11
2023-04-09,2023,4,Q2,Email Campaign,6066,273,162.97
2023-04-09,2023,4,Q2,Paid Ad,23877,287,968.79
2023-04-09,2023,4,Q2,Direct,0,0,0.0
2023-04-09,2023,4,Q2,Referral,0,0,0.0
2023-04-10,2023,4,Q2,Organic Search,0,0,0.0
2023-04-10,2023,4,Q2,Social Media,10729,193,422.41
2023-04-10,2023,4,Q2,Email Campaign,5528,249,148.33
2023-04-10,2023,4,Q2,Paid Ad,19118,229,776.11
2023-04-10,2023,4,Q2,Direct,0,0,0.0
2023-04-10,2023,4,Q2,Referral,0,0,0.0
2023-04-11,2023,4,Q2,Organic Search,0,0,0.0
2023-04-11,2023,4,Q2,Social Media,13149,237,517.9
2023-04-11,2023,4,Q2,Email Campaign,5668,255,152.07
2023-04-11,2023,4,Q2,Paid Ad,22425,269,909.25
2023-04-11,2023,4,Q2,Direct,0,0,0.0
2023-04-11,2023,4,Q2,Referral,0,0,0.0
2023-04-12,2023,4,Q2,Organic Search,0,0,0.0
2023-04-12,2023,4,Q2,Social Media,12557,226,493.96
2023-04-12,2023,4,Q2,Email Campaign,6927,312,185.99
2023-04-12,2023,4,Q2,Paid Ad,18190,218,738.53
2023-04-12,2023,4,Q2,Direct,0,0,0.0
2023-04-12,2023,4,Q2,Referral,0,0,0.0
2023-04-13,2023,4,Q2,Organic Search,0,0,0.0
2023-04-13,2023,4,Q2,Social Media,13175,237,518.65
2023-04-13,2023,4,Q2,Email Campaign,6389,287,171.44
2023-04-13,2023,4,Q2,Paid Ad,19037,228,772.41
2023-04-13,2023,4,Q2,Direct,0,0,0.0
2023-04-13,2023,4,Q2,Referral,0,0,0.0
2023-04-14,2023,4,Q2,Organic Search,0,0,0.0
2023-04-14,2023,4,Q2,Social Media,12933,233,509.15
2023-04-14,2023,4,Q2,Email Campaign,6012,271,161.26
2023-04-14,2023,4,Q2,Paid Ad,20288,243,822.4
2023-04-14,2023,4,Q2,Direct,0,0,0.0
2023-04-14,2023,4,Q2,Referral,0,0,0.0
2023-04-15,2023,4,Q2,Organic Search,0,0,0.0
2023-04-15,2023,4,Q2,Social Media,12853,231,506.13
2023-04-15,2023,4,Q2,Email Campaign,6346,286,170.21
2023-04-15,2023,4,Q2,Paid Ad,27628,332,1121.26
2023-04-15,2023,4,Q2,Direct,0,0,0.0
2023-04-15,2023,4,Q2,Referral,0,0,0.0
2023-04-16,2023,4,Q2,Organic Search,0,0,0.0
2023-04-16,2023,4,Q2,Social Media,13767,248,541.92
2023-04-16,2023,4,Q2,Email Campaign,7153,322,191.92
2023-04-16,2023,4,Q2,Paid Ad,22264,267,902.33
2023-04-16,2023,4,Q2,Direct,0,0,0.0
2023-04-16,2023,4,Q2,Referral,0,0,0.0
2023-04-17,2023,4,Q2,Organic Search,0,0,0.0
2023-04-17,2023,4,Q2,Social Media,11213,202,441.78
2023-04-17,2023,4,Q2,Email Campaign,6356,286,170.64
2023-04-17,2023,4,Q2,Paid Ad,18432,221,747.2
2023-04-17,2023,4,Q2,Direct,0,0,0.0
2023-04-17,2023,4,Q2,Referral,0,0,0.0
2023-04-18,2023,4,Q2,Organic Search,0,0,0.0
2023-04-18,2023,4,Q2,Social Media,11562,208,455.54
2023-04-18,2023,4,Q2,Email Campaign,5862,264,157.48
2023-04-18,2023,4,Q2,Paid Ad,20852,250,845.11
2023-04-18,2023,4,Q2,Direct,0,0,0.0
2023-04-18,2023,4,Q2,Referral,0,0,0.0
2023-04-19,2023,4,Q2,Organic Search,0,0,0.0
2023-04-19,2023,4,Q2,Social Media,11804,212,464.41
2023-04-19,2023,4,Q2,Email Campaign,6034,272,162.01
2023-04-19,2023,4,Q2,Paid Ad,21780,261,884.08
2023-04-19,2023,4,Q2,Direct,0,0,0.0
2023-04-19,2023,4,Q2,Referral,0,0,0.0
2023-04-20,2023,4,Q2,Organic Search,0,0,0.0
2023-04-20,2023,4,Q2,Social Media,12665,228,498.89
2023-04-20,2023,4,Q2,Email Campaign,5388,242,144.68
2023-04-20,2023,4,Q2,Paid Ad,20167,242,818.62
2023-04-20,2023,4,Q2,Direct,0,0,0.0
2023-04-20,2023,4,Q2,Referral,0,0,0.0
2023-04-21,2023,4,Q2,Organic Search,0,0,0.0
2023-04-21,2023,4,Q2,Social Media,13122,236,516.23
2023-04-21,2023,4,Q2,Email Campaign,6271,282,168.3
2023-04-21,2023,4,Q2,Paid Ad,18392,221,745.65
2023-04-21,2023,4,Q2,Direct,0,0,0.0
2023-04-21,2023,4,Q2,Referral,0,0,0.0
2023-04-22,2023,4,Q2,Organic Search,0,0,0.0
2023-04-22,2023,4,Q2,Social Media,14143,255,557.11
2023-04-22,2023,4,Q2,Email Campaign,5668,255,152.03
2023-04-22,2023,4,Q2,Paid Ad,23837,286,966.92
2023-04-22,2023,4,Q2,Direct,0,0,0.0
2023-04-22,2023,4,Q2,Referral,0,0,0.0
2023-04-23,2023,4,Q2,Organic Search,0,0,0.0
2023-04-23,2023,4,Q2,Social Media,15865,286,624.12
2023-04-23,2023,4,Q2,Email Campaign,6216,280,166.91
2023-04-23,2023,4,Q2,Paid Ad,22183,266,899.03
2023-04-23,2023,4,Q2,Direct,0,0,0.0
2023-04-23,2023,4,Q2,Referral,0,0,0.0
2023-04-24,2023,4,Q2,Organic Search,0,0,0.0
2023-04-24,2023,4,Q2,Social Media,12691,228,499.96
2023-04-24,2023,4,Q2,Email Campaign,5130,231,137.68
2023-04-24,2023,4,Q2,Paid Ad,19602,235,795.24
2023-04-24,2023,4,Q2,Direct,0,0,0.0
2023-04-24,2023,4,Q2,Referral,0,0,0.0
2023-04-25,2023,4,Q2,Organic Search,0,0,0.0
2023-04-25,2023,4,Q2,Social Media,12530,226,493.68
2023-04-25,2023,4,Q2,Email Campaign,5550,250,149.09
2023-04-25,2023,4,Q2,Paid Ad,20247,243,821.84
2023-04-25,2023,4,Q2,Direct,0,0,0.0
2023-04-25,2023,4,Q2,Referral,0,0,0.0
2023-04-26,2023,4,Q2,Organic Search,0,0,0.0
2023-04-26,2023,4,Q2,Social Media,12691,228,499.25
2023-04-26,2023,4,Q2,Email Campaign,6045,272,162.37
2023-04-26,2023,4,Q2,Paid Ad,21094,253,855.53
2023-04-26,2023,4,Q2,Direct,0,0,0.0
2023-04-26,2023,4,Q2,Referral,0,0,0.0
2023-04-27,2023,4,Q2,Organic Search,0,0,0.0
2023-04-27,2023,4,Q2,Social Media,11643,210,458.4
2023-04-27,2023,4,Q2,Email Campaign,6023,271,161.74
2023-04-27,2023,4,Q2,Paid Ad,20449,245,829.36
2023-04-27,2023,4,Q2,Direct,0,0,0.0
2023-04-27,2023,4,Q2,Referral,0,0,0.0
2023-04-28,2023,4,Q2,Organic Search,0,0,0.0
2023-04-28,2023,4,Q2,Social Media,12396,223,488.43
2023-04-28,2023,4,Q2,Email Campaign,5614,253,150.84
2023-04-28,2023,4,Q2,Paid Ad,20368,244,825.42
2023-04-28,2023,4,Q2,Direct,0,0,0.0
2023-04-28,2023,4,Q2,Referral,0,0,0.0
2023-04-29,2023,4,Q2,Organic Search,0,0,0.0
2023-04-29,2023,4,Q2,Social Media,12665,228,498.93
2023-04-29,2023,4,Q2,Email Campaign,6712,302,180.11
2023-04-29,2023,4,Q2,Paid Ad,22224,267,900.82
2023-04-29,2023,4,Q2,Direct,0,0,0.0
2023-04-29,2023,4,Q2,Referral,0,0,0.0
2023-04-30,2023,4,Q2,Organic Search,0,0,0.0
2023-04-30,2023,4,Q2,Social Media,12530,226,493.56
2023-04-30,2023,4,Q2,Email Campaign,6873,309,184.36
2023-04-30,2023,4,Q2,Paid Ad,24160,290,979.72
2023-04-30,2023,4,Q2,Direct,0,0,0.0
2023-04-30,2023,4,Q2,Referral,0,0,0.0
2023-05-01,2023,5,Q2,Organic Search,0,0,0.0
2023-05-01,2023,5,Q2,Social Media,12719,229,500.68
2023-05-01,2023,5,Q2,Email Campaign,5647,254,151.64
2023-05-01,2023,5,Q2,Paid Ad,21336,256,864.99
2023-05-01,2023,5,Q2,Direct,0,0,0.0
2023-05-01,2023,5,Q2,Referral,0,0,0.0
2023-05-02,2023,5,Q2,Organic Search,0,0,0.0
2023-05-02,2023,5,Q2,Social Media,12503,225,491.97
2023-05-02,2023,5,Q2,Email Campaign,6055,272,162.65
2023-05-02,2023,5,Q2,Paid Ad,19279,231,782.31
2023-05-02,2023,5,Q2,Direct,0,0,0.0
2023-05-02,2023,5,Q2,Referral,0,0,0.0
2023-05-03,2023,5,Q2,Organic Search,0,0,0.0
2023-05-03,2023,5,Q2,Social Media,12100,218,476.82
2023-05-03,2023,5,Q2,Email Campaign,6023,271,161.66
2023-05-03,2023,5,Q2,Paid Ad,20651,248,838.15
2023-05-03,2023,5,Q2,Direct,0,0,0.0
2023-05-03,2023,5,Q2,Referral,0,0,0.0
2023-05-04,2023,5,Q2,Organic Search,0,0,0.0
2023-05-04,2023,5,Q2,Social Media,9976,180,392.55
2023-05-04,2023,5,Q2,Email Campaign,5926,267,159.07
2023-05-04,2023,5,Q2,Paid Ad,24321,292,985.93
2023-05-04,2023,5,Q2,Direct,0,0,0.0
2023-05-04,2023,5,Q2,Referral,0,0,0.0
2023-05-05,2023,5,Q2,Organic Search,0,0,0.0
2023-05-05,2023,5,Q2,Social Media,11616,209,457.61
2023-05-05,2023,5,Q2,Email Campaign,5507,248,147.94
2023-05-05,2023,5,Q2,Paid Ad,21256,255,862.69
2023-05-05,2023,5,Q2,Direct,0,0,0.0
2023-05-05,2023,5,Q2,Referral,0,0,0.0
2023-05-06,2023,5,Q2,Organic Search,0,0,0.0
2023-05-06,2023,5,Q2,Social Media,14117,254,555.4
2023-05-06,2023,5,Q2,Email Campaign,7367,332,197.85
2023-05-06,2023,5,Q2,Paid Ad,21377,257,866.38
2023-05-06,2023,5,Q2,Direct,0,0,0.0
2023-05-06,2023,5,Q2,Referral,0,0,0.0
2023-05-07,2023,5,Q2,Organic Search,0,0,0.0
2023-05-07,2023,5,Q2,Social Media,14574,262,573.57
2023-05-07,2023,5,Q2,Email Campaign,7045,317,189.14
2023-05-07,2023,5,Q2,Paid Ad,23474,282,952.36
2023-05-07,2023,5,Q2,Direct,0,0,0.0
2023-05-07,2023,5,Q2,Referral,0,0,0.0
2023-05-08,2023,5,Q2,Organic Search,0,0,0.0
2023-05-08,2023,5,Q2,Social Media,12288,221,483.94
2023-05-08,2023,5,Q2,Email Campaign,6335,285,170.01
2023-05-08,2023,5,Q2,Paid Ad,22103,265,896.13
2023-05-08,2023,5,Q2,Direct,0,0,0.0
2023-05-08,2023,5,Q2,Referral,0,0,0.0
2023-05-09,2023,5,Q2,Organic Search,0,0,0.0
2023-05-09,2023,5,Q2,Social Media,10863,196,428.1
2023-05-09,2023,5,Q2,Email Campaign,6238,281,167.34
2023-05-09,2023,5,Q2,Paid Ad,20530,246,833.34
2023-05-09,2023,5,Q2,Direct,0,0,0.0
2023-05-09,2023,5,Q2,Referral,0,0,0.0
2023-05-10,2023,5,Q2,Organic Search,0,0,0.0
2023-05-10,2023,5,Q2,Social Media,12046,217,473.95
2023-05-10,2023,5,Q2,Email Campaign,5884,265,158.0
2023-05-10,2023,5,Q2,Paid Ad,20409,245,827.61
2023-05-10,2023,5,Q2,Direct,0,0,0.0
2023-05-10,2023,5,Q2,Referral,0,0,0.0
2023-05-11,2023,5,Q2,Organic Search,0,0,0.0
2023-05-11,2023,5,Q2,Social Media,13122,236,516.11
2023-05-11,2023,5,Q2,Email Campaign,5808,261,156.01
2023-05-11,2023,5,Q2,Paid Ad,18795,226,762.63
2023-05-11,2023,5,Q2,Direct,0,0,0.0
2023-05-11,2023,5,Q2,Referral,0,0,0.0
2023-05-12,2023,5,Q2,Organic Search,0,0,0.0
2023-05-12,2023,5,Q2,Social Media,11589,209,456.34
2023-05-12,2023,5,Q2,Email Campaign,5937,267,159.31
2023-05-12,2023,5,Q2,Paid Ad,22667,272,920.03
2023-05-12,2023,5,Q2,Direct,0,0,0.0
2023-05-12,2023,5,Q2,Referral,0,0,0.0
2023-05-13,2023,5,Q2,Organic Search,0,0,0.0
2023-05-13,2023,5,Q2,Social Media,14439,260,568.01
2023-05-13,2023,5,Q2,Email Campaign,6271,282,168.34
2023-05-13,2023,5,Q2,Paid Ad,28475,342,1154.82
2023-05-13,2023,5,Q2,Direct,0,0,0.0
2023-05-13,2023,5,Q2,Referral,0,0,0.0
2023-05-14,2023,5,Q2,Organic Search,0,0,0.0
2023-05-14,2023,5,Q2,Social Media,14063,253,553.33
2023-05-14,2023,5,Q2,Email Campaign,7411,333,199.04
2023-05-14,2023,5,Q2,Paid Ad,23474,282,951.61
2023-05-14,2023,5,Q2,Direct,0,0,0.0
2023-05-14,2023,5,Q2,Referral,0,0,0.0
2023-05-15,2023,5,Q2,Organic Search,0,0,0.0
2023-05-15,2023,5,Q2,Social Media,12477,225,491.29
2023-05-15,2023,5,Q2,Email Campaign,6249,281,167.62
2023-05-15,2023,5,Q2,Paid Ad,22667,272,919.28
2023-05-15,2023,5,Q2,Direct,0,0,0.0
2023-05-15,2023,5,Q2,Referral,0,0,0.0
2023-05-16,2023,5,Q2,Organic Search,0,0,0.0
2023-05-16,2023,5,Q2,Social Media,12987,234,511.06
2023-05-16,2023,5,Q2,Email Campaign,6260,282,168.02
2023-05-16,2023,5,Q2,Paid Ad,20126,242,816.55
2023-05-16,2023,5,Q2,Direct,0,0,0.0
2023-05-16,2023,5,Q2,Referral,0,0,0.0
2023-05-17,2023,5,Q2,Organic Search,0,0,0.0
2023-05-17,2023,5,Q2,Social Media,11428,206,449.62
2023-05-17,2023,5,Q2,Email Campaign,6002,270,161.22
2023-05-17,2023,5,Q2,Paid Ad,22183,266,900.19
2023-05-17,2023,5,Q2,Direct,0,0,0.0
2023-05-17,2023,5,Q2,Referral,0,0,0.0
2023-05-18,2023,5,Q2,Organic Search,0,0,0.0
2023-05-18,2023,5,Q2,Social Media,11751,212,462.78
2023-05-18,2023,5,Q2,Email Campaign,6346,286,170.45
2023-05-18,2023,5,Q2,Paid Ad,23030,276,934.98
2023-05-18,2023,5,Q2,Direct,0,0,0.0
2023-05-18,2023,5,Q2,Referral,0,0,0.0
2023-05-19,2023,5,Q2,Organic Search,0,0,0.0
2023-05-19,2023,5,Q2,Social Media,11078,199,436.65
2023-05-19,2023,5,Q2,Email Campaign,5464,246,146.54
2023-05-19,2023,5,Q2,Paid Ad,20409,245,828.25
2023-05-19,2023,5,Q2,Direct,0,0,0.0
2023-05-19,2023,5,Q2,Referral,0,0,0.0
2023-05-20,2023,5,Q2,Organic Search,0,0,0.0
2023-05-20,2023,5,Q2,Social Media,14090,254,555.2
2023-05-20,2023,5,Q2,Email Campaign,6443,290,173.03
2023-05-20,2023,5,Q2,Paid Ad,26297,316,1067.53
2023-05-20,2023,5,Q2,Direct,0,0,0.0
2023-05-20,2023,5,Q2,Referral,0,0,0.0
2023-05-21,2023,5,Q2,Organic Search,0,0,0.0
2023-05-21,2023,5,Q2,Social Media,14224,256,560.25
2023-05-21,2023,5,Q2,Email Campaign,6755,304,181.18
2023-05-21,2023,5,Q2,Paid Ad,21014,252,852.66
2023-05-21,2023,5,Q2,Direct,0,0,0.0
2023-05-21,2023,5,Q2,Referral,0,0,0.0
2023-05-22,2023,5,Q2,Organic Search,0,0,0.0
2023-05-22,2023,5,Q2,Social Media,10702,193,421.58
2023-05-22,2023,5,Q2,Email Campaign,5980,269,160.58
2023-05-22,2023,5,Q2,Paid Ad,17142,206,694.75
2023-05-22,2023,5,Q2,Direct,0,0,0.0
2023-05-22,2023,5,Q2,Referral,0,0,0.0
2023-05-23,2023,5,Q2,Organic Search,0,0,0.0
2023-05-23,2023,5,Q2,Social Media,12933,233,509.35
2023-05-23,2023,5,Q2,Email Campaign,5776,260,155.09
2023-05-23,2023,5,Q2,Paid Ad,26015,312,1055.0
2023-05-23,2023,5,Q2,Direct,0,0,0.0
2023-05-23,2023,5,Q2,Referral,0,0,0.0
2023-05-24,2023,5,Q2,Organic Search,0,0,0.0
2023-05-24,2023,5,Q2,Social Media,14171,255,558.18
2023-05-24,2023,5,Q2,Email Campaign,5765,259,154.78
2023-05-24,2023,5,Q2,Paid Ad,20489,246,830.55
2023-05-24,2023,5,Q2,Direct,0,0,0.0
2023-05-24,2023,5,Q2,Referral,0,0,0.0
2023-05-25,2023,5,Q2,Organic Search,0,0,0.0
2023-05-25,2023,5,Q2,Social Media,12933,233,508.71
2023-05-25,2023,5,Q2,Email Campaign,6647,299,178.48
2023-05-25,2023,5,Q2,Paid Ad,17948,215,727.87
2023-05-25,2023,5,Q2,Direct,0,0,0.0
2023-05-25,2023,5,Q2,Referral,0,0,0.0
2023-05-26,2023,5,Q2,Organic Search,0,0,0.0
2023-05-26,2023,5,Q2,Social Media,10245,184,403.84
2023-05-26,2023,5,Q2,Email Campaign,5561,250,149.25
2023-05-26,2023,5,Q2,Paid Ad,21619,259,876.72
2023-05-26,2023,5,Q2,Direct,0,0,0.0
2023-05-26,2023,5,Q2,Referral,0,0,0.0
2023-05-27,2023,5,Q2,Organic Search,0,0,0.0
2023-05-27,2023,5,Q2,Social Media,14305,257,563.39
2023-05-27,2023,5,Q2,Email Campaign,7303,329,196.1
2023-05-27,2023,5,Q2,Paid Ad,21457,257,870.88
2023-05-27,2023,5,Q2,Direct,0,0,0.0
2023-05-27,2023,5,Q2,Referral,0,0,0.0
2023-05-28,2023,5,Q2,Organic Search,0,0,0.0
2023-05-28,2023,5,Q2,Social Media,11213,202,441.46
2023-05-28,2023,5,Q2,Email Campaign,7196,324,193.03
2023-05-28,2023,5,Q2,Paid Ad,22183,266,899.47
2023-05-28,2023,5,Q2,Direct,0,0,0.0
2023-05-28,2023,5,Q2,Referral,0,0,0.0
2023-05-29,2023,5,Q2,Organic Search,0,0,0.0
2023-05-29,2023,5,Q2,Social Media,10029,181,395.09
2023-05-29,2023,5,Q2,Email Campaign,5915,266,158.87
2023-05-29,2023,5,Q2,Paid Ad,21941,263,890.8
2023-05-29,2023,5,Q2,Direct,0,0,0.0
2023-05-29,2023,5,Q2,Referral,0,0,0.0
2023-05-30,2023,5,Q2,Organic Search,0,0,0.0
2023-05-30,2023,5,Q2,Social Media,11858,213,466.6
2023-05-30,2023,5,Q2,Email Campaign,5636,254,151.32
2023-05-30,2023,5,Q2,Paid Ad,20368,244,826.97
2023-05-30,2023,5,Q2,Direct,0,0,0.0
2023-05-30,2023,5,Q2,Referral,0,0,0.0
2023-05-31,2023,5,Q2,Organic Search,0,0,0.0
2023-05-31,2023,5,Q2,Social Media,11616,209,457.21
2023-05-31,2023,5,Q2,Email Campaign,5217,235,140.14
2023-05-31,2023,5,Q2,Paid Ad,19481,234,789.75
2023-05-31,2023,5,Q2,Direct,0,0,0.0
2023-05-31,2023,5,Q2,Referral,0,0,0.0
2023-06-01,2023,6,Q2,Organic Search,0,0,0.0
2023-06-01,2023,6,Q2,Social Media,12477,225,490.82
2023-06-01,2023,6,Q2,Email Campaign,6002,270,161.1
2023-06-01,2023,6,Q2,Paid Ad,20933,251,848.93
2023-06-01,2023,6,Q2,Direct,0,0,0.0
2023-06-01,2023,6,Q2,Referral,0,0,0.0
2023-06-02,2023,6,Q2,Organic Search,0,0,0.0
2023-06-02,2023,6,Q2,Social Media,11025,198,433.67
2023-06-02,2023,6,Q2,Email Campaign,5765,259,154.78
2023-06-02,2023,6,Q2,Paid Ad,17061,205,691.76
2023-06-02,2023,6,Q2,Direct,0,0,0.0
2023-06-02,2023,6,Q2,Referral,0,0,0.0
2023-06-03,2023,6,Q2,Organic Search,0,0,0.0
2023-06-03,2023,6,Q2,Social Media,13955,251,549.59
2023-06-03,2023,6,Q2,Email Campaign,7497,337,201.27
2023-06-03,2023,6,Q2,Paid Ad,20933,251,849.72
2023-06-03,2023,6,Q2,Direct,0,0,0.0
2023-06-03,2023,6,Q2,Referral,0,0,0.0
2023-06-04,2023,6,Q2,Organic Search,0,0,0.0
2023-06-04,2023,6,Q2,Social Media,13122,236,516.47
2023-06-04,2023,6,Q2,Email Campaign,6905,311,185.36
2023-06-04,2023,6,Q2,Paid Ad,26136,314,1059.85
2023-06-04,2023,6,Q2,Direct,0,0,0.0
2023-06-04,2023,6,Q2,Referral,0,0,0.0
2023-06-05,2023,6,Q2,Organic Search,0,0,0.0
2023-06-05,2023,6,Q2,Social Media,11535,208,454.27
2023-06-05,2023,6,Q2,Email Campaign,5528,249,148.37
2023-06-05,2023,6,Q2,Paid Ad,17384,209,705.72
2023-06-05,2023,6,Q2,Direct,0,0,0.0
2023-06-05,2023,6,Q2,Referral,0,0,0.0
2023-06-06,2023,6,Q2,Organic Search,0,0,0.0
2023-06-06,2023,6,Q2,Social Media,12073,217,475.11
2023-06-06,2023,6,Q2,Email Campaign,6808,306,182.73
2023-06-06,2023,6,Q2,Paid Ad,21094,253,856.24
2023-06-06,2023,6,Q2,Direct,0,0,0.0
2023-06-06,2023,6,Q2,Referral,0,0,0.0
2023-06-07,2023,6,Q2,Organic Search,0,0,0.0
2023-06-07,2023,6,Q2,Social Media,11939,215,470.34
2023-06-07,2023,6,Q2,Email Campaign,6002,270,161.1
2023-06-07,2023,6,Q2,Paid Ad,20651,248,836.92
2023-06-07,2023,6,Q2,Direct,0,0,0.0
2023-06-07,2023,6,Q2,Referral,0,0,0.0
2023-06-08,2023,6,Q2,Organic Search,0,0,0.0
2023-06-08,2023,6,Q2,Social Media,11186,201,440.55
2023-06-08,2023,6,Q2,Email Campaign,6238,281,167.38
2023-06-08,2023,6,Q2,Paid Ad,21014,252,852.78
2023-06-08,2023,6,Q2,Direct,0,0,0.0
2023-06-08,2023,6,Q2,Referral,0,0,0.0
2023-06-09,2023,6,Q2,Organic Search,0,0,0.0
2023-06-09,2023,6,Q2,Social Media,11993,216,471.85
2023-06-09,2023,6,Q2,Email Campaign,5400,243,144.79
2023-06-09,2023,6,Q2,Paid Ad,22788,273,925.0
2023-06-09,2023,6,Q2,Direct,0,0,0.0
2023-06-09,2023,6,Q2,Referral,0,0,0.0
2023-06-10,2023,6,Q2,Organic Search,0,0,0.0
2023-06-10,2023,6,Q2,Social Media,14493,261,570.67
2023-06-10,2023,6,Q2,Email Campaign,6432,289,172.63
2023-06-10,2023,6,Q2,Paid Ad,25652,308,1040.53
2023-06-10,2023,6,Q2,Direct,0,0,0.0
2023-06-10,2023,6,Q2,Referral,0,0,0.0
2023-06-11,2023,6,Q2,Organic Search,0,0,0.0
2023-06-11,2023,6,Q2,Social Media,13203,238,520.28
2023-06-11,2023,6,Q2,Email Campaign,6303,284,169.33
2023-06-11,2023,6,Q2,Paid Ad,22304,268,904.76
2023-06-11,2023,6,Q2,Direct,0,0,0.0
2023-06-11,2023,6,Q2,Referral,0,0,0.0
2023-06-12,2023,6,Q2,Organic Search,0,0,0.0
2023-06-12,2023,6,Q2,Social Media,10271,185,404.44
2023-06-12,2023,6,Q2,Email Campaign,6077,273,163.01
2023-06-12,2023,6,Q2,Paid Ad,17626,212,714.95
2023-06-12,2023,6,Q2,Direct,0,0,0.0
2023-06-12,2023,6,Q2,Referral,0,0,0.0
2023-06-13,2023,6,Q2,Organic Search,0,0,0.0
2023-06-13,2023,6,Q2,Social Media,10783,194,424.88
2023-06-13,2023,6,Q2,Email Campaign,4883,220,131.0
2023-06-13,2023,6,Q2,Paid Ad,20489,246,831.87
2023-06-13,2023,6,Q2,Direct,0,0,0.0
2023-06-13,2023,6,Q2,Referral,0,0,0.0
2023-06-14,2023,6,Q2,Organic Search,0,0,0.0
2023-06-14,2023,6,Q2,Social Media,11831,213,465.52
2023-06-14,2023,6,Q2,Email Campaign,5701,257,152.95
2023-06-14,2023,6,Q2,Paid Ad,18916,227,767.8
2023-06-14,2023,6,Q2,Direct,0,0,0.0
2023-06-14,2023,6,Q2,Referral,0,0,0.0
2023-06-15,2023,6,Q2,Organic Search,0,0,0.0
2023-06-15,2023,6,Q2,Social Media,10836,195,426.99
2023-06-15,2023,6,Q2,Email Campaign,6066,273,162.89
2023-06-15,2023,6,Q2,Paid Ad,19723,237,800.77
2023-06-15,2023,6,Q2,Direct,0,0,0.0
2023-06-15,2023,6,Q2,Referral,0,0,0.0
2023-06-16,2023,6,Q2,Organic Search,0,0,0.0
2023-06-16,2023,6,Q2,Social Media,12261,221,483.1
2023-06-16,2023,6,Q2,Email Campaign,5431,244,145.95
2023-06-16,2023,6,Q2,Paid Ad,20933,251,849.8
2023-06-16,2023,6,Q2,Direct,0,0,0.0
2023-06-16,2023,6,Q2,Referral,0,0,0.0
2023-06-17,2023,6,Q2,Organic Search,0,0,0.0
2023-06-17,2023,6,Q2,Social Media,15192,273,598.35
2023-06-17,2023,6,Q2,Email Campaign,7045,317,189.1
2023-06-17,2023,6,Q2,Paid Ad,22950,275,931.52
2023-06-17,2023,6,Q2,Direct,0,0,0.0
2023-06-17,2023,6,Q2,Referral,0,0,0.0
2023-06-18,2023,6,Q2,Organic Search,0,0,0.0
2023-06-18,2023,6,Q2,Social Media,14036,253,553.01
2023-06-18,2023,6,Q2,Email Campaign,6604,297,177.13
2023-06-18,2023,6,Q2,Paid Ad,23756,285,963.93
2023-06-18,2023,6,Q2,Direct,0,0,0.0
2023-06-18,2023,6,Q2,Referral,0,0,0.0
2023-06-19,2023,6,Q2,Organic Search,0,0,0.0
2023-06-19,2023,6,Q2,Social Media,11643,210,458.92
2023-06-19,2023,6,Q2,Email Campaign,5776,260,155.02
2023-06-19,2023,6,Q2,Paid Ad,21014,252,851.87
2023-06-19,2023,6,Q2,Direct,0,0,0.0
2023-06-19,2023,6,Q2,Referral,0,0,0.0
2023-06-20,2023,6,Q2,Organic Search,0,0,0.0
2023-06-20,2023,6,Q2,Social Media,11025,198,433.75
2023-06-20,2023,6,Q2,Email Campaign,5378,242,144.32
2023-06-20,2023,6,Q2,Paid Ad,18352,220,744.61
2023-06-20,2023,6,Q2,Direct,0,0,0.0
2023-06-20,2023,6,Q2,Referral,0,0,0.0
2023-06-21,2023,6,Q2,Organic Search,0,0,0.0
2023-06-21,2023,6,Q2,Social Media,10433,188,410.84
2023-06-21,2023,6,Q2,Email Campaign,5281,238,141.77
2023-06-21,2023,6,Q2,Paid Ad,20933,251,848.33
2023-06-21,2023,6,Q2,Direct,0,0,0.0
2023-06-21,2023,6,Q2,Referral,0,0,0.0
2023-06-22,2023,6,Q2,Organic Search,0,0,0.0
2023-06-22,2023,6,Q2,Social Media,11105,200,437.53
2023-06-22,2023,6,Q2,Email Campaign,6088,274,163.53
2023-06-22,2023,6,Q2,Paid Ad,20691,248,839.98
2023-06-22,2023,6,Q2,Direct,0,0,0.0
2023-06-22,2023,6,Q2,Referral,0,0,0.0
2023-06-23,2023,6,Q2,Organic Search,0,0,0.0
2023-06-23,2023,6,Q2,Social Media,10083,182,396.96
2023-06-23,2023,6,Q2,Email Campaign,6163,277,165.32
2023-06-23,2023,6,Q2,Paid Ad,21982,264,891.99
2023-06-23,2023,6,Q2,Direct,0,0,0.0
2023-06-23,2023,6,Q2,Referral,0,0,0.0
2023-06-24,2023,6,Q2,Organic Search,0,0,0.0
2023-06-24,2023,6,Q2,Social Media,12665,228,498.77
2023-06-24,2023,6,Q2,Email Campaign,6959,313,186.67
2023-06-24,2023,6,Q2,Paid Ad,22103,265,897.32
2023-06-24,2023,6,Q2,Direct,0,0,0.0
2023-06-24,2023,6,Q2,Referral,0,0,0.0
2023-06-25,2023,6,Q2,Organic Search,0,0,0.0
2023-06-25,2023,6,Q2,Social Media,13875,250,546.09
2023-06-25,2023,6,Q2,Email Campaign,6045,272,162.37
2023-06-25,2023,6,Q2,Paid Ad,20328,244,825.14
2023-06-25,2023,6,Q2,Direct,0,0,0.0
2023-06-25,2023,6,Q2,Referral,0,0,0.0
2023-06-26,2023,6,Q2,Organic Search,0,0,0.0
2023-06-26,2023,6,Q2,Social Media,11589,209,456.73
2023-06-26,2023,6,Q2,Email Campaign,5797,261,155.49
2023-06-26,2023,6,Q2,Paid Ad,20005,240,810.99
2023-06-26,2023,6,Q2,Direct,0,0,0.0
2023-06-26,2023,6,Q2,Referral,0,0,0.0
2023-06-27,2023,6,Q2,Organic Search,0,0,0.0
2023-06-27,2023,6,Q2,Social Media,10836,195,426.55
2023-06-27,2023,6,Q2,Email Campaign,5668,255,152.03
2023-06-27,2023,6,Q2,Paid Ad,21094,253,855.73
2023-06-27,2023,6,Q2,Direct,0,0,0.0
2023-06-27,2023,6,Q2,Referral,0,0,0.0
2023-06-28,2023,6,Q2,Organic Search,0,0,0.0
2023-06-28,2023,6,Q2,Social Media,11912,214,469.5
2023-06-28,2023,6,Q2,Email Campaign,5937,267,159.35
2023-06-28,2023,6,Q2,Paid Ad,19562,235,792.77
2023-06-28,2023,6,Q2,Direct,0,0,0.0
2023-06-28,2023,6,Q2,Referral,0,0,0.0
2023-06-29,2023,6,Q2,Organic Search,0,0,0.0
2023-06-29,2023,6,Q2,Social Media,13095,236,515.35
2023-06-29,2023,6,Q2,Email Campaign,5303,239,142.29
2023-06-29,2023,6,Q2,Paid Ad,21457,257,870.32
2023-06-29,2023,6,Q2,Direct,0,0,0.0
2023-06-29,2023,6,Q2,Referral,0,0,0.0
2023-06-30,2023,6,Q2,Organic Search,0,0,0.0
2023-06-30,2023,6,Q2,Social Media,13095,236,515.75
2023-06-30,2023,6,Q2,Email Campaign,6077,273,163.09
2023-06-30,2023,6,Q2,Paid Ad,20328,244,824.07
2023-06-30,2023,6,Q2,Direct,0,0,0.0
2023-06-30,2023,6,Q2,Referral,0,0,0.0
2023-07-01,2023,7,Q3,Organic Search,0,0,0.0
2023-07-01,2023,7,Q3,Social Media,15165,273,596.8
2023-07-01,2023,7,Q3,Email Campaign,8379,377,224.93
2023-07-01,2023,7,Q3,Paid Ad,24200,290,981.67
2023-07-01,2023,7,Q3,Direct,0,0,0.0
2023-07-01,2023,7,Q3,Referral,0,0,0.0
2023-07-02,2023,7,Q3,Organic Search,0,0,0.0
2023-07-02,2023,7,Q3,Social Media,14601,263,574.77
2023-07-02,2023,7,Q3,Email Campaign,7497,337,201.11
2023-07-02,2023,7,Q3,Paid Ad,30008,360,1217.49
2023-07-02,2023,7,Q3,Direct,0,0,0.0
2023-07-02,2023,7,Q3,Referral,0,0,0.0
2023-07-03,2023,7,Q3,Organic Search,0,0,0.0
2023-07-03,2023,7,Q3,Social Media,14171,255,558.3
2023-07-03,2023,7,Q3,Email Campaign,6206,279,166.63
2023-07-03,2023,7,Q3,Paid Ad,23151,278,939.4
2023-07-03,2023,7,Q3,Direct,0,0,0.0
2023-07-03,2023,7,Q3,Referral,0,0,0.0
2023-07-04,2023,7,Q3,Organic Search,0,0,0.0
2023-07-04,2023,7,Q3,Social Media,13095,236,515.23
2023-07-04,2023,7,Q3,Email Campaign,6346,286,170.37
2023-07-04,2023,7,Q3,Paid Ad,25612,307,1038.74
2023-07-04,2023,7,Q3,Direct,0,0,0.0
2023-07-04,2023,7,Q3,Referral,0,0,0.0
2023-07-05,2023,7,Q3,Organic Search,0,0,0.0
2023-07-05,2023,7,Q3,Social Media,12261,221,482.38
2023-07-05,2023,7,Q3,Email Campaign,7593,342,203.89
2023-07-05,2023,7,Q3,Paid Ad,25329,304,1027.13
2023-07-05,2023,7,Q3,Direct,0,0,0.0
2023-07-05,2023,7,Q3,Referral,0,0,0.0
2023-07-06,2023,7,Q3,Organic Search,0,0,0.0
2023-07-06,2023,7,Q3,Social Media,14977,270,589.16
2023-07-06,2023,7,Q3,Email Campaign,6475,291,173.91
2023-07-06,2023,7,Q3,Paid Ad,23474,282,951.77
2023-07-06,2023,7,Q3,Direct,0,0,0.0
2023-07-06,2023,7,Q3,Referral,0,0,0.0
2023-07-07,2023,7,Q3,Organic Search,0,0,0.0
2023-07-07,2023,7,Q3,Social Media,12181,219,479.72
2023-07-07,2023,7,Q3,Email Campaign,6443,290,173.03
2023-07-07,2023,7,Q3,Paid Ad,24684,296,1001.36
2023-07-07,2023,7,Q3,Direct,0,0,0.0
2023-07-07,2023,7,Q3,Referral,0,0,0.0
2023-07-08,2023,7,Q3,Organic Search,0,0,0.0
2023-07-08,2023,7,Q3,Social Media,17478,315,687.75
2023-07-08,2023,7,Q3,Email Campaign,7056,318,189.34
2023-07-08,2023,7,Q3,Paid Ad,26499,318,1075.4
2023-07-08,2023,7,Q3,Direct,0,0,0.0
2023-07-08,2023,7,Q3,Referral,0,0,0.0
2023-07-09,2023,7,Q3,Organic Search,0,0,0.0
2023-07-09,2023,7,Q3,Social Media,15649,282,615.61
2023-07-09,2023,7,Q3,Email Campaign,6873,309,184.52
2023-07-09,2023,7,Q3,Paid Ad,28596,343,1160.23
2023-07-09,2023,7,Q3,Direct,0,0,0.0
2023-07-09,2023,7,Q3,Referral,0,0,0.0
2023-07-10,2023,7,Q3,Organic Search,0,0,0.0
2023-07-10,2023,7,Q3,Social Media,12961,233,510.46
2023-07-10,2023,7,Q3,Email Campaign,6625,298,177.8
2023-07-10,2023,7,Q3,Paid Ad,22909,275,928.46
2023-07-10,2023,7,Q3,Direct,0,0,0.0
2023-07-10,2023,7,Q3,Referral,0,0,0.0
2023-07-11,2023,7,Q3,Organic Search,0,0,0.0
2023-07-11,2023,7,Q3,Social Media,12907,232,507.64
2023-07-11,2023,7,Q3,Email Campaign,6722,302,180.51
2023-07-11,2023,7,Q3,Paid Ad,23353,280,946.71
2023-07-11,2023,7,Q3,Direct,0,0,0.0
2023-07-11,2023,7,Q3,Referral,0,0,0.0
2023-07-12,2023,7,Q3,Organic Search,0,0,0.0
2023-07-12,2023,7,Q3,Social Media,13364,241,525.73
2023-07-12,2023,7,Q3,Email Campaign,6335,285,170.09
2023-07-12,2023,7,Q3,Paid Ad,24361,292,987.91
2023-07-12,2023,7,Q3,Direct,0,0,0.0
2023-07-12,2023,7,Q3,Referral,0,0,0.0
2023-07-13,2023,7,Q3,Organic Search,0,0,0.0
2023-07-13,2023,7,Q3,Social Media,15595,281,613.54
2023-07-13,2023,7,Q3,Email Campaign,6808,306,182.65
2023-07-13,2023,7,Q3,Paid Ad,25652,308,1040.05
2023-07-13,2023,7,Q3,Direct,0,0,0.0
2023-07-13,2023,7,Q3,Referral,0,0,0.0
2023-07-14,2023,7,Q3,Organic Search,0,0,0.0
2023-07-14,2023,7,Q3,Social Media,12235,220,481.59
2023-07-14,2023,7,Q3,Email Campaign,6808,306,182.89
2023-07-14,2023,7,Q3,Paid Ad,21659,260,878.75
2023-07-14,2023,7,Q3,Direct,0,0,0.0
2023-07-14,2023,7,Q3,Referral,0,0,0.0
2023-07-15,2023,7,Q3,Organic Search,0,0,0.0
2023-07-15,2023,7,Q3,Social Media,13955,251,549.51
2023-07-15,2023,7,Q3,Email Campaign,7281,328,195.42
2023-07-15,2023,7,Q3,Paid Ad,29927,359,1213.44
2023-07-15,2023,7,Q3,Direct,0,0,0.0
2023-07-15,2023,7,Q3,Referral,0,0,0.0
2023-07-16,2023,7,Q3,Organic Search,0,0,0.0
2023-07-16,2023,7,Q3,Social Media,17021,306,670.49
2023-07-16,2023,7,Q3,Email Campaign,7884,355,211.72
2023-07-16,2023,7,Q3,Paid Ad,23958,287,971.97
2023-07-16,2023,7,Q3,Direct,0,0,0.0
2023-07-16,2023,7,Q3,Referral,0,0,0.0
2023-07-17,2023,7,Q3,Organic Search,0,0,0.0
2023-07-17,2023,7,Q3,Social Media,13552,244,533.37
2023-07-17,2023,7,Q3,Email Campaign,6894,310,184.96
2023-07-17,2023,7,Q3,Paid Ad,24079,289,976.82
2023-07-17,2023,7,Q3,Direct,0,0,0.0
2023-07-17,2023,7,Q3,Referral,0,0,0.0
2023-07-18,2023,7,Q3,Organic Search,0,0,0.0
2023-07-18,2023,7,Q3,Social Media,11723,211,461.94
2023-07-18,2023,7,Q3,Email Campaign,6249,281,167.78
2023-07-18,2023,7,Q3,Paid Ad,23635,284,958.37
2023-07-18,2023,7,Q3,Direct,0,0,0.0
2023-07-18,2023,7,Q3,Referral,0,0,0.0
2023-07-19,2023,7,Q3,Organic Search,0,0,0.0
2023-07-19,2023,7,Q3,Social Media,14359,258,565.1
2023-07-19,2023,7,Q3,Email Campaign,5550,250,148.89
2023-07-19,2023,7,Q3,Paid Ad,23434,281,950.81
2023-07-19,2023,7,Q3,Direct,0,0,0.0
2023-07-19,2023,7,Q3,Referral,0,0,0.0
2023-07-20,2023,7,Q3,Organic Search,0,0,0.0
2023-07-20,2023,7,Q3,Social Media,13929,251,548.04
2023-07-20,2023,7,Q3,Email Campaign,7184,323,192.91
2023-07-20,2023,7,Q3,Paid Ad,25047,301,1016.71
2023-07-20,2023,7,Q3,Direct,0,0,0.0
2023-07-20,2023,7,Q3,Referral,0,0,0.0
2023-07-21,2023,7,Q3,Organic Search,0,0,0.0
2023-07-21,2023,7,Q3,Social Media,14413,259,567.13
2023-07-21,2023,7,Q3,Email Campaign,6303,284,169.05
2023-07-21,2023,7,Q3,Paid Ad,20126,242,816.28
2023-07-21,2023,7,Q3,Direct,0,0,0.0
2023-07-21,2023,7,Q3,Referral,0,0,0.0
2023-07-22,2023,7,Q3,Organic Search,0,0,0.0
2023-07-22,2023,7,Q3,Social Media,15327,276,603.56
2023-07-22,2023,7,Q3,Email Campaign,8357,376,224.37
2023-07-22,2023,7,Q3,Paid Ad,30371,364,1231.29
2023-07-22,2023,7,Q3,Direct,0,0,0.0
2023-07-22,2023,7,Q3,Referral,0,0,0.0
2023-07-23,2023,7,Q3,Organic Search,0,0,0.0
2023-07-23,2023,7,Q3,Social Media,16725,301,658.56
2023-07-23,2023,7,Q3,Email Campaign,8002,360,214.83
2023-07-23,2023,7,Q3,Paid Ad,28153,338,1141.46
2023-07-23,2023,7,Q3,Direct,0,0,0.0
2023-07-23,2023,7,Q3,Referral,0,0,0.0
2023-07-24,2023,7,Q3,Organic Search,0,0,0.0
2023-07-24,2023,7,Q3,Social Media,13149,237,517.78
2023-07-24,2023,7,Q3,Email Campaign,6658,300,178.72
2023-07-24,2023,7,Q3,Paid Ad,26902,323,1091.95
2023-07-24,2023,7,Q3,Direct,0,0,0.0
2023-07-24,2023,7,Q3,Referral,0,0,0.0
2023-07-25,2023,7,Q3,Organic Search,0,0,0.0
2023-07-25,2023,7,Q3,Social Media,12719,229,501.0
2023-07-25,2023,7,Q3,Email Campaign,7593,342,203.93
2023-07-25,2023,7,Q3,Paid Ad,23151,278,938.48
2023-07-25,2023,7,Q3,Direct,0,0,0.0
2023-07-25,2023,7,Q3,Referral,0,0,0.0
2023-07-26,2023,7,Q3,Organic Search,0,0,0.0
2023-07-26,2023,7,Q3,Social Media,15219,274,599.3
2023-07-26,2023,7,Q3,Email Campaign,5969,269,160.3
2023-07-26,2023,7,Q3,Paid Ad,24845,298,1008.47
2023-07-26,2023,7,Q3,Direct,0,0,0.0
2023-07-26,2023,7,Q3,Referral,0,0,0.0
2023-07-27,2023,7,Q3,Organic Search,0,0,0.0
2023-07-27,2023,7,Q3,Social Media,12961,233,509.94
2023-07-27,2023,7,Q3,Email Campaign,5969,269,160.19
2023-07-27,2023,7,Q3,Paid Ad,24160,290,980.16
2023-07-27,2023,7,Q3,Direct,0,0,0.0
2023-07-27,2023,7,Q3,Referral,0,0,0.0
2023-07-28,2023,7,Q3,Organic Search,0,0,0.0
2023-07-28,2023,7,Q3,Social Media,14869,268,585.62
2023-07-28,2023,7,Q3,Email Campaign,6271,282,168.42
2023-07-28,2023,7,Q3,Paid Ad,20893,251,847.77
2023-07-28,2023,7,Q3,Direct,0,0,0.0
2023-07-28,2023,7,Q3,Referral,0,0,0.0
2023-07-29,2023,7,Q3,Organic Search,0,0,0.0
2023-07-29,2023,7,Q3,Social Media,15703,283,618.55
2023-07-29,2023,7,Q3,Email Campaign,7680,346,206.28
2023-07-29,2023,7,Q3,Paid Ad,28516,342,1156.41
2023-07-29,2023,7,Q3,Direct,0,0,0.0
2023-07-29,2023,7,Q3,Referral,0,0,0.0
2023-07-30,2023,7,Q3,Organic Search,0,0,0.0
2023-07-30,2023,7,Q3,Social Media,17021,306,670.49
2023-07-30,2023,7,Q3,Email Campaign,7701,347,206.71
2023-07-30,2023,7,Q3,Paid Ad,31379,377,1272.25
2023-07-30,2023,7,Q3,Direct,0,0,0.0
2023-07-30,2023,7,Q3,Referral,0,0,0.0
2023-07-31,2023,7,Q3,Organic Search,0,0,0.0
2023-07-31,2023,7,Q3,Social Media,14009,252,551.58
2023-07-31,2023,7,Q3,Email Campaign,6539,294,175.62
2023-07-31,2023,7,Q3,Paid Ad,20691,248,839.1
2023-07-31,2023,7,Q3,Direct,0,0,0.0
2023-07-31,2023,7,Q3,Referral,0,0,0.0
2023-08-01,2023,8,Q3,Organic Search,0,0,0.0
2023-08-01,2023,8,Q3,Social Media,11723,211,461.31
2023-08-01,2023,8,Q3,Email Campaign,5690,256,152.83
2023-08-01,2023,8,Q3,Paid Ad,22224,267,902.02
2023-08-01,2023,8,Q3,Direct,0,0,0.0
2023-08-01,2023,8,Q3,Referral,0,0,0.0
2023-08-02,2023,8,Q3,Organic Search,0,0,0.0
2023-08-02,2023,8,Q3,Social Media,12423,224,488.63
2023-08-02,2023,8,Q3,Email Campaign,5303,239,142.25
2023-08-02,2023,8,Q3,Paid Ad,20933,251,849.2
2023-08-02,2023,8,Q3,Direct,0,0,0.0
2023-08-02,2023,8,Q3,Referral,0,0,0.0
2023-08-03,2023,8,Q3,Organic Search,0,0,0.0
2023-08-03,2023,8,Q3,Social Media,12611,227,496.5
2023-08-03,2023,8,Q3,Email Campaign,6561,295,176.25
2023-08-03,2023,8,Q3,Paid Ad,22103,265,897.12
2023-08-03,2023,8,Q3,Direct,0,0,0.0
2023-08-03,2023,8,Q3,Referral,0,0,0.0
2023-08-04,2023,8,Q3,Organic Search,0,0,0.0
2023-08-04,2023,8,Q3,Social Media,12691,228,499.84
2023-08-04,2023,8,Q3,Email Campaign,5884,265,157.8
2023-08-04,2023,8,Q3,Paid Ad,21296,256,863.68
2023-08-04,2023,8,Q3,Direct,0,0,0.0
2023-08-04,2023,8,Q3,Referral,0,0,0.0
2023-08-05,2023,8,Q3,Organic Search,0,0,0.0
2023-08-05,2023,8,Q3,Social Media,15139,272,596.04
2023-08-05,2023,8,Q3,Email Campaign,6012,271,161.34
2023-08-05,2023,8,Q3,Paid Ad,23071,277,936.38
2023-08-05,2023,8,Q3,Direct,0,0,0.0
2023-08-05,2023,8,Q3,Referral,0,0,0.0
2023-08-06,2023,8,Q3,Organic Search,0,0,0.0
2023-08-06,2023,8,Q3,Social Media,12907,232,508.35
2023-08-06,2023,8,Q3,Email Campaign,6937,312,186.11
2023-08-06,2023,8,Q3,Paid Ad,26096,313,1058.1
2023-08-06,2023,8,Q3,Direct,0,0,0.0
2023-08-06,2023,8,Q3,Referral,0,0,0.0
2023-08-07,2023,8,Q3,Organic Search,0,0,0.0
2023-08-07,2023,8,Q3,Social Media,11401,205,448.7
2023-08-07,2023,8,Q3,Email Campaign,4733,213,127.02
2023-08-07,2023,8,Q3,Paid Ad,19965,240,810.03
2023-08-07,2023,8,Q3,Direct,0,0,0.0
2023-08-07,2023,8,Q3,Referral,0,0,0.0
2023-08-08,2023,8,Q3,Organic Search,0,0,0.0
2023-08-08,2023,8,Q3,Social Media,12853,231,505.61
2023-08-08,2023,8,Q3,Email Campaign,6098,274,163.8
2023-08-08,2023,8,Q3,Paid Ad,21377,257,866.34
2023-08-08,2023,8,Q3,Direct,0,0,0.0
2023-08-08,2023,8,Q3,Referral,0,0,0.0
2023-08-09,2023,8,Q3,Organic Search,0,0,0.0
2023-08-09,2023,8,Q3,Social Media,11697,211,460.63
2023-08-09,2023,8,Q3,Email Campaign,5248,236,140.98
2023-08-09,2023,8,Q3,Paid Ad,21498,258,872.19
2023-08-09,2023,8,Q3,Direct,0,0,0.0
2023-08-09,2023,8,Q3,Referral,0,0,0.0
2023-08-10,2023,8,Q3,Organic Search,0,0,0.0
2023-08-10,2023,8,Q3,Social Media,11159,201,439.71
2023-08-10,2023,8,Q3,Email Campaign,6873,309,184.52
2023-08-10,2023,8,Q3,Paid Ad,21578,259,875.89
2023-08-10,2023,8,Q3,Direct,0,0,0.0
2023-08-10,2023,8,Q3,Referral,0,0,0.0
2023-08-11,2023,8,Q3,Organic Search,0,0,0.0
2023-08-11,2023,8,Q3,Social Media,11401,205,449.3
2023-08-11,2023,8,Q3,Email Campaign,5561,250,149.37
2023-08-11,2023,8,Q3,Paid Ad,20489,246,831.43
2023-08-11,2023,8,Q3,Direct,0,0,0.0
2023-08-11,2023,8,Q3,Referral,0,0,0.0
2023-08-12,2023,8,Q3,Organic Search,0,0,0.0
2023-08-12,2023,8,Q3,Social Media,13498,243,531.5
2023-08-12,2023,8,Q3,Email Campaign,7324,330,196.73
2023-08-12,2023,8,Q3,Paid Ad,24119,289,977.65
2023-08-12,2023,8,Q3,Direct,0,0,0.0
2023-08-12,2023,8,Q3,Referral,0,0,0.0
2023-08-13,2023,8,Q3,Organic Search,0,0,0.0
2023-08-13,2023,8,Q3,Social Media,12961,233,510.14
2023-08-13,2023,8,Q3,Email Campaign,7744,348,207.95
2023-08-13,2023,8,Q3,Paid Ad,23837,286,967.12
2023-08-13,2023,8,Q3,Direct,0,0,0.0
2023-08-13,2023,8,Q3,Referral,0,0,0.0
2023-08-14,2023,8,Q3,Organic Search,0,0,0.0
2023-08-14,2023,8,Q3,Social Media,12691,228,500.16
2023-08-14,2023,8,Q3,Email Campaign,5571,251,149.41
2023-08-14,2023,8,Q3,Paid Ad,21256,255,861.97
2023-08-14,2023,8,Q3,Direct,0,0,0.0
2023-08-14,2023,8,Q3,Referral,0,0,0.0
2023-08-15,2023,8,Q3,Organic Search,0,0,0.0
2023-08-15,2023,8,Q3,Social Media,12261,221,482.9
2023-08-15,2023,8,Q3,Email Campaign,4969,224,133.3
2023-08-15,2023,8,Q3,Paid Ad,23998,288,972.68
2023-08-15,2023,8,Q3,Direct,0,0,0.0
2023-08-15,2023,8,Q3,Referral,0,0,0.0
2023-08-16,2023,8,Q3,Organic Search,0,0,0.0
2023-08-16,2023,8,Q3,Social Media,13203,238,519.85
2023-08-16,2023,8,Q3,Email Campaign,5668,255,152.07
2023-08-16,2023,8,Q3,Paid Ad,18836,226,763.78
2023-08-16,2023,8,Q3,Direct,0,0,0.0
2023-08-16,2023,8,Q3,Referral,0,0,0.0
2023-08-17,2023,8,Q3,Organic Search,0,0,0.0
2023-08-17,2023,8,Q3,Social Media,12288,221,484.29
2023-08-17,2023,8,Q3,Email Campaign,5894,265,158.16
2023-08-17,2023,8,Q3,Paid Ad,21256,255,861.49
2023-08-17,2023,8,Q3,Direct,0,0,0.0
2023-08-17,2023,8,Q3,Referral,0,0,0.0
2023-08-18,2023,8,Q3,Organic Search,0,0,0.0
2023-08-18,2023,8,Q3,Social Media,12154,219,478.41
2023-08-18,2023,8,Q3,Email Campaign,6088,274,163.41
2023-08-18,2023,8,Q3,Paid Ad,23030,276,934.67
2023-08-18,2023,8,Q3,Direct,0,0,0.0
2023-08-18,2023,8,Q3,Referral,0,0,0.0
2023-08-19,2023,8,Q3,Organic Search,0,0,0.0
2023-08-19,2023,8,Q3,Social Media,14385,259,566.49
2023-08-19,2023,8,Q3,Email Campaign,6163,277,165.43
2023-08-19,2023,8,Q3,Paid Ad,26338,316,1068.29
2023-08-19,2023,8,Q3,Direct,0,0,0.0
2023-08-19,2023,8,Q3,Referral,0,0,0.0
2023-08-20,2023,8,Q3,Organic Search,0,0,0.0
2023-08-20,2023,8,Q3,Social Media,15569,280,612.98
2023-08-20,2023,8,Q3,Email Campaign,8422,379,226.16
2023-08-20,2023,8,Q3,Paid Ad,21619,259,876.72
2023-08-20,2023,8,Q3,Direct,0,0,0.0
2023-08-20,2023,8,Q3,Referral,0,0,0.0
2023-08-21,2023,8,Q3,Organic Search,0,0,0.0
2023-08-21,2023,8,Q3,Social Media,12207,220,480.36
2023-08-21,2023,8,Q3,Email Campaign,4872,219,130.92
2023-08-21,2023,8,Q3,Paid Ad,21578,259,874.73
2023-08-21,2023,8,Q3,Direct,0,0,0.0
2023-08-21,2023,8,Q3,Referral,0,0,0.0
2023-08-22,2023,8,Q3,Organic Search,0,0,0.0
2023-08-22,2023,8,Q3,Social Media,11455,206,450.53
2023-08-22,2023,8,Q3,Email Campaign,6755,304,181.22
2023-08-22,2023,8,Q3,Paid Ad,19360,232,785.73
2023-08-22,2023,8,Q3,Direct,0,0,0.0
2023-08-22,2023,8,Q3,Referral,0,0,0.0
2023-08-23,2023,8,Q3,Organic Search,0,0,0.0
2023-08-23,2023,8,Q3,Social Media,10352,186,407.5
2023-08-23,2023,8,Q3,Email Campaign,5625,253,151.12
2023-08-23,2023,8,Q3,Paid Ad,17384,209,705.28
2023-08-23,2023,8,Q3,Direct,0,0,0.0
2023-08-23,2023,8,Q3,Referral,0,0,0.0
2023-08-24,2023,8,Q3,Organic Search,0,0,0.0
2023-08-24,2023,8,Q3,Social Media,12691,228,499.48
2023-08-24,2023,8,Q3,Email Campaign,4883,220,131.11
2023-08-24,2023,8,Q3,Paid Ad,20691,248,839.58
2023-08-24,2023,8,Q3,Direct,0,0,0.0
2023-08-24,2023,8,Q3,Referral,0,0,0.0
2023-08-25,2023,8,Q3,Organic Search,0,0,0.0
2023-08-25,2023,8,Q3,Social Media,9976,180,392.87
2023-08-25,2023,8,Q3,Email Campaign,5701,257,153.03
2023-08-25,2023,8,Q3,Paid Ad,23353,280,947.79
2023-08-25,2023,8,Q3,Direct,0,0,0.0
2023-08-25,2023,8,Q3,Referral,0,0,0.0
2023-08-26,2023,8,Q3,Organic Search,0,0,0.0
2023-08-26,2023,8,Q3,Social Media,14171,255,557.51
2023-08-26,2023,8,Q3,Email Campaign,6260,282,168.14
2023-08-26,2023,8,Q3,Paid Ad,23676,284,960.91
2023-08-26,2023,8,Q3,Direct,0,0,0.0
2023-08-26,2023,8,Q3,Referral,0,0,0.0
2023-08-27,2023,8,Q3,Organic Search,0,0,0.0
2023-08-27,2023,8,Q3,Social Media,13794,248,542.63
2023-08-27,2023,8,Q3,Email Campaign,6980,314,187.47
2023-08-27,2023,8,Q3,Paid Ad,21135,254,857.95
2023-08-27,2023,8,Q3,Direct,0,0,0.0
2023-08-27,2023,8,Q3,Referral,0,0,0.0
2023-08-28,2023,8,Q3,Organic Search,0,0,0.0
2023-08-28,2023,8,Q3,Social Media,12530,226,493.52
2023-08-28,2023,8,Q3,Email Campaign,4582,206,123.08
2023-08-28,2023,8,Q3,Paid Ad,19602,235,795.44
2023-08-28,2023,8,Q3,Direct,0,0,0.0
2023-08-28,2023,8,Q3,Referral,0,0,0.0
2023-08-29,2023,8,Q3,Organic Search,0,0,0.0
2023-08-29,2023,8,Q3,Social Media,11509,207,452.8
2023-08-29,2023,8,Q3,Email Campaign,6152,277,165.0
2023-08-29,2023,8,Q3,Paid Ad,20691,248,839.18
2023-08-29,2023,8,Q3,Direct,0,0,0.0
2023-08-29,2023,8,Q3,Referral,0,0,0.0
2023-08-30,2023,8,Q3,Organic Search,0,0,0.0
2023-08-30,2023,8,Q3,Social Media,10621,191,418.2
2023-08-30,2023,8,Q3,Email Campaign,5388,242,144.68
2023-08-30,2023,8,Q3,Paid Ad,20973,252,850.99
2023-08-30,2023,8,Q3,Direct,0,0,0.0
2023-08-30,2023,8,Q3,Referral,0,0,0.0
2023-08-31,2023,8,Q3,Organic Search,0,0,0.0
2023-08-31,2023,8,Q3,Social Media,11885,214,468.19
2023-08-31,2023,8,Q3,Email Campaign,5582,251,149.77
2023-08-31,2023,8,Q3,Paid Ad,19844,238,805.42
2023-08-31,2023,8,Q3,Direct,0,0,0.0
2023-08-31,2023,8,Q3,Referral,0,0,0.0
2023-09-01,2023,9,Q3,Organic Search,0,0,0.0
2023-09-01,2023,9,Q3,Social Media,12638,227,497.42
2023-09-01,2023,9,Q3,Email Campaign,5604,252,150.56
2023-09-01,2023,9,Q3,Paid Ad,20489,246,831.75
2023-09-01,2023,9,Q3,Direct,0,0,0.0
2023-09-01,2023,9,Q3,Referral,0,0,0.0
2023-09-02,2023,9,Q3,Organic Search,0,0,0.0
2023-09-02,2023,9,Q3,Social Media,16160,291,635.93
2023-09-02,2023,9,Q3,Email Campaign,5959,268,160.03
2023-09-02,2023,9,Q3,Paid Ad,20247,243,820.61
2023-09-02,2023,9,Q3,Direct,0,0,0.0
2023-09-02,2023,9,Q3,Referral,0,0,0.0
2023-09-03,2023,9,Q3,Organic Search,0,0,0.0
2023-09-03,2023,9,Q3,Social Media,14627,263,575.84
2023-09-03,2023,9,Q3,Email Campaign,6368,287,170.84
2023-09-03,2023,9,Q3,Paid Ad,23151,278,938.8
2023-09-03,2023,9,Q3,Direct,0,0,0.0
2023-09-03,2023,9,Q3,Referral,0,0,0.0
2023-09-04,2023,9,Q3,Organic Search,0,0,0.0
2023-09-04,2023,9,Q3,Social Media,11213,202,441.74
2023-09-04,2023,9,Q3,Email Campaign,5732,258,153.78
2023-09-04,2023,9,Q3,Paid Ad,23272,279,944.77
2023-09-04,2023,9,Q3,Direct,0,0,0.0
2023-09-04,2023,9,Q3,Referral,0,0,0.0
2023-09-05,2023,9,Q3,Organic Search,0,0,0.0
2023-09-05,2023,9,Q3,Social Media,12745,229,501.43
2023-09-05,2023,9,Q3,Email Campaign,6260,282,167.9
2023-09-05,2023,9,Q3,Paid Ad,18311,220,742.75
2023-09-05,2023,9,Q3,Direct,0,0,0.0
2023-09-05,2023,9,Q3,Referral,0,0,0.0
2023-09-06,2023,9,Q3,Organic Search,0,0,0.0
2023-09-06,2023,9,Q3,Social Media,10863,196,427.78
2023-09-06,2023,9,Q3,Email Campaign,4517,203,121.41
2023-09-06,2023,9,Q3,Paid Ad,19320,232,783.43
2023-09-06,2023,9,Q3,Direct,0,0,0.0
2023-09-06,2023,9,Q3,Referral,0,0,0.0
2023-09-07,2023,9,Q3,Organic Search,0,0,0.0
2023-09-07,2023,9,Q3,Social Media,12880,232,507.24
2023-09-07,2023,9,Q3,Email Campaign,6088,274,163.57
2023-09-07,2023,9,Q3,Paid Ad,20288,243,822.84
2023-09-07,2023,9,Q3,Direct,0,0,0.0
2023-09-07,2023,9,Q3,Referral,0,0,0.0
2023-09-08,2023,9,Q3,Organic Search,0,0,0.0
2023-09-08,2023,9,Q3,Social Media,11939,215,470.34
2023-09-08,2023,9,Q3,Email Campaign,5528,249,148.41
2023-09-08,2023,9,Q3,Paid Ad,20973,252,851.39
2023-09-08,2023,9,Q3,Direct,0,0,0.0
2023-09-08,2023,9,Q3,Referral,0,0,0.0
2023-09-09,2023,9,Q3,Organic Search,0,0,0.0
2023-09-09,2023,9,Q3,Social Media,14601,263,575.04
2023-09-09,2023,9,Q3,Email Campaign,5862,264,157.28
2023-09-09,2023,9,Q3,Paid Ad,24321,292,986.4
2023-09-09,2023,9,Q3,Direct,0,0,0.0
2023-09-09,2023,9,Q3,Referral,0,0,0.0
2023-09-10,2023,9,Q3,Organic Search,0,0,0.0
2023-09-10,2023,9,Q3,Social Media,14789,266,582.28
2023-09-10,2023,9,Q3,Email Campaign,6507,293,174.62
2023-09-10,2023,9,Q3,Paid Ad,25087,301,1017.3
2023-09-10,2023,9,Q3,Direct,0,0,0.0
2023-09-10,2023,9,Q3,Referral,0,0,0.0
2023-09-11,2023,9,Q3,Organic Search,0,0,0.0
2023-09-11,2023,9,Q3,Social Media,14655,264,577.27
2023-09-11,2023,9,Q3,Email Campaign,5797,261,155.77
2023-09-11,2023,9,Q3,Paid Ad,21296,256,864.0
2023-09-11,2023,9,Q3,Direct,0,0,0.0
2023-09-11,2023,9,Q3,Referral,0,0,0.0
2023-09-12,2023,9,Q3,Organic Search,0,0,0.0
2023-09-12,2023,9,Q3,Social Media,11267,203,443.37
2023-09-12,2023,9,Q3,Email Campaign,5937,267,159.35
2023-09-12,2023,9,Q3,Paid Ad,21417,257,868.49
2023-09-12,2023,9,Q3,Direct,0,0,0.0
2023-09-12,2023,9,Q3,Referral,0,0,0.0
2023-09-13,2023,9,Q3,Organic Search,0,0,0.0
2023-09-13,2023,9,Q3,Social Media,12154,219,478.53
2023-09-13,2023,9,Q3,Email Campaign,5378,242,144.24
2023-09-13,2023,9,Q3,Paid Ad,20973,252,851.47
2023-09-13,2023,9,Q3,Direct,0,0,0.0
2023-09-13,2023,9,Q3,Referral,0,0,0.0
2023-09-14,2023,9,Q3,Organic Search,0,0,0.0
2023-09-14,2023,9,Q3,Social Media,13364,241,526.29
2023-09-14,2023,9,Q3,Email Campaign,6066,273,162.69
2023-09-14,2023,9,Q3,Paid Ad,22224,267,902.14
2023-09-14,2023,9,Q3,Direct,0,0,0.0
2023-09-14,2023,9,Q3,Referral,0,0,0.0
2023-09-15,2023,9,Q3,Organic Search,0,0,0.0
2023-09-15,2023,9,Q3,Social Media,11751,212,462.26
2023-09-15,2023,9,Q3,Email Campaign,6206,279,166.51
2023-09-15,2023,9,Q3,Paid Ad,21094,253,856.36
2023-09-15,2023,9,Q3,Direct,0,0,0.0
2023-09-15,2023,9,Q3,Referral,0,0,0.0
2023-09-16,2023,9,Q3,Organic Search,0,0,0.0
2023-09-16,2023,9,Q3,Social Media,12719,229,500.64
2023-09-16,2023,9,Q3,Email Campaign,6905,311,185.24
2023-09-16,2023,9,Q3,Paid Ad,21861,262,886.86
2023-09-16,2023,9,Q3,Direct,0,0,0.0
2023-09-16,2023,9,Q3,Referral,0,0,0.0
2023-09-17,2023,9,Q3,Organic Search,0,0,0.0
2023-09-17,2023,9,Q3,Social Media,13068,235,514.44
2023-09-17,2023,9,Q3,Email Campaign,6830,307,183.37
2023-09-17,2023,9,Q3,Paid Ad,24321,292,986.2
2023-09-17,2023,9,Q3,Direct,0,0,0.0
2023-09-17,2023,9,Q3,Referral,0,0,0.0
2023-09-18,2023,9,Q3,Organic Search,0,0,0.0
2023-09-18,2023,9,Q3,Social Media,10836,195,426.35
2023-09-18,2023,9,Q3,Email Campaign,6346,286,170.29
2023-09-18,2023,9,Q3,Paid Ad,21578,259,875.97
2023-09-18,2023,9,Q3,Direct,0,0,0.0
2023-09-18,2023,9,Q3,Referral,0,0,0.0
2023-09-19,2023,9,Q3,Organic Search,0,0,0.0
2023-09-19,2023,9,Q3,Social Media,11293,203,444.61
2023-09-19,2023,9,Q3,Email Campaign,5130,231,137.76
2023-09-19,2023,9,Q3,Paid Ad,20409,245,827.97
2023-09-19,2023,9,Q3,Direct,0,0,0.0
2023-09-19,2023,9,Q3,Referral,0,0,0.0
2023-09-20,2023,9,Q3,Organic Search,0,0,0.0
2023-09-20,2023,9,Q3,Social Media,11535,208,454.39
2023-09-20,2023,9,Q3,Email Campaign,5905,266,158.48
2023-09-20,2023,9,Q3,Paid Ad,20046,241,813.33
2023-09-20,2023,9,Q3,Direct,0,0,0.0
2023-09-20,2023,9,Q3,Referral,0,0,0.0
2023-09-21,2023,9,Q3,Organic Search,0,0,0.0
2023-09-21,2023,9,Q3,Social Media,10057,181,395.53
2023-09-21,2023,9,Q3,Email Campaign,5668,255,152.19
2023-09-21,2023,9,Q3,Paid Ad,20126,242,817.19
2023-09-21,2023,9,Q3,Direct,0,0,0.0
2023-09-21,2023,9,Q3,Referral,0,0,0.0
2023-09-22,2023,9,Q3,Organic Search,0,0,0.0
2023-09-22,2023,9,Q3,Social Media,12584,227,495.07
2023-09-22,2023,9,Q3,Email Campaign,5528,249,148.29
2023-09-22,2023,9,Q3,Paid Ad,23434,281,950.13
2023-09-22,2023,9,Q3,Direct,0,0,0.0
2023-09-22,2023,9,Q3,Referral,0,0,0.0
2023-09-23,2023,9,Q3,Organic Search,0,0,0.0
2023-09-23,2023,9,Q3,Social Media,11670,210,459.0
2023-09-23,2023,9,Q3,Email Campaign,7432,334,199.56
2023-09-23,2023,9,Q3,Paid Ad,23313,280,946.04
2023-09-23,2023,9,Q3,Direct,0,0,0.0
2023-09-23,2023,9,Q3,Referral,0,0,0.0
2023-09-24,2023,9,Q3,Organic Search,0,0,0.0
2023-09-24,2023,9,Q3,Social Media,14708,265,579.14
2023-09-24,2023,9,Q3,Email Campaign,6776,305,181.78
2023-09-24,2023,9,Q3,Paid Ad,25894,311,1051.15
2023-09-24,2023,9,Q3,Direct,0,0,0.0
2023-09-24,2023,9,Q3,Referral,0,0,0.0
2023-09-25,2023,9,Q3,Organic Search,0,0,0.0
2023-09-25,2023,9,Q3,Social Media,11589,209,456.58
2023-09-25,2023,9,Q3,Email Campaign,5335,240,143.24
2023-09-25,2023,9,Q3,Paid Ad,22990,276,932.88
2023-09-25,2023,9,Q3,Direct,0,0,0.0
2023-09-25,2023,9,Q3,Referral,0,0,0.0
2023-09-26,2023,9,Q3,Organic Search,0,0,0.0
2023-09-26,2023,9,Q3,Social Media,11858,213,466.92
2023-09-26,2023,9,Q3,Email Campaign,5959,268,159.87
2023-09-26,2023,9,Q3,Paid Ad,22708,272,920.39
2023-09-26,2023,9,Q3,Direct,0,0,0.0
2023-09-26,2023,9,Q3,Referral,0,0,0.0
2023-09-27,2023,9,Q3,Organic Search,0,0,0.0
2023-09-27,2023,9,Q3,Social Media,10971,197,432.28
2023-09-27,2023,9,Q3,Email Campaign,6131,276,164.56
2023-09-27,2023,9,Q3,Paid Ad,19683,236,798.14
2023-09-27,2023,9,Q3,Direct,0,0,0.0
2023-09-27,2023,9,Q3,Referral,0,0,0.0
2023-09-28,2023,9,Q3,Organic Search,0,0,0.0
2023-09-28,2023,9,Q3,Social Media,11831,213,466.2
2023-09-28,2023,9,Q3,Email Campaign,5884,265,157.96
2023-09-28,2023,9,Q3,Paid Ad,18190,218,737.14
2023-09-28,2023,9,Q3,Direct,0,0,0.0
2023-09-28,2023,9,Q3,Referral,0,0,0.0
2023-09-29,2023,9,Q3,Organic Search,0,0,0.0
2023-09-29,2023,9,Q3,Social Media,11213,202,441.82
2023-09-29,2023,9,Q3,Email Campaign,6486,292,174.02
2023-09-29,2023,9,Q3,Paid Ad,22103,265,897.04
2023-09-29,2023,9,Q3,Direct,0,0,0.0
2023-09-29,2023,9,Q3,Referral,0,0,0.0
2023-09-30,2023,9,Q3,Organic Search,0,0,0.0
2023-09-30,2023,9,Q3,Social Media,13687,246,539.13
2023-09-30,2023,9,Q3,Email Campaign,6862,309,184.13
2023-09-30,2023,9,Q3,Paid Ad,23192,278,940.63
2023-09-30,2023,9,Q3,Direct,0,0,0.0
2023-09-30,2023,9,Q3,Referral,0,0,0.0
2023-10-01,2023,10,Q4,Organic Search,0,0,0.0
2023-10-01,2023,10,Q4,Social Media,15246,274,600.65
2023-10-01,2023,10,Q4,Email Campaign,6625,298,177.72
2023-10-01,2023,10,Q4,Paid Ad,24200,290,981.15
2023-10-01,2023,10,Q4,Direct,0,0,0.0
2023-10-01,2023,10,Q4,Referral,0,0,0.0
2023-10-02,2023,10,Q4,Organic Search,0,0,0.0
2023-10-02,2023,10,Q4,Social Media,13068,235,514.36
2023-10-02,2023,10,Q4,Email Campaign,5485,247,147.3
2023-10-02,2023,10,Q4,Paid Ad,23232,279,942.1
2023-10-02,2023,10,Q4,Direct,0,0,0.0
2023-10-02,2023,10,Q4,Referral,0,0,0.0
2023-10-03,2023,10,Q4,Organic Search,0,0,0.0
2023-10-03,2023,10,Q4,Social Media,10513,189,413.51
2023-10-03,2023,10,Q4,Email Campaign,6615,298,177.52
2023-10-03,2023,10,Q4,Paid Ad,20046,241,812.66
2023-10-03,2023,10,Q4,Direct,0,0,0.0
2023-10-03,2023,10,Q4,Referral,0,0,0.0
2023-10-04,2023,10,Q4,Organic Search,0,0,0.0
2023-10-04,2023,10,Q4,Social Media,11723,211,462.02
2023-10-04,2023,10,Q4,Email Campaign,4969,224,133.3
2023-10-04,2023,10,Q4,Paid Ad,19884,239,807.21
2023-10-04,2023,10,Q4,Direct,0,0,0.0
2023-10-04,2023,10,Q4,Referral,0,0,0.0
2023-10-05,2023,10,Q4,Organic Search,0,0,0.0
2023-10-05,2023,10,Q4,Social Media,10971,197,432.0
2023-10-05,2023,10,Q4,Email Campaign,5571,251,149.41
2023-10-05,2023,10,Q4,Paid Ad,20409,245,828.45
2023-10-05,2023,10,Q4,Direct,0,0,0.0
2023-10-05,2023,10,Q4,Referral,0,0,0.0
2023-10-06,2023,10,Q4,Organic Search,0,0,0.0
2023-10-06,2023,10,Q4,Social Media,12880,232,507.28
2023-10-06,2023,10,Q4,Email Campaign,5948,268,159.67
2023-10-06,2023,10,Q4,Paid Ad,21175,254,858.27
2023-10-06,2023,10,Q4,Direct,0,0,0.0
2023-10-06,2023,10,Q4,Referral,0,0,0.0
2023-10-07,2023,10,Q4,Organic Search,0,0,0.0
2023-10-07,2023,10,Q4,Social Media,12557,226,494.39
2023-10-07,2023,10,Q4,Email Campaign,6260,282,167.9
2023-10-07,2023,10,Q4,Paid Ad,27185,326,1101.93
2023-10-07,2023,10,Q4,Direct,0,0,0.0
2023-10-07,2023,10,Q4,Referral,0,0,0.0
2023-10-08,2023,10,Q4,Organic Search,0,0,0.0
2023-10-08,2023,10,Q4,Social Media,12961,233,509.98
2023-10-08,2023,10,Q4,Email Campaign,7615,343,204.53
2023-10-08,2023,10,Q4,Paid Ad,23272,279,944.57
2023-10-08,2023,10,Q4,Direct,0,0,0.0
2023-10-08,2023,10,Q4,Referral,0,0,0.0
2023-10-09,2023,10,Q4,Organic Search,0,0,0.0
2023-10-09,2023,10,Q4,Social Media,11965,215,471.25
2023-10-09,2023,10,Q4,Email Campaign,6356,286,170.52
2023-10-09,2023,10,Q4,Paid Ad,22748,273,922.89
2023-10-09,2023,10,Q4,Direct,0,0,0.0
2023-10-09,2023,10,Q4,Referral,0,0,0.0
2023-10-10,2023,10,Q4,Organic Search,0,0,0.0
2023-10-10,2023,10,Q4,Social Media,11858,213,466.99
2023-10-10,2023,10,Q4,Email Campaign,5668,255,152.19
2023-10-10,2023,10,Q4,Paid Ad,20570,247,833.89
2023-10-10,2023,10,Q4,Direct,0,0,0.0
2023-10-10,2023,10,Q4,Referral,0,0,0.0
2023-10-11,2023,10,Q4,Organic Search,0,0,0.0
2023-10-11,2023,10,Q4,Social Media,12288,221,483.94
2023-10-11,2023,10,Q4,Email Campaign,6271,282,168.26
2023-10-11,2023,10,Q4,Paid Ad,20651,248,837.95
2023-10-11,2023,10,Q4,Direct,0,0,0.0
2023-10-11,2023,10,Q4,Referral,0,0,0.0
2023-10-12,2023,10,Q4,Organic Search,0,0,0.0
2023-10-12,2023,10,Q4,Social Media,12557,226,494.51
2023-10-12,2023,10,Q4,Email Campaign,6615,298,177.64
2023-10-12,2023,10,Q4,Paid Ad,21296,256,863.2
2023-10-12,2023,10,Q4,Direct,0,0,0.0
2023-10-12,2023,10,Q4,Referral,0,0,0.0
2023-10-13,2023,10,Q4,Organic Search,0,0,0.0
2023-10-13,2023,10,Q4,Social Media,12261,221,482.94
2023-10-13,2023,10,Q4,Email Campaign,5141,231,137.95
2023-10-13,2023,10,Q4,Paid Ad,16295,196,661.38
2023-10-13,2023,10,Q4,Direct,0,0,0.0
2023-10-13,2023,10,Q4,Referral,0,0,0.0
2023-10-14,2023,10,Q4,Organic Search,0,0,0.0
2023-10-14,2023,10,Q4,Social Media,14197,256,558.7
2023-10-14,2023,10,Q4,Email Campaign,6679,301,179.23
2023-10-14,2023,10,Q4,Paid Ad,22788,273,923.65
2023-10-14,2023,10,Q4,Direct,0,0,0.0
2023-10-14,2023,10,Q4,Referral,0,0,0.0
2023-10-15,2023,10,Q4,Organic Search,0,0,0.0
2023-10-15,2023,10,Q4,Social Media,14036,253,552.42
2023-10-15,2023,10,Q4,Email Campaign,6700,302,179.75
2023-10-15,2023,10,Q4,Paid Ad,25894,311,1050.19
2023-10-15,2023,10,Q4,Direct,0,0,0.0
2023-10-15,2023,10,Q4,Referral,0,0,0.0
2023-10-16,2023,10,Q4,Organic Search,0,0,0.0
2023-10-16,2023,10,Q4,Social Media,12046,217,474.43
2023-10-16,2023,10,Q4,Email Campaign,5496,247,147.66
2023-10-16,2023,10,Q4,Paid Ad,22304,268,904.0
2023-10-16,2023,10,Q4,Direct,0,0,0.0
2023-10-16,2023,10,Q4,Referral,0,0,0.0
2023-10-17,2023,10,Q4,Organic Search,0,0,0.0
2023-10-17,2023,10,Q4,Social Media,11751,212,463.02
2023-10-17,2023,10,Q4,Email Campaign,6098,274,163.68
2023-10-17,2023,10,Q4,Paid Ad,19844,238,805.66
2023-10-17,2023,10,Q4,Direct,0,0,0.0
2023-10-17,2023,10,Q4,Referral,0,0,0.0
2023-10-18,2023,10,Q4,Organic Search,0,0,0.0
2023-10-18,2023,10,Q4,Social Media,11347,204,446.67
2023-10-18,2023,10,Q4,Email Campaign,5894,265,158.12
2023-10-18,2023,10,Q4,Paid Ad,20691,248,838.51
2023-10-18,2023,10,Q4,Direct,0,0,0.0
2023-10-18,2023,10,Q4,Referral,0,0,0.0
2023-10-19,2023,10,Q4,Organic Search,0,0,0.0
2023-10-19,2023,10,Q4,Social Media,12423,224,489.26
2023-10-19,2023,10,Q4,Email Campaign,5722,257,153.7
2023-10-19,2023,10,Q4,Paid Ad,17626,212,714.59
2023-10-19,2023,10,Q4,Direct,0,0,0.0
2023-10-19,2023,10,Q4,Referral,0,0,0.0
2023-10-20,2023,10,Q4,Organic Search,0,0,0.0
2023-10-20,2023,10,Q4,Social Media,11562,208,454.87
2023-10-20,2023,10,Q4,Email Campaign,6228,280,167.03
2023-10-20,2023,10,Q4,Paid Ad,20167,242,817.75
2023-10-20,2023,10,Q4,Direct,0,0,0.0
2023-10-20,2023,10,Q4,Referral,0,0,0.0
2023-10-21,2023,10,Q4,Organic Search,0,0,0.0
2023-10-21,2023,10,Q4,Social Media,13498,243,531.18
2023-10-21,2023,10,Q4,Email Campaign,7260,327,194.86
2023-10-21,2023,10,Q4,Paid Ad,22385,269,908.42
2023-10-21,2023,10,Q4,Direct,0,0,0.0
2023-10-21,2023,10,Q4,Referral,0,0,0.0
2023-10-22,2023,10,Q4,Organic Search,0,0,0.0
2023-10-22,2023,10,Q4,Social Media,12073,217,474.99
2023-10-22,2023,10,Q4,Email Campaign,6647,299,178.28
2023-10-22,2023,10,Q4,Paid Ad,22829,274,926.0
2023-10-22,2023,10,Q4,Direct,0,0,0.0
2023-10-22,2023,10,Q4,Referral,0,0,0.0
2023-10-23,2023,10,Q4,Organic Search,0,0,0.0
2023-10-23,2023,10,Q4,Social Media,11051,199,434.78
2023-10-23,2023,10,Q4,Email Campaign,5765,259,154.86
2023-10-23,2023,10,Q4,Paid Ad,21457,257,870.6
2023-10-23,2023,10,Q4,Direct,0,0,0.0
2023-10-23,2023,10,Q4,Referral,0,0,0.0
2023-10-24,2023,10,Q4,Organic Search,0,0,0.0
2023-10-24,2023,10,Q4,Social Media,11965,215,470.85
2023-10-24,2023,10,Q4,Email Campaign,5991,270,160.9
2023-10-24,2023,10,Q4,Paid Ad,23635,284,959.2
2023-10-24,2023,10,Q4,Direct,0,0,0.0
2023-10-24,2023,10,Q4,Referral,0,0,0.0
2023-10-25,2023,10,Q4,Organic Search,0,0,0.0
2023-10-25,2023,10,Q4,Social Media,11643,210,458.29
2023-10-25,2023,10,Q4,Email Campaign,5980,269,160.58
2023-10-25,2023,10,Q4,Paid Ad,19804,238,803.55
2023-10-25,2023,10,Q4,Direct,0,0,0.0
2023-10-25,2023,10,Q4,Referral,0,0,0.0
2023-10-26,2023,10,Q4,Organic Search,0,0,0.0
2023-10-26,2023,10,Q4,Social Media,11159,201,439.28
2023-10-26,2023,10,Q4,Email Campaign,5582,251,149.73
2023-10-26,2023,10,Q4,Paid Ad,19844,238,805.58
2023-10-26,2023,10,Q4,Direct,0,0,0.0
2023-10-26,2023,10,Q4,Referral,0,0,0.0
2023-10-27,2023,10,Q4,Organic Search,0,0,0.0
2023-10-27,2023,10,Q4,Social Media,12315,222,484.73
2023-10-27,2023,10,Q4,Email Campaign,6948,313,186.55
2023-10-27,2023,10,Q4,Paid Ad,19481,234,789.67
2023-10-27,2023,10,Q4,Direct,0,0,0.0
2023-10-27,2023,10,Q4,Referral,0,0,0.0
2023-10-28,2023,10,Q4,Organic Search,0,0,0.0
2023-10-28,2023,10,Q4,Social Media,13310,240,523.82
2023-10-28,2023,10,Q4,Email Campaign,6690,301,179.71
2023-10-28,2023,10,Q4,Paid Ad,24482,294,993.8
2023-10-28,2023,10,Q4,Direct,0,0,0.0
2023-10-28,2023,10,Q4,Referral,0,0,0.0
2023-10-29,2023,10,Q4,Organic Search,0,0,0.0
2023-10-29,2023,10,Q4,Social Media,14063,253,553.29
2023-10-29,2023,10,Q4,Email Campaign,7421,334,199.16
2023-10-29,2023,10,Q4,Paid Ad,19158,230,776.31
2023-10-29,2023,10,Q4,Direct,0,0,0.0
2023-10-29,2023,10,Q4,Referral,0,0,0.0
2023-10-30,2023,10,Q4,Organic Search,0,0,0.0
2023-10-30,2023,10,Q4,Social Media,9680,174,381.22
2023-10-30,2023,10,Q4,Email Campaign,5614,253,150.84
2023-10-30,2023,10,Q4,Paid Ad,22466,270,911.2
2023-10-30,2023,10,Q4,Direct,0,0,0.0
2023-10-30,2023,10,Q4,Referral,0,0,0.0
2023-10-31,2023,10,Q4,Organic Search,0,0,0.0
2023-10-31,2023,10,Q4,Social Media,10460,188,412.15
2023-10-31,2023,10,Q4,Email Campaign,4442,200,119.26
2023-10-31,2023,10,Q4,Paid Ad,21578,259,875.93
2023-10-31,2023,10,Q4,Direct,0,0,0.0
2023-10-31,2023,10,Q4,Referral,0,0,0.0
2023-11-01,2023,11,Q4,Organic Search,0,0,0.0
2023-11-01,2023,11,Q4,Social Media,17693,318,696.53
2023-11-01,2023,11,Q4,Email Campaign,7744,348,207.87
2023-11-01,2023,11,Q4,Paid Ad,27588,331,1118.83
2023-11-01,2023,11,Q4,Direct,0,0,0.0
2023-11-01,2023,11,Q4,Referral,0,0,0.0
2023-11-02,2023,11,Q4,Organic Search,0,0,0.0
2023-11-02,2023,11,Q4,Social Media,15999,288,630.2
2023-11-02,2023,11,Q4,Email Campaign,8561,385,229.78
2023-11-02,2023,11,Q4,Paid Ad,28435,341,1153.75
2023-11-02,2023,11,Q4,Direct,0,0,0.0
2023-11-02,2023,11,Q4,Referral,0,0,0.0
2023-11-03,2023,11,Q4,Organic Search,0,0,0.0
2023-11-03,2023,11,Q4,Social Media,18043,325,710.22
2023-11-03,2023,11,Q4,Email Campaign,6550,295,175.73
2023-11-03,2023,11,Q4,Paid Ad,27911,335,1131.36
2023-11-03,2023,11,Q4,Direct,0,0,0.0
2023-11-03,2023,11,Q4,Referral,0,0,0.0
2023-11-04,2023,11,Q4,Organic Search,0,0,0.0
2023-11-04,2023,11,Q4,Social Media,18150,327,714.91
2023-11-04,2023,11,Q4,Email Campaign,9562,430,256.54
2023-11-04,2023,11,Q4,Paid Ad,32952,395,1336.68
2023-11-04,2023,11,Q4,Direct,0,0,0.0
2023-11-04,2023,11,Q4,Referral,0,0,0.0
2023-11-05,2023,11,Q4,Organic Search,0,0,0.0
2023-11-05,2023,11,Q4,Social Media,21242,382,835.84
2023-11-05,2023,11,Q4,Email Campaign,8304,374,222.94
2023-11-05,2023,11,Q4,Paid Ad,34566,415,1401.9
2023-11-05,2023,11,Q4,Direct,0,0,0.0
2023-11-05,2023,11,Q4,Referral,0,0,0.0
2023-11-06,2023,11,Q4,Organic Search,0,0,0.0
2023-11-06,2023,11,Q4,Social Media,18123,326,713.71
2023-11-06,2023,11,Q4,Email Campaign,9744,439,261.55
2023-11-06,2023,11,Q4,Paid Ad,28798,346,1167.78
2023-11-06,2023,11,Q4,Direct,0,0,0.0
2023-11-06,2023,11,Q4,Referral,0,0,0.0
2023-11-07,2023,11,Q4,Organic Search,0,0,0.0
2023-11-07,2023,11,Q4,Social Media,17801,320,700.95
2023-11-07,2023,11,Q4,Email Campaign,7260,327,194.86
2023-11-07,2023,11,Q4,Paid Ad,24200,290,982.19
2023-11-07,2023,11,Q4,Direct,0,0,0.0
2023-11-07,2023,11,Q4,Referral,0,0,0.0
2023-11-08,2023,11,Q4,Organic Search,0,0,0.0
2023-11-08,2023,11,Q4,Social Media,18527,333,729.38
2023-11-08,2023,11,Q4,Email Campaign,8475,381,227.63
2023-11-08,2023,11,Q4,Paid Ad,32751,393,1329.12
2023-11-08,2023,11,Q4,Direct,0,0,0.0
2023-11-08,2023,11,Q4,Referral,0,0,0.0
2023-11-09,2023,11,Q4,Organic Search,0,0,0.0
2023-11-09,2023,11,Q4,Social Media,15434,278,608.13
2023-11-09,2023,11,Q4,Email Campaign,8841,398,237.22
2023-11-09,2023,11,Q4,Paid Ad,34404,413,1396.17
2023-11-09,2023,11,Q4,Direct,0,0,0.0
2023-11-09,2023,11,Q4,Referral,0,0,0.0
2023-11-10,2023,11,Q4,Organic Search,0,0,0.0
2023-11-10,2023,11,Q4,Social Media,17935,323,706.16
2023-11-10,2023,11,Q4,Email Campaign,8669,390,232.76
2023-11-10,2023,11,Q4,Paid Ad,29968,360,1215.43
2023-11-10,2023,11,Q4,Direct,0,0,0.0
2023-11-10,2023,11,Q4,Referral,0,0,0.0
2023-11-11,2023,11,Q4,Organic Search,0,0,0.0
2023-11-11,2023,11,Q4,Social Media,17451,314,686.95
2023-11-11,2023,11,Q4,Email Campaign,10809,486,290.31
2023-11-11,2023,11,Q4,Paid Ad,32751,393,1328.53
2023-11-11,2023,11,Q4,Direct,0,0,0.0
2023-11-11,2023,11,Q4,Referral,0,0,0.0
2023-11-12,2023,11,Q4,Organic Search,0,0,0.0
2023-11-12,2023,11,Q4,Social Media,20758,374,817.43
2023-11-12,2023,11,Q4,Email Campaign,8540,384,229.14
2023-11-12,2023,11,Q4,Paid Ad,31178,374,1264.98
2023-11-12,2023,11,Q4,Direct,0,0,0.0
2023-11-12,2023,11,Q4,Referral,0,0,0.0
2023-11-13,2023,11,Q4,Organic Search,0,0,0.0
2023-11-13,2023,11,Q4,Social Media,19333,348,761.64
2023-11-13,2023,11,Q4,Email Campaign,8249,371,221.39
2023-11-13,2023,11,Q4,Paid Ad,33436,401,1355.81
2023-11-13,2023,11,Q4,Direct,0,0,0.0
2023-11-13,2023,11,Q4,Referral,0,0,0.0
2023-11-14,2023,11,Q4,Organic Search,0,0,0.0
2023-11-14,2023,11,Q4,Social Media,17236,310,678.96
2023-11-14,2023,11,Q4,Email Campaign,7239,326,194.19
2023-11-14,2023,11,Q4,Paid Ad,32065,385,1301.29
2023-11-14,2023,11,Q4,Direct,0,0,0.0
2023-11-14,2023,11,Q4,Referral,0,0,0.0
2023-11-15,2023,11,Q4,Organic Search,0,0,0.0
2023-11-15,2023,11,Q4,Social Media,16537,298,650.96
2023-11-15,2023,11,Q4,Email Campaign,8959,403,240.48
2023-11-15,2023,11,Q4,Paid Ad,30008,360,1217.06
2023-11-15,2023,11,Q4,Direct,0,0,0.0
2023-11-15,2023,11,Q4,Referral,0,0,0.0
2023-11-16,2023,11,Q4,Organic Search,0,0,0.0
2023-11-16,2023,11,Q4,Social Media,15219,274,598.86
2023-11-16,2023,11,Q4,Email Campaign,8594,387,230.73
2023-11-16,2023,11,Q4,Paid Ad,35211,423,1427.99
2023-11-16,2023,11,Q4,Direct,0,0,0.0
2023-11-16,2023,11,Q4,Referral,0,0,0.0
2023-11-17,2023,11,Q4,Organic Search,0,0,0.0
2023-11-17,2023,11,Q4,Social Media,18043,325,710.18
2023-11-17,2023,11,Q4,Email Campaign,8443,380,226.72
2023-11-17,2023,11,Q4,Paid Ad,32509,390,1319.1
2023-11-17,2023,11,Q4,Direct,0,0,0.0
2023-11-17,2023,11,Q4,Referral,0,0,0.0
2023-11-18,2023,11,Q4,Organic Search,0,0,0.0
2023-11-18,2023,11,Q4,Social Media,20301,365,798.94
2023-11-18,2023,11,Q4,Email Campaign,9917,446,266.29
2023-11-18,2023,11,Q4,Paid Ad,31420,377,1274.8
2023-11-18,2023,11,Q4,Direct,0,0,0.0
2023-11-18,2023,11,Q4,Referral,0,0,0.0
2023-11-19,2023,11,Q4,Organic Search,0,0,0.0
2023-11-19,2023,11,Q4,Social Media,20328,366,800.41
2023-11-19,2023,11,Q4,Email Campaign,10562,475,283.58
2023-11-19,2023,11,Q4,Paid Ad,32146,386,1303.39
2023-11-19,2023,11,Q4,Direct,0,0,0.0
2023-11-19,2023,11,Q4,Referral,0,0,0.0
2023-11-20,2023,11,Q4,Organic Search,0,0,0.0
2023-11-20,2023,11,Q4,Social Media,19333,348,761.08
2023-11-20,2023,11,Q4,Email Campaign,8422,379,226.08
2023-11-20,2023,11,Q4,Paid Ad,27830,334,1128.33
2023-11-20,2023,11,Q4,Direct,0,0,0.0
2023-11-20,2023,11,Q4,Referral,0,0,0.0
2023-11-21,2023,11,Q4,Organic Search,0,0,0.0
2023-11-21,2023,11,Q4,Social Media,18741,337,737.73
2023-11-21,2023,11,Q4,Email Campaign,8292,373,222.54
2023-11-21,2023,11,Q4,Paid Ad,31783,381,1288.4
2023-11-21,2023,11,Q4,Direct,0,0,0.0
2023-11-21,2023,11,Q4,Referral,0,0,0.0
2023-11-22,2023,11,Q4,Organic Search,0,0,0.0
2023-11-22,2023,11,Q4,Social Media,16940,305,667.27
2023-11-22,2023,11,Q4,Email Campaign,8443,380,226.64
2023-11-22,2023,11,Q4,Paid Ad,31137,374,1262.55
2023-11-22,2023,11,Q4,Direct,0,0,0.0
2023-11-22,2023,11,Q4,Referral,0,0,0.0
2023-11-23,2023,11,Q4,Organic Search,0,0,0.0
2023-11-23,2023,11,Q4,Social Media,17747,319,699.12
2023-11-23,2023,11,Q4,Email Campaign,7131,321,191.36
2023-11-23,2023,11,Q4,Paid Ad,27265,327,1105.67
2023-11-23,2023,11,Q4,Direct,0,0,0.0
2023-11-23,2023,11,Q4,Referral,0,0,0.0
2023-11-24,2023,11,Q4,Organic Search,0,0,0.0
2023-11-24,2023,11,Q4,Social Media,18634,335,734.0
2023-11-24,2023,11,Q4,Email Campaign,8389,378,225.32
2023-11-24,2023,11,Q4,Paid Ad,28677,344,1163.73
2023-11-24,2023,11,Q4,Direct,0,0,0.0
2023-11-24,2023,11,Q4,Referral,0,0,0.0
2023-11-25,2023,11,Q4,Organic Search,0,0,0.0
2023-11-25,2023,11,Q4,Social Media,17801,320,700.31
2023-11-25,2023,11,Q4,Email Campaign,8916,401,239.28
2023-11-25,2023,11,Q4,Paid Ad,28879,347,1170.89
2023-11-25,2023,11,Q4,Direct,0,0,0.0
2023-11-25,2023,11,Q4,Referral,0,0,0.0
2023-11-26,2023,11,Q4,Organic Search,0,0,0.0
2023-11-26,2023,11,Q4,Social Media,19790,356,779.33
2023-11-26,2023,11,Q4,Email Campaign,9293,418,249.34
2023-11-26,2023,11,Q4,Paid Ad,31783,381,1288.8
2023-11-26,2023,11,Q4,Direct,0,0,0.0
2023-11-26,2023,11,Q4,Referral,0,0,0.0
2023-11-27,2023,11,Q4,Organic Search,0,0,0.0
2023-11-27,2023,11,Q4,Social Media,17263,311,679.51
2023-11-27,2023,11,Q4,Email Campaign,8733,393,234.39
2023-11-27,2023,11,Q4,Paid Ad,34969,420,1418.0
2023-11-27,2023,11,Q4,Direct,0,0,0.0
2023-11-27,2023,11,Q4,Referral,0,0,0.0
2023-11-28,2023,11,Q4,Organic Search,0,0,0.0
2023-11-28,2023,11,Q4,Social Media,15246,274,600.57
2023-11-28,2023,11,Q4,Email Campaign,9272,417,248.87
2023-11-28,2023,11,Q4,Paid Ad,32267,387,1309.16
2023-11-28,2023,11,Q4,Direct,0,0,0.0
2023-11-28,2023,11,Q4,Referral,0,0,0.0
2023-11-29,2023,11,Q4,Organic Search,0,0,0.0
2023-11-29,2023,11,Q4,Social Media,16268,293,640.62
2023-11-29,2023,11,Q4,Email Campaign,8626,388,231.45
2023-11-29,2023,11,Q4,Paid Ad,28838,346,1170.13
2023-11-29,2023,11,Q4,Direct,0,0,0.0
2023-11-29,2023,11,Q4,Referral,0,0,0.0
2023-11-30,2023,11,Q4,Organic Search,0,0,0.0
2023-11-30,2023,11,Q4,Social Media,17612,317,693.35
2023-11-30,2023,11,Q4,Email Campaign,9508,428,255.23
2023-11-30,2023,11,Q4,Paid Ad,31379,377,1273.45
2023-11-30,2023,11,Q4,Direct,0,0,0.0
2023-11-30,2023,11,Q4,Referral,0,0,0.0
2023-12-01,2023,12,Q4,Organic Search,0,0,0.0
2023-12-01,2023,12,Q4,Social Media,18069,325,711.01
2023-12-01,2023,12,Q4,Email Campaign,8196,369,219.92
2023-12-01,2023,12,Q4,Paid Ad,26378,317,1070.39
2023-12-01,2023,12,Q4,Direct,0,0,0.0
2023-12-01,2023,12,Q4,Referral,0,0,0.0
2023-12-02,2023,12,Q4,Organic Search,0,0,0.0
2023-12-02,2023,12,Q4,Social Media,19629,353,772.61
2023-12-02,2023,12,Q4,Email Campaign,10702,482,287.16
2023-12-02,2023,12,Q4,Paid Ad,30210,363,1226.16
2023-12-02,2023,12,Q4,Direct,0,0,0.0
2023-12-02,2023,12,Q4,Referral,0,0,0.0
2023-12-03,2023,12,Q4,Organic Search,0,0,0.0
2023-12-03,2023,12,Q4,Social Media,18285,329,719.4
2023-12-03,2023,12,Q4,Email Campaign,9852,443,264.54
2023-12-03,2023,12,Q4,Paid Ad,31742,381,1286.77
2023-12-03,2023,12,Q4,Direct,0,0,0.0
2023-12-03,2023,12,Q4,Referral,0,0,0.0
2023-12-04,2023,12,Q4,Organic Search,0,0,0.0
2023-12-04,2023,12,Q4,Social Media,16241,292,639.91
2023-12-04,2023,12,Q4,Email Campaign,8196,369,220.04
2023-12-04,2023,12,Q4,Paid Ad,26660,320,1081.93
2023-12-04,2023,12,Q4,Direct,0,0,0.0
2023-12-04,2023,12,Q4,Referral,0,0,0.0
2023-12-05,2023,12,Q4,Organic Search,0,0,0.0
2023-12-05,2023,12,Q4,Social Media,15999,288,629.96
2023-12-05,2023,12,Q4,Email Campaign,8959,403,240.56
2023-12-05,2023,12,Q4,Paid Ad,26822,322,1087.57
2023-12-05,2023,12,Q4,Direct,0,0,0.0
2023-12-05,2023,12,Q4,Referral,0,0,0.0
2023-12-06,2023,12,Q4,Organic Search,0,0,0.0
2023-12-06,2023,12,Q4,Social Media,15139,272,595.88
2023-12-06,2023,12,Q4,Email Campaign,8056,363,216.26
2023-12-06,2023,12,Q4,Paid Ad,31702,380,1285.74
2023-12-06,2023,12,Q4,Direct,0,0,0.0
2023-12-06,2023,12,Q4,Referral,0,0,0.0
2023-12-07,2023,12,Q4,Organic Search,0,0,0.0
2023-12-07,2023,12,Q4,Social Media,17075,307,672.48
2023-12-07,2023,12,Q4,Email Campaign,8164,367,219.28
2023-12-07,2023,12,Q4,Paid Ad,30048,361,1218.93
2023-12-07,2023,12,Q4,Direct,0,0,0.0
2023-12-07,2023,12,Q4,Referral,0,0,0.0
2023-12-08,2023,12,Q4,Organic Search,0,0,0.0
2023-12-08,2023,12,Q4,Social Media,14923,269,587.81
2023-12-08,2023,12,Q4,Email Campaign,8819,397,236.74
2023-12-08,2023,12,Q4,Paid Ad,30855,370,1251.85
2023-12-08,2023,12,Q4,Direct,0,0,0.0
2023-12-08,2023,12,Q4,Referral,0,0,0.0
2023-12-09,2023,12,Q4,Organic Search,0,0,0.0
2023-12-09,2023,12,Q4,Social Media,19306,348,759.96
2023-12-09,2023,12,Q4,Email Campaign,10541,474,282.99
2023-12-09,2023,12,Q4,Paid Ad,31339,376,1270.82
2023-12-09,2023,12,Q4,Direct,0,0,0.0
2023-12-09,2023,12,Q4,Referral,0,0,0.0
2023-12-10,2023,12,Q4,Organic Search,0,0,0.0
2023-12-10,2023,12,Q4,Social Media,21753,392,856.6
2023-12-10,2023,12,Q4,Email Campaign,9874,444,265.13
2023-12-10,2023,12,Q4,Paid Ad,33517,402,1359.19
2023-12-10,2023,12,Q4,Direct,0,0,0.0
2023-12-10,2023,12,Q4,Referral,0,0,0.0
2023-12-11,2023,12,Q4,Organic Search,0,0,0.0
2023-12-11,2023,12,Q4,Social Media,17317,312,682.14
2023-12-11,2023,12,Q4,Email Campaign,8411,378,225.76
2023-12-11,2023,12,Q4,Paid Ad,32872,394,1333.18
2023-12-11,2023,12,Q4,Direct,0,0,0.0
2023-12-11,2023,12,Q4,Referral,0,0,0.0
2023-12-12,2023,12,Q4,Organic Search,0,0,0.0
2023-12-12,2023,12,Q4,Social Media,15865,286,624.36
2023-12-12,2023,12,Q4,Email Campaign,7970,359,213.83
2023-12-12,2023,12,Q4,Paid Ad,32428,389,1315.32
2023-12-12,2023,12,Q4,Direct,0,0,0.0
2023-12-12,2023,12,Q4,Referral,0,0,0.0
2023-12-13,2023,12,Q4,Organic Search,0,0,0.0
2023-12-13,2023,12,Q4,Social Media,16537,298,650.68
2023-12-13,2023,12,Q4,Email Campaign,9099,409,244.14
2023-12-13,2023,12,Q4,Paid Ad,34001,408,1379.75
2023-12-13,2023,12,Q4,Direct,0,0,0.0
2023-12-13,2023,12,Q4,Referral,0,0,0.0
2023-12-14,2023,12,Q4,Organic Search,0,0,0.0
2023-12-14,2023,12,Q4,Social Media,16805,302,661.26
2023-12-14,2023,12,Q4,Email Campaign,8949,403,240.16
2023-12-14,2023,12,Q4,Paid Ad,27185,326,1102.53
2023-12-14,2023,12,Q4,Direct,0,0,0.0
2023-12-14,2023,12,Q4,Referral,0,0,0.0
2023-12-15,2023,12,Q4,Organic Search,0,0,0.0
2023-12-15,2023,12,Q4,Social Media,18392,331,724.45
2023-12-15,2023,12,Q4,Email Campaign,8615,388,231.37
2023-12-15,2023,12,Q4,Paid Ad,31057,373,1260.56
2023-12-15,2023,12,Q4,Direct,0,0,0.0
2023-12-15,2023,12,Q4,Referral,0,0,0.0
2023-12-16,2023,12,Q4,Organic Search,0,0,0.0
2023-12-16,2023,12,Q4,Social Media,18930,341,745.13
2023-12-16,2023,12,Q4,Email Campaign,8465,381,227.11
2023-12-16,2023,12,Q4,Paid Ad,35816,430,1453.04
2023-12-16,2023,12,Q4,Direct,0,0,0.0
2023-12-16,2023,12,Q4,Referral,0,0,0.0
2023-12-17,2023,12,Q4,Organic Search,0,0,0.0
2023-12-17,2023,12,Q4,Social Media,16671,300,656.01
2023-12-17,2023,12,Q4,Email Campaign,9508,428,255.23
2023-12-17,2023,12,Q4,Paid Ad,37026,444,1501.95
2023-12-17,2023,12,Q4,Direct,0,0,0.0
2023-12-17,2023,12,Q4,Referral,0,0,0.0
2023-12-18,2023,12,Q4,Organic Search,0,0,0.0
2023-12-18,2023,12,Q4,Social Media,17612,317,693.71
2023-12-18,2023,12,Q4,Email Campaign,9809,441,263.22
2023-12-18,2023,12,Q4,Paid Ad,32388,389,1314.21
2023-12-18,2023,12,Q4,Direct,0,0,0.0
2023-12-18,2023,12,Q4,Referral,0,0,0.0
2023-12-19,2023,12,Q4,Organic Search,0,0,0.0
2023-12-19,2023,12,Q4,Social Media,16456,296,647.46
2023-12-19,2023,12,Q4,Email Campaign,8508,383,228.23
2023-12-19,2023,12,Q4,Paid Ad,29847,358,1210.02
2023-12-19,2023,12,Q4,Direct,0,0,0.0
2023-12-19,2023,12,Q4,Referral,0,0,0.0
2023-12-20,2023,12,Q4,Organic Search,0,0,0.0
2023-12-20,2023,12,Q4,Social Media,15165,273,596.72
2023-12-20,2023,12,Q4,Email Campaign,7841,353,210.61
2023-12-20,2023,12,Q4,Paid Ad,28596,343,1160.11
2023-12-20,2023,12,Q4,Direct,0,0,0.0
2023-12-20,2023,12,Q4,Referral,0,0,0.0
2023-12-21,2023,12,Q4,Organic Search,0,0,0.0
2023-12-21,2023,12,Q4,Social Media,14520,261,571.94
2023-12-21,2023,12,Q4,Email Campaign,8518,383,228.59
2023-12-21,2023,12,Q4,Paid Ad,29363,352,1190.41
2023-12-21,2023,12,Q4,Direct,0,0,0.0
2023-12-21,2023,12,Q4,Referral,0,0,0.0
2023-12-22,2023,12,Q4,Organic Search,0,0,0.0
2023-12-22,2023,12,Q4,Social Media,15031,271,591.79
2023-12-22,2023,12,Q4,Email Campaign,8755,394,235.11
2023-12-22,2023,12,Q4,Paid Ad,31662,380,1284.19
2023-12-22,2023,12,Q4,Direct,0,0,0.0
2023-12-22,2023,12,Q4,Referral,0,0,0.0
2023-12-23,2023,12,Q4,Organic Search,0,0,0.0
2023-12-23,2023,12,Q4,Social Media,20328,366,799.97
2023-12-23,2023,12,Q4,Email Campaign,9508,428,255.11
2023-12-23,2023,12,Q4,Paid Ad,36058,433,1462.86
2023-12-23,2023,12,Q4,Direct,0,0,0.0
2023-12-23,2023,12,Q4,Referral,0,0,0.0
2023-12-24,2023,12,Q4,Organic Search,0,0,0.0
2023-12-24,2023,12,Q4,Social Media,21054,379,828.45
2023-12-24,2023,12,Q4,Email Campaign,9992,450,268.31
2023-12-24,2023,12,Q4,Paid Ad,32146,386,1304.63
2023-12-24,2023,12,Q4,Direct,0,0,0.0
2023-12-24,2023,12,Q4,Referral,0,0,0.0
2023-12-25,2023,12,Q4,Organic Search,0,0,0.0
2023-12-25,2023,12,Q4,Social Media,17747,319,698.32
2023-12-25,2023,12,Q4,Email Campaign,9293,418,249.54
2023-12-25,2023,12,Q4,Paid Ad,28516,342,1156.65
2023-12-25,2023,12,Q4,Direct,0,0,0.0
2023-12-25,2023,12,Q4,Referral,0,0,0.0
2023-12-26,2023,12,Q4,Organic Search,0,0,0.0
2023-12-26,2023,12,Q4,Social Media,20274,365,797.86
2023-12-26,2023,12,Q4,Email Campaign,8131,366,218.17
2023-12-26,2023,12,Q4,Paid Ad,30008,360,1217.77
2023-12-26,2023,12,Q4,Direct,0,0,0.0
2023-12-26,2023,12,Q4,Referral,0,0,0.0
2023-12-27,2023,12,Q4,Organic Search,0,0,0.0
2023-12-27,2023,12,Q4,Social Media,16429,296,646.47
2023-12-27,2023,12,Q4,Email Campaign,8636,389,231.81
2023-12-27,2023,12,Q4,Paid Ad,25773,309,1045.34
2023-12-27,2023,12,Q4,Direct,0,0,0.0
2023-12-27,2023,12,Q4,Referral,0,0,0.0
2023-12-28,2023,12,Q4,Organic Search,0,0,0.0
2023-12-28,2023,12,Q4,Social Media,16591,299,653.35
2023-12-28,2023,12,Q4,Email Campaign,7744,348,207.83
2023-12-28,2023,12,Q4,Paid Ad,30250,363,1227.75
2023-12-28,2023,12,Q4,Direct,0,0,0.0
2023-12-28,2023,12,Q4,Referral,0,0,0.0
2023-12-29,2023,12,Q4,Organic Search,0,0,0.0
2023-12-29,2023,12,Q4,Social Media,18741,337,737.58
2023-12-29,2023,12,Q4,Email Campaign,8927,402,239.48
2023-12-29,2023,12,Q4,Paid Ad,24281,291,984.14
2023-12-29,2023,12,Q4,Direct,0,0,0.0
2023-12-29,2023,12,Q4,Referral,0,0,0.0
2023-12-30,2023,12,Q4,Organic Search,0,0,0.0
2023-12-30,2023,12,Q4,Social Media,23205,418,914.07
2023-12-30,2023,12,Q4,Email Campaign,9992,450,268.08
2023-12-30,2023,12,Q4,Paid Ad,32307,388,1310.03
2023-12-30,2023,12,Q4,Direct,0,0,0.0
2023-12-30,2023,12,Q4,Referral,0,0,0.0
2023-12-31,2023,12,Q4,Organic Search,0,0,0.0
2023-12-31,2023,12,Q4,Social Media,20221,364,795.6
2023-12-31,2023,12,Q4,Email Campaign,9895,445,265.61
2023-12-31,2023,12,Q4,Paid Ad,32589,391,1322.28
2023-12-31,2023,12,Q4,Direct,0,0,0.0
2023-12-31,2023,12,Q4,Referral,0,0,0.0
2024-01-01,2024,1,Q1,Organic Search,0,0,0.0
2024-01-01,2024,1,Q1,Social Media,11239,202,442.74
2024-01-01,2024,1,Q1,Email Campaign,5152,232,138.23
2024-01-01,2024,1,Q1,Paid Ad,18473,222,749.78
2024-01-01,2024,1,Q1,Direct,0,0,0.0
2024-01-01,2024,1,Q1,Referral,0,0,0.0
2024-01-02,2024,1,Q1,Organic Search,0,0,0.0
2024-01-02,2024,1,Q1,Social Media,10460,188,411.92
2024-01-02,2024,1,Q1,Email Campaign,4797,216,128.65
2024-01-02,2024,1,Q1,Paid Ad,19320,232,783.87
2024-01-02,2024,1,Q1,Direct,0,0,0.0
2024-01-02,2024,1,Q1,Referral,0,0,0.0
2024-01-03,2024,1,Q1,Organic Search,0,0,0.0
2024-01-03,2024,1,Q1,Social Media,11589,209,456.26
2024-01-03,2024,1,Q1,Email Campaign,5636,254,151.28
2024-01-03,2024,1,Q1,Paid Ad,20368,244,825.66
2024-01-03,2024,1,Q1,Direct,0,0,0.0
2024-01-03,2024,1,Q1,Referral,0,0,0.0
2024-01-04,2024,1,Q1,Organic Search,0,0,0.0
2024-01-04,2024,1,Q1,Social Media,11347,204,447.15
2024-01-04,2024,1,Q1,Email Campaign,5184,233,139.07
2024-01-04,2024,1,Q1,Paid Ad,20368,244,826.89
2024-01-04,2024,1,Q1,Direct,0,0,0.0
2024-01-04,2024,1,Q1,Referral,0,0,0.0
2024-01-05,2024,1,Q1,Organic Search,0,0,0.0
2024-01-05,2024,1,Q1,Social Media,9868,178,388.53
2024-01-05,2024,1,Q1,Email Campaign,5023,226,134.81
2024-01-05,2024,1,Q1,Paid Ad,17626,212,715.07
2024-01-05,2024,1,Q1,Direct,0,0,0.0
2024-01-05,2024,1,Q1,Referral,0,0,0.0
2024-01-06,2024,1,Q1,Organic Search,0,0,0.0
2024-01-06,2024,1,Q1,Social Media,13821,249,544.54
2024-01-06,2024,1,Q1,Email Campaign,6690,301,179.67
2024-01-06,2024,1,Q1,Paid Ad,22829,274,925.8
2024-01-06,2024,1,Q1,Direct,0,0,0.0
2024-01-06,2024,1,Q1,Referral,0,0,0.0
2024-01-07,2024,1,Q1,Organic Search,0,0,0.0
2024-01-07,2024,1,Q1,Social Media,13821,249,544.22
2024-01-07,2024,1,Q1,Email Campaign,5787,260,155.33
2024-01-07,2024,1,Q1,Paid Ad,22587,271,915.89
2024-01-07,2024,1,Q1,Direct,0,0,0.0
2024-01-07,2024,1,Q1,Referral,0,0,0.0
2024-01-08,2024,1,Q1,Organic Search,0,0,0.0
2024-01-08,2024,1,Q1,Social Media,10971,197,431.48
2024-01-08,2024,1,Q1,Email Campaign,5776,260,155.13
2024-01-08,2024,1,Q1,Paid Ad,18916,227,767.68
2024-01-08,2024,1,Q1,Direct,0,0,0.0
2024-01-08,2024,1,Q1,Referral,0,0,0.0
2024-01-09,2024,1,Q1,Organic Search,0,0,0.0
2024-01-09,2024,1,Q1,Social Media,10729,193,422.41
2024-01-09,2024,1,Q1,Email Campaign,5647,254,151.6
2024-01-09,2024,1,Q1,Paid Ad,20449,245,829.16
2024-01-09,2024,1,Q1,Direct,0,0,0.0
2024-01-09,2024,1,Q1,Referral,0,0,0.0
2024-01-10,2024,1,Q1,Organic Search,0,0,0.0
2024-01-10,2024,1,Q1,Social Media,10487,189,412.55
2024-01-10,2024,1,Q1,Email Campaign,5388,242,144.56
2024-01-10,2024,1,Q1,Paid Ad,17464,210,709.22
2024-01-10,2024,1,Q1,Direct,0,0,0.0
2024-01-10,2024,1,Q1,Referral,0,0,0.0
2024-01-11,2024,1,Q1,Organic Search,0,0,0.0
2024-01-11,2024,1,Q1,Social Media,8847,159,348.76
2024-01-11,2024,1,Q1,Email Campaign,5496,247,147.62
2024-01-11,2024,1,Q1,Paid Ad,20046,241,812.58
2024-01-11,2024,1,Q1,Direct,0,0,0.0
2024-01-11,2024,1,Q1,Referral,0,0,0.0
2024-01-12,2024,1,Q1,Organic Search,0,0,0.0
2024-01-12,2024,1,Q1,Social Media,11293,203,445.0
2024-01-12,2024,1,Q1,Email Campaign,4571,206,122.64
2024-01-12,2024,1,Q1,Paid Ad,18553,223,753.08
2024-01-12,2024,1,Q1,Direct,0,0,0.0
2024-01-12,2024,1,Q1,Referral,0,0,0.0
2024-01-13,2024,1,Q1,Organic Search,0,0,0.0
2024-01-13,2024,1,Q1,Social Media,10460,188,412.27
2024-01-13,2024,1,Q1,Email Campaign,6905,311,185.36
2024-01-13,2024,1,Q1,Paid Ad,20046,241,813.65
2024-01-13,2024,1,Q1,Direct,0,0,0.0
2024-01-13,2024,1,Q1,Referral,0,0,0.0
2024-01-14,2024,1,Q1,Organic Search,0,0,0.0
2024-01-14,2024,1,Q1,Social Media,14009,252,551.58
2024-01-14,2024,1,Q1,Email Campaign,6690,301,179.71
2024-01-14,2024,1,Q1,Paid Ad,20368,244,826.85
2024-01-14,2024,1,Q1,Direct,0,0,0.0
2024-01-14,2024,1,Q1,Referral,0,0,0.0
2024-01-15,2024,1,Q1,Organic Search,0,0,0.0
2024-01-15,2024,1,Q1,Social Media,10057,181,396.37
2024-01-15,2024,1,Q1,Email Campaign,5561,250,149.37
2024-01-15,2024,1,Q1,Paid Ad,17827,214,722.5
2024-01-15,2024,1,Q1,Direct,0,0,0.0
2024-01-15,2024,1,Q1,Referral,0,0,0.0
2024-01-16,2024,1,Q1,Organic Search,0,0,0.0
2024-01-16,2024,1,Q1,Social Media,11159,201,439.44
2024-01-16,2024,1,Q1,Email Campaign,5206,234,139.66
2024-01-16,2024,1,Q1,Paid Ad,16375,197,664.44
2024-01-16,2024,1,Q1,Direct,0,0,0.0
2024-01-16,2024,1,Q1,Referral,0,0,0.0
2024-01-17,2024,1,Q1,Organic Search,0,0,0.0
2024-01-17,2024,1,Q1,Social Media,9089,164,358.07
2024-01-17,2024,1,Q1,Email Campaign,5507,248,147.94
2024-01-17,2024,1,Q1,Paid Ad,18231,219,740.04
2024-01-17,2024,1,Q1,Direct,0,0,0.0
2024-01-17,2024,1,Q1,Referral,0,0,0.0
2024-01-18,2024,1,Q1,Organic Search,0,0,0.0
2024-01-18,2024,1,Q1,Social Media,10567,190,416.57
2024-01-18,2024,1,Q1,Email Campaign,5711,257,153.38
2024-01-18,2024,1,Q1,Paid Ad,20893,251,847.57
2024-01-18,2024,1,Q1,Direct,0,0,0.0
2024-01-18,2024,1,Q1,Referral,0,0,0.0
2024-01-19,2024,1,Q1,Organic Search,0,0,0.0
2024-01-19,2024,1,Q1,Social Media,10836,195,426.35
2024-01-19,2024,1,Q1,Email Campaign,5260,237,141.34
2024-01-19,2024,1,Q1,Paid Ad,19884,239,805.86
2024-01-19,2024,1,Q1,Direct,0,0,0.0
2024-01-19,2024,1,Q1,Referral,0,0,0.0
2024-01-20,2024,1,Q1,Organic Search,0,0,0.0
2024-01-20,2024,1,Q1,Social Media,11347,204,446.83
2024-01-20,2024,1,Q1,Email Campaign,6335,285,170.05
2024-01-20,2024,1,Q1,Paid Ad,22950,275,930.41
2024-01-20,2024,1,Q1,Direct,0,0,0.0
2024-01-20,2024,1,Q1,Referral,0,0,0.0
2024-01-21,2024,1,Q1,Organic Search,0,0,0.0
2024-01-21,2024,1,Q1,Social Media,13417,242,528.52
2024-01-21,2024,1,Q1,Email Campaign,5260,237,141.18
2024-01-21,2024,1,Q1,Paid Ad,20610,247,836.8
2024-01-21,2024,1,Q1,Direct,0,0,0.0
2024-01-21,2024,1,Q1,Referral,0,0,0.0
2024-01-22,2024,1,Q1,Organic Search,0,0,0.0
2024-01-22,2024,1,Q1,Social Media,10299,185,405.24
2024-01-22,2024,1,Q1,Email Campaign,5453,245,146.43
2024-01-22,2024,1,Q1,Paid Ad,19844,238,804.62
2024-01-22,2024,1,Q1,Direct,0,0,0.0
2024-01-22,2024,1,Q1,Referral,0,0,0.0
2024-01-23,2024,1,Q1,Organic Search,0,0,0.0
2024-01-23,2024,1,Q1,Social Media,12396,223,488.03
2024-01-23,2024,1,Q1,Email Campaign,5195,234,139.55
2024-01-23,2024,1,Q1,Paid Ad,18352,220,744.02
2024-01-23,2024,1,Q1,Direct,0,0,0.0
2024-01-23,2024,1,Q1,Referral,0,0,0.0
2024-01-24,2024,1,Q1,Organic Search,0,0,0.0
2024-01-24,2024,1,Q1,Social Media,12100,218,475.94
2024-01-24,2024,1,Q1,Email Campaign,5539,249,148.73
2024-01-24,2024,1,Q1,Paid Ad,21054,253,853.42
2024-01-24,2024,1,Q1,Direct,0,0,0.0
2024-01-24,2024,1,Q1,Referral,0,0,0.0
2024-01-25,2024,1,Q1,Organic Search,0,0,0.0
2024-01-25,2024,1,Q1,Social Media,11320,204,445.92
2024-01-25,2024,1,Q1,Email Campaign,4916,221,131.83
2024-01-25,2024,1,Q1,Paid Ad,17061,205,692.2
2024-01-25,2024,1,Q1,Direct,0,0,0.0
2024-01-25,2024,1,Q1,Referral,0,0,0.0
2024-01-26,2024,1,Q1,Organic Search,0,0,0.0
2024-01-26,2024,1,Q1,Social Media,9707,175,381.73
2024-01-26,2024,1,Q1,Email Campaign,5701,257,152.99
2024-01-26,2024,1,Q1,Paid Ad,20933,251,848.53
2024-01-26,2024,1,Q1,Direct,0,0,0.0
2024-01-26,2024,1,Q1,Referral,0,0,0.0
2024-01-27,2024,1,Q1,Organic Search,0,0,0.0
2024-01-27,2024,1,Q1,Social Media,14627,263,575.36
2024-01-27,2024,1,Q1,Email Campaign,6647,299,178.36
2024-01-27,2024,1,Q1,Paid Ad,23998,288,973.96
2024-01-27,2024,1,Q1,Direct,0,0,0.0
2024-01-27,2024,1,Q1,Referral,0,0,0.0
2024-01-28,2024,1,Q1,Organic Search,0,0,0.0
2024-01-28,2024,1,Q1,Social Media,12127,218,477.97
2024-01-28,2024,1,Q1,Email Campaign,5647,254,151.6
2024-01-28,2024,1,Q1,Paid Ad,23474,282,951.65
2024-01-28,2024,1,Q1,Direct,0,0,0.0
2024-01-28,2024,1,Q1,Referral,0,0,0.0
2024-01-29,2024,1,Q1,Organic Search,0,0,0.0
2024-01-29,2024,1,Q1,Social Media,11428,206,450.41
2024-01-29,2024,1,Q1,Email Campaign,5464,246,146.54
2024-01-29,2024,1,Q1,Paid Ad,19683,236,798.86
2024-01-29,2024,1,Q1,Direct,0,0,0.0
2024-01-29,2024,1,Q1,Referral,0,0,0.0
2024-01-30,2024,1,Q1,Organic Search,0,0,0.0
2024-01-30,2024,1,Q1,Social Media,11347,204,447.11
2024-01-30,2024,1,Q1,Email Campaign,5969,269,160.19
2024-01-30,2024,1,Q1,Paid Ad,21094,253,855.09
2024-01-30,2024,1,Q1,Direct,0,0,0.0
2024-01-30,2024,1,Q1,Referral,0,0,0.0
2024-01-31,2024,1,Q1,Organic Search,0,0,0.0
2024-01-31,2024,1,Q1,Social Media,11562,208,454.83
2024-01-31,2024,1,Q1,Email Campaign,5776,260,155.13
2024-01-31,2024,1,Q1,Paid Ad,19884,239,806.69
2024-01-31,2024,1,Q1,Direct,0,0,0.0
2024-01-31,2024,1,Q1,Referral,0,0,0.0
2024-02-01,2024,2,Q1,Organic Search,0,0,0.0
2024-02-01,2024,2,Q1,Social Media,10675,192,419.79
2024-02-01,2024,2,Q1,Email Campaign,5744,258,154.06
2024-02-01,2024,2,Q1,Paid Ad,16980,204,688.38
2024-02-01,2024,2,Q1,Direct,0,0,0.0
2024-02-01,2024,2,Q1,Referral,0,0,0.0
2024-02-02,2024,2,Q1,Organic Search,0,0,0.0
2024-02-02,2024,2,Q1,Social Media,11993,216,472.6
2024-02-02,2024,2,Q1,Email Campaign,4894,220,131.39
2024-02-02,2024,2,Q1,Paid Ad,19521,234,792.53
2024-02-02,2024,2,Q1,Direct,0,0,0.0
2024-02-02,2024,2,Q1,Referral,0,0,0.0
2024-02-03,2024,2,Q1,Organic Search,0,0,0.0
2024-02-03,2024,2,Q1,Social Media,11858,213,467.35
2024-02-03,2024,2,Q1,Email Campaign,6496,292,174.46
2024-02-03,2024,2,Q1,Paid Ad,21901,263,888.65
2024-02-03,2024,2,Q1,Direct,0,0,0.0
2024-02-03,2024,2,Q1,Referral,0,0,0.0
2024-02-04,2024,2,Q1,Organic Search,0,0,0.0
2024-02-04,2024,2,Q1,Social Media,11105,200,437.29
2024-02-04,2024,2,Q1,Email Campaign,6432,289,172.67
2024-02-04,2024,2,Q1,Paid Ad,20933,251,849.88
2024-02-04,2024,2,Q1,Direct,0,0,0.0
2024-02-04,2024,2,Q1,Referral,0,0,0.0
2024-02-05,2024,2,Q1,Organic Search,0,0,0.0
2024-02-05,2024,2,Q1,Social Media,11858,213,466.56
2024-02-05,2024,2,Q1,Email Campaign,5410,243,145.31
2024-02-05,2024,2,Q1,Paid Ad,19723,237,799.34
2024-02-05,2024,2,Q1,Direct,0,0,0.0
2024-02-05,2024,2,Q1,Referral,0,0,0.0
2024-02-06,2024,2,Q1,Organic Search,0,0,0.0
2024-02-06,2024,2,Q1,Social Media,10218,184,402.45
2024-02-06,2024,2,Q1,Email Campaign,5152,232,138.43
2024-02-06,2024,2,Q1,Paid Ad,18392,221,746.4
2024-02-06,2024,2,Q1,Direct,0,0,0.0
2024-02-06,2024,2,Q1,Referral,0,0,0.0
2024-02-07,2024,2,Q1,Organic Search,0,0,0.0
2024-02-07,2024,2,Q1,Social Media,11831,213,465.72
2024-02-07,2024,2,Q1,Email Campaign,6141,276,164.8
2024-02-07,2024,2,Q1,Paid Ad,17868,214,724.93
2024-02-07,2024,2,Q1,Direct,0,0,0.0
2024-02-07,2024,2,Q1,Referral,0,0,0.0
2024-02-08,2024,2,Q1,Organic Search,0,0,0.0
2024-02-08,2024,2,Q1,Social Media,12019,216,473.4
2024-02-08,2024,2,Q1,Email Campaign,4474,201,120.06
2024-02-08,2024,2,Q1,Paid Ad,17263,207,700.79
2024-02-08,2024,2,Q1,Direct,0,0,0.0
2024-02-08,2024,2,Q1,Referral,0,0,0.0
2024-02-09,2024,2,Q1,Organic Search,0,0,0.0
2024-02-09,2024,2,Q1,Social Media,10218,184,402.41
2024-02-09,2024,2,Q1,Email Campaign,4829,217,129.56
2024-02-09,2024,2,Q1,Paid Ad,16698,200,676.69
2024-02-09,2024,2,Q1,Direct,0,0,0.0
2024-02-09,2024,2,Q1,Referral,0,0,0.0
2024-02-10,2024,2,Q1,Organic Search,0,0,0.0
2024-02-10,2024,2,Q1,Social Media,13149,237,517.78
2024-02-10,2024,2,Q1,Email Campaign,6120,275,164.2
2024-02-10,2024,2,Q1,Paid Ad,22627,272,918.12
2024-02-10,2024,2,Q1,Direct,0,0,0.0
2024-02-10,2024,2,Q1,Referral,0,0,0.0
2024-02-11,2024,2,Q1,Organic Search,0,0,0.0
2024-02-11,2024,2,Q1,Social Media,13445,242,528.91
2024-02-11,2024,2,Q1,Email Campaign,6356,286,170.64
2024-02-11,2024,2,Q1,Paid Ad,23111,277,937.93
2024-02-11,2024,2,Q1,Direct,0,0,0.0
2024-02-11,2024,2,Q1,Referral,0,0,0.0
2024-02-12,2024,2,Q1,Organic Search,0,0,0.0
2024-02-12,2024,2,Q1,Social Media,10997,198,433.43
2024-02-12,2024,2,Q1,Email Campaign,4894,220,131.47
2024-02-12,2024,2,Q1,Paid Ad,20731,249,840.42
2024-02-12,2024,2,Q1,Direct,0,0,0.0
2024-02-12,2024,2,Q1,Referral,0,0,0.0
2024-02-13,2024,2,Q1,Organic Search,0,0,0.0
2024-02-13,2024,2,Q1,Social Media,10541,190,415.3
2024-02-13,2024,2,Q1,Email Campaign,5012,226,134.42
2024-02-13,2024,2,Q1,Paid Ad,18836,226,763.82
2024-02-13,2024,2,Q1,Direct,0,0,0.0
2024-02-13,2024,2,Q1,Referral,0,0,0.0
2024-02-14,2024,2,Q1,Organic Search,0,0,0.0
2024-02-14,2024,2,Q1,Social Media,10271,185,404.0
2024-02-14,2024,2,Q1,Email Campaign,5227,235,140.42
2024-02-14,2024,2,Q1,Paid Ad,19642,236,796.15
2024-02-14,2024,2,Q1,Direct,0,0,0.0
2024-02-14,2024,2,Q1,Referral,0,0,0.0
2024-02-15,2024,2,Q1,Organic Search,0,0,0.0
2024-02-15,2024,2,Q1,Social Media,11374,205,447.99
2024-02-15,2024,2,Q1,Email Campaign,5023,226,134.85
2024-02-15,2024,2,Q1,Paid Ad,18352,220,744.61
2024-02-15,2024,2,Q1,Direct,0,0,0.0
2024-02-15,2024,2,Q1,Referral,0,0,0.0
2024-02-16,2024,2,Q1,Organic Search,0,0,0.0
2024-02-16,2024,2,Q1,Social Media,12019,216,473.32
2024-02-16,2024,2,Q1,Email Campaign,5625,253,151.04
2024-02-16,2024,2,Q1,Paid Ad,22264,267,903.45
2024-02-16,2024,2,Q1,Direct,0,0,0.0
2024-02-16,2024,2,Q1,Referral,0,0,0.0
2024-02-17,2024,2,Q1,Organic Search,0,0,0.0
2024-02-17,2024,2,Q1,Social Media,13929,251,548.56
2024-02-17,2024,2,Q1,Email Campaign,6797,306,182.38
2024-02-17,2024,2,Q1,Paid Ad,19521,234,792.14
2024-02-17,2024,2,Q1,Direct,0,0,0.0
2024-02-17,2024,2,Q1,Referral,0,0,0.0
2024-02-18,2024,2,Q1,Organic Search,0,0,0.0
2024-02-18,2024,2,Q1,Social Media,13498,243,531.86
2024-02-18,2024,2,Q1,Email Campaign,6195,279,166.35
2024-02-18,2024,2,Q1,Paid Ad,21014,252,851.79
2024-02-18,2024,2,Q1,Direct,0,0,0.0
2024-02-18,2024,2,Q1,Referral,0,0,0.0
2024-02-19,2024,2,Q1,Organic Search,0,0,0.0
2024-02-19,2024,2,Q1,Social Media,11213,202,441.7
2024-02-19,2024,2,Q1,Email Campaign,5819,262,156.29
2024-02-19,2024,2,Q1,Paid Ad,19884,239,805.9
2024-02-19,2024,2,Q1,Direct,0,0,0.0
2024-02-19,2024,2,Q1,Referral,0,0,0.0
2024-02-20,2024,2,Q1,Organic Search,0,0,0.0
2024-02-20,2024,2,Q1,Social Media,10299,185,405.24
2024-02-20,2024,2,Q1,Email Campaign,5732,258,153.9
2024-02-20,2024,2,Q1,Paid Ad,18110,217,735.31
2024-02-20,2024,2,Q1,Direct,0,0,0.0
2024-02-20,2024,2,Q1,Referral,0,0,0.0
2024-02-21,2024,2,Q1,Organic Search,0,0,0.0
2024-02-21,2024,2,Q1,Social Media,11267,203,443.41
2024-02-21,2024,2,Q1,Email Campaign,5281,238,141.77
2024-02-21,2024,2,Q1,Paid Ad,18755,225,761.28
2024-02-21,2024,2,Q1,Direct,0,0,0.0
2024-02-21,2024,2,Q1,Referral,0,0,0.0
2024-02-22,2024,2,Q1,Organic Search,0,0,0.0
2024-02-22,2024,2,Q1,Social Media,11751,212,462.54
2024-02-22,2024,2,Q1,Email Campaign,4958,223,133.18
2024-02-22,2024,2,Q1,Paid Ad,22062,265,895.41
2024-02-22,2024,2,Q1,Direct,0,0,0.0
2024-02-22,2024,2,Q1,Referral,0,0,0.0
2024-02-23,2024,2,Q1,Organic Search,0,0,0.0
2024-02-23,2024,2,Q1,Social Media,9465,170,372.35
2024-02-23,2024,2,Q1,Email Campaign,5152,232,138.35
2024-02-23,2024,2,Q1,Paid Ad,19683,236,797.78
2024-02-23,2024,2,Q1,Direct,0,0,0.0
2024-02-23,2024,2,Q1,Referral,0,0,0.0
2024-02-24,2024,2,Q1,Organic Search,0,0,0.0
2024-02-24,2024,2,Q1,Social Media,13337,240,524.66
2024-02-24,2024,2,Q1,Email Campaign,6174,278,165.71
2024-02-24,2024,2,Q1,Paid Ad,21861,262,886.98
2024-02-24,2024,2,Q1,Direct,0,0,0.0
2024-02-24,2024,2,Q1,Referral,0,0,0.0
2024-02-25,2024,2,Q1,Organic Search,0,0,0.0
2024-02-25,2024,2,Q1,Social Media,13149,237,517.7
2024-02-25,2024,2,Q1,Email Campaign,6109,275,164.0
2024-02-25,2024,2,Q1,Paid Ad,24402,293,990.38
2024-02-25,2024,2,Q1,Direct,0,0,0.0
2024-02-25,2024,2,Q1,Referral,0,0,0.0
2024-02-26,2024,2,Q1,Organic Search,0,0,0.0
2024-02-26,2024,2,Q1,Social Media,11804,212,465.09
2024-02-26,2024,2,Q1,Email Campaign,5787,260,155.41
2024-02-26,2024,2,Q1,Paid Ad,17626,212,714.95
2024-02-26,2024,2,Q1,Direct,0,0,0.0
2024-02-26,2024,2,Q1,Referral,0,0,0.0
2024-02-27,2024,2,Q1,Organic Search,0,0,0.0
2024-02-27,2024,2,Q1,Social Media,10997,198,433.07
2024-02-27,2024,2,Q1,Email Campaign,5281,238,141.81
2024-02-27,2024,2,Q1,Paid Ad,17545,211,712.48
2024-02-27,2024,2,Q1,Direct,0,0,0.0
2024-02-27,2024,2,Q1,Referral,0,0,0.0
2024-02-28,2024,2,Q1,Organic Search,0,0,0.0
2024-02-28,2024,2,Q1,Social Media,11401,205,448.38
2024-02-28,2024,2,Q1,Email Campaign,5184,233,139.03
2024-02-28,2024,2,Q1,Paid Ad,20086,241,815.48
2024-02-28,2024,2,Q1,Direct,0,0,0.0
2024-02-28,2024,2,Q1,Referral,0,0,0.0
2024-02-29,2024,2,Q1,Organic Search,0,0,0.0
2024-02-29,2024,2,Q1,Social Media,10110,182,398.51
2024-02-29,2024,2,Q1,Email Campaign,6152,277,165.28
2024-02-29,2024,2,Q1,Paid Ad,17747,213,719.28
2024-02-29,2024,2,Q1,Direct,0,0,0.0
2024-02-29,2024,2,Q1,Referral,0,0,0.0
2024-03-01,2024,3,Q1,Organic Search,0,0,0.0
2024-03-01,2024,3,Q1,Social Media,13256,239,521.75
2024-03-01,2024,3,Q1,Email Campaign,6776,305,181.74
2024-03-01,2024,3,Q1,Paid Ad,21457,257,869.96
2024-03-01,2024,3,Q1,Direct,0,0,0.0
2024-03-01,2024,3,Q1,Referral,0,0,0.0
2024-03-02,2024,3,Q1,Organic Search,0,0,0.0
2024-03-02,2024,3,Q1,Social Media,15999,288,629.88
2024-03-02,2024,3,Q1,Email Campaign,6604,297,177.25
2024-03-02,2024,3,Q1,Paid Ad,28838,346,1170.09
2024-03-02,2024,3,Q1,Direct,0,0,0.0
2024-03-02,2024,3,Q1,Referral,0,0,0.0
2024-03-03,2024,3,Q1,Organic Search,0,0,0.0
2024-03-03,2024,3,Q1,Social Media,15004,270,590.35
2024-03-03,2024,3,Q1,Email Campaign,6970,314,187.19
2024-03-03,2024,3,Q1,Paid Ad,25208,302,1023.19
2024-03-03,2024,3,Q1,Direct,0,0,0.0
2024-03-03,2024,3,Q1,Referral,0,0,0.0
2024-03-04,2024,3,Q1,Organic Search,0,0,0.0
2024-03-04,2024,3,Q1,Social Media,13875,250,545.93
2024-03-04,2024,3,Q1,Email Campaign,6066,273,162.93
2024-03-04,2024,3,Q1,Paid Ad,21135,254,856.92
2024-03-04,2024,3,Q1,Direct,0,0,0.0
2024-03-04,2024,3,Q1,Referral,0,0,0.0
2024-03-05,2024,3,Q1,Organic Search,0,0,0.0
2024-03-05,2024,3,Q1,Social Media,12799,230,503.66
2024-03-05,2024,3,Q1,Email Campaign,5765,259,154.82
2024-03-05,2024,3,Q1,Paid Ad,25733,309,1044.35
2024-03-05,2024,3,Q1,Direct,0,0,0.0
2024-03-05,2024,3,Q1,Referral,0,0,0.0
2024-03-06,2024,3,Q1,Organic Search,0,0,0.0
2024-03-06,2024,3,Q1,Social Media,12423,224,489.54
2024-03-06,2024,3,Q1,Email Campaign,6787,305,182.3
2024-03-06,2024,3,Q1,Paid Ad,22869,274,926.87
2024-03-06,2024,3,Q1,Direct,0,0,0.0
2024-03-06,2024,3,Q1,Referral,0,0,0.0
2024-03-07,2024,3,Q1,Organic Search,0,0,0.0
2024-03-07,2024,3,Q1,Social Media,11993,216,472.36
2024-03-07,2024,3,Q1,Email Campaign,6368,287,170.84
2024-03-07,2024,3,Q1,Paid Ad,23877,287,968.75
2024-03-07,2024,3,Q1,Direct,0,0,0.0
2024-03-07,2024,3,Q1,Referral,0,0,0.0
2024-03-08,2024,3,Q1,Organic Search,0,0,0.0
2024-03-08,2024,3,Q1,Social Media,12826,231,505.05
2024-03-08,2024,3,Q1,Email Campaign,6980,314,187.23
2024-03-08,2024,3,Q1,Paid Ad,24321,292,986.05
2024-03-08,2024,3,Q1,Direct,0,0,0.0
2024-03-08,2024,3,Q1,Referral,0,0,0.0
2024-03-09,2024,3,Q1,Organic Search,0,0,0.0
2024-03-09,2024,3,Q1,Social Media,16079,289,633.03
2024-03-09,2024,3,Q1,Email Campaign,7056,318,189.34
2024-03-09,2024,3,Q1,Paid Ad,23595,283,957.73
2024-03-09,2024,3,Q1,Direct,0,0,0.0
2024-03-09,2024,3,Q1,Referral,0,0,0.0
2024-03-10,2024,3,Q1,Organic Search,0,0,0.0
2024-03-10,2024,3,Q1,Social Media,14251,257,560.73
2024-03-10,2024,3,Q1,Email Campaign,7432,334,199.63
2024-03-10,2024,3,Q1,Paid Ad,26983,324,1094.09
2024-03-10,2024,3,Q1,Direct,0,0,0.0
2024-03-10,2024,3,Q1,Referral,0,0,0.0
2024-03-11,2024,3,Q1,Organic Search,0,0,0.0
2024-03-11,2024,3,Q1,Social Media,10755,194,423.69
2024-03-11,2024,3,Q1,Email Campaign,6368,287,170.8
2024-03-11,2024,3,Q1,Paid Ad,22748,273,923.09
2024-03-11,2024,3,Q1,Direct,0,0,0.0
2024-03-11,2024,3,Q1,Referral,0,0,0.0
2024-03-12,2024,3,Q1,Organic Search,0,0,0.0
2024-03-12,2024,3,Q1,Social Media,12745,229,501.35
2024-03-12,2024,3,Q1,Email Campaign,7023,316,188.58
2024-03-12,2024,3,Q1,Paid Ad,23232,279,942.34
2024-03-12,2024,3,Q1,Direct,0,0,0.0
2024-03-12,2024,3,Q1,Referral,0,0,0.0
2024-03-13,2024,3,Q1,Organic Search,0,0,0.0
2024-03-13,2024,3,Q1,Social Media,14385,259,566.49
2024-03-13,2024,3,Q1,Email Campaign,6260,282,167.98
2024-03-13,2024,3,Q1,Paid Ad,24160,290,979.92
2024-03-13,2024,3,Q1,Direct,0,0,0.0
2024-03-13,2024,3,Q1,Referral,0,0,0.0
2024-03-14,2024,3,Q1,Organic Search,0,0,0.0
2024-03-14,2024,3,Q1,Social Media,14735,265,579.82
2024-03-14,2024,3,Q1,Email Campaign,7034,317,188.86
2024-03-14,2024,3,Q1,Paid Ad,20489,246,831.9
2024-03-14,2024,3,Q1,Direct,0,0,0.0
2024-03-14,2024,3,Q1,Referral,0,0,0.0
2024-03-15,2024,3,Q1,Organic Search,0,0,0.0
2024-03-15,2024,3,Q1,Social Media,12772,230,502.35
2024-03-15,2024,3,Q1,Email Campaign,6195,279,166.19
2024-03-15,2024,3,Q1,Paid Ad,23353,280,947.27
2024-03-15,2024,3,Q1,Direct,0,0,0.0
2024-03-15,2024,3,Q1,Referral,0,0,0.0
2024-03-16,2024,3,Q1,Organic Search,0,0,0.0
2024-03-16,2024,3,Q1,Social Media,15811,285,622.05
2024-03-16,2024,3,Q1,Email Campaign,6830,307,183.37
2024-03-16,2024,3,Q1,Paid Ad,25975,312,1054.01
2024-03-16,2024,3,Q1,Direct,0,0,0.0
2024-03-16,2024,3,Q1,Referral,0,0,0.0
2024-03-17,2024,3,Q1,Organic Search,0,0,0.0
2024-03-17,2024,3,Q1,Social Media,12557,226,494.39
2024-03-17,2024,3,Q1,Email Campaign,8164,367,219.24
2024-03-17,2024,3,Q1,Paid Ad,24765,297,1005.33
2024-03-17,2024,3,Q1,Direct,0,0,0.0
2024-03-17,2024,3,Q1,Referral,0,0,0.0
2024-03-18,2024,3,Q1,Organic Search,0,0,0.0
2024-03-18,2024,3,Q1,Social Media,13095,236,515.03
2024-03-18,2024,3,Q1,Email Campaign,6206,279,166.67
2024-03-18,2024,3,Q1,Paid Ad,24523,294,995.15
2024-03-18,2024,3,Q1,Direct,0,0,0.0
2024-03-18,2024,3,Q1,Referral,0,0,0.0
2024-03-19,2024,3,Q1,Organic Search,0,0,0.0
2024-03-19,2024,3,Q1,Social Media,10057,181,396.37
2024-03-19,2024,3,Q1,Email Campaign,6356,286,170.68
2024-03-19,2024,3,Q1,Paid Ad,22264,267,903.85
2024-03-19,2024,3,Q1,Direct,0,0,0.0
2024-03-19,2024,3,Q1,Referral,0,0,0.0
2024-03-20,2024,3,Q1,Organic Search,0,0,0.0
2024-03-20,2024,3,Q1,Social Media,12557,226,494.16
2024-03-20,2024,3,Q1,Email Campaign,7249,326,194.5
2024-03-20,2024,3,Q1,Paid Ad,20893,251,846.86
2024-03-20,2024,3,Q1,Direct,0,0,0.0
2024-03-20,2024,3,Q1,Referral,0,0,0.0
2024-03-21,2024,3,Q1,Organic Search,0,0,0.0
2024-03-21,2024,3,Q1,Social Media,13821,249,544.42
2024-03-21,2024,3,Q1,Email Campaign,6550,295,175.77
2024-03-21,2024,3,Q1,Paid Ad,24724,297,1003.58
2024-03-21,2024,3,Q1,Direct,0,0,0.0
2024-03-21,2024,3,Q1,Referral,0,0,0.0
2024-03-22,2024,3,Q1,Organic Search,0,0,0.0
2024-03-22,2024,3,Q1,Social Media,12342,222,485.41
2024-03-22,2024,3,Q1,Email Campaign,5991,270,160.9
2024-03-22,2024,3,Q1,Paid Ad,24442,293,991.49
2024-03-22,2024,3,Q1,Direct,0,0,0.0
2024-03-22,2024,3,Q1,Referral,0,0,0.0
2024-03-23,2024,3,Q1,Organic Search,0,0,0.0
2024-03-23,2024,3,Q1,Social Media,15488,279,609.72
2024-03-23,2024,3,Q1,Email Campaign,6421,289,172.27
2024-03-23,2024,3,Q1,Paid Ad,24724,297,1003.07
2024-03-23,2024,3,Q1,Direct,0,0,0.0
2024-03-23,2024,3,Q1,Referral,0,0,0.0
2024-03-24,2024,3,Q1,Organic Search,0,0,0.0
2024-03-24,2024,3,Q1,Social Media,15434,278,607.89
2024-03-24,2024,3,Q1,Email Campaign,7808,351,209.74
2024-03-24,2024,3,Q1,Paid Ad,24442,293,991.33
2024-03-24,2024,3,Q1,Direct,0,0,0.0
2024-03-24,2024,3,Q1,Referral,0,0,0.0
2024-03-25,2024,3,Q1,Organic Search,0,0,0.0
2024-03-25,2024,3,Q1,Social Media,9976,180,393.23
2024-03-25,2024,3,Q1,Email Campaign,6636,299,178.08
2024-03-25,2024,3,Q1,Paid Ad,20288,243,822.56
2024-03-25,2024,3,Q1,Direct,0,0,0.0
2024-03-25,2024,3,Q1,Referral,0,0,0.0
2024-03-26,2024,3,Q1,Organic Search,0,0,0.0
2024-03-26,2024,3,Q1,Social Media,10917,197,430.01
2024-03-26,2024,3,Q1,Email Campaign,4926,222,132.19
2024-03-26,2024,3,Q1,Paid Ad,23918,287,970.93
2024-03-26,2024,3,Q1,Direct,0,0,0.0
2024-03-26,2024,3,Q1,Referral,0,0,0.0
2024-03-27,2024,3,Q1,Organic Search,0,0,0.0
2024-03-27,2024,3,Q1,Social Media,13149,237,518.02
2024-03-27,2024,3,Q1,Email Campaign,6249,281,167.82
2024-03-27,2024,3,Q1,Paid Ad,24966,300,1012.89
2024-03-27,2024,3,Q1,Direct,0,0,0.0
2024-03-27,2024,3,Q1,Referral,0,0,0.0
2024-03-28,2024,3,Q1,Organic Search,0,0,0.0
2024-03-28,2024,3,Q1,Social Media,13687,246,538.89
2024-03-28,2024,3,Q1,Email Campaign,7196,324,193.03
2024-03-28,2024,3,Q1,Paid Ad,19965,240,809.99
2024-03-28,2024,3,Q1,Direct,0,0,0.0
2024-03-28,2024,3,Q1,Referral,0,0,0.0
2024-03-29,2024,3,Q1,Organic Search,0,0,0.0
2024-03-29,2024,3,Q1,Social Media,12987,234,511.34
2024-03-29,2024,3,Q1,Email Campaign,5539,249,148.81
2024-03-29,2024,3,Q1,Paid Ad,22062,265,894.86
2024-03-29,2024,3,Q1,Direct,0,0,0.0
2024-03-29,2024,3,Q1,Referral,0,0,0.0
2024-03-30,2024,3,Q1,Organic Search,0,0,0.0
2024-03-30,2024,3,Q1,Social Media,14681,264,577.95
2024-03-30,2024,3,Q1,Email Campaign,7690,346,206.4
2024-03-30,2024,3,Q1,Paid Ad,25934,311,1052.14
2024-03-30,2024,3,Q1,Direct,0,0,0.0
2024-03-30,2024,3,Q1,Referral,0,0,0.0
2024-03-31,2024,3,Q1,Organic Search,0,0,0.0
2024-03-31,2024,3,Q1,Social Media,15730,283,619.07
2024-03-31,2024,3,Q1,Email Campaign,7733,348,207.63
2024-03-31,2024,3,Q1,Paid Ad,30290,363,1229.03
2024-03-31,2024,3,Q1,Direct,0,0,0.0
2024-03-31,2024,3,Q1,Referral,0,0,0.0
2024-04-01,2024,4,Q2,Organic Search,0,0,0.0
2024-04-01,2024,4,Q2,Social Media,12691,228,499.84
2024-04-01,2024,4,Q2,Email Campaign,5884,265,158.04
2024-04-01,2024,4,Q2,Paid Ad,22909,275,929.5
2024-04-01,2024,4,Q2,Direct,0,0,0.0
2024-04-01,2024,4,Q2,Referral,0,0,0.0
2024-04-02,2024,4,Q2,Organic Search,0,0,0.0
2024-04-02,2024,4,Q2,Social Media,12181,219,479.84
2024-04-02,2024,4,Q2,Email Campaign,7120,320,191.2
2024-04-02,2024,4,Q2,Paid Ad,21982,264,890.92
2024-04-02,2024,4,Q2,Direct,0,0,0.0
2024-04-02,2024,4,Q2,Referral,0,0,0.0
2024-04-03,2024,4,Q2,Organic Search,0,0,0.0
2024-04-03,2024,4,Q2,Social Media,12423,224,489.58
2024-04-03,2024,4,Q2,Email Campaign,6131,276,164.48
2024-04-03,2024,4,Q2,Paid Ad,23756,285,963.97
2024-04-03,2024,4,Q2,Direct,0,0,0.0
2024-04-03,2024,4,Q2,Referral,0,0,0.0
2024-04-04,2024,4,Q2,Organic Search,0,0,0.0
2024-04-04,2024,4,Q2,Social Media,12853,231,506.29
2024-04-04,2024,4,Q2,Email Campaign,6045,272,162.13
2024-04-04,2024,4,Q2,Paid Ad,25450,305,1033.01
2024-04-04,2024,4,Q2,Direct,0,0,0.0
2024-04-04,2024,4,Q2,Referral,0,0,0.0
2024-04-05,2024,4,Q2,Organic Search,0,0,0.0
2024-04-05,2024,4,Q2,Social Media,12127,218,477.61
2024-04-05,2024,4,Q2,Email Campaign,6389,287,171.4
2024-04-05,2024,4,Q2,Paid Ad,23635,284,959.12
2024-04-05,2024,4,Q2,Direct,0,0,0.0
2024-04-05,2024,4,Q2,Referral,0,0,0.0
2024-04-06,2024,4,Q2,Organic Search,0,0,0.0
2024-04-06,2024,4,Q2,Social Media,13014,234,512.73
2024-04-06,2024,4,Q2,Email Campaign,7604,342,204.09
2024-04-06,2024,4,Q2,Paid Ad,23676,284,959.84
2024-04-06,2024,4,Q2,Direct,0,0,0.0
2024-04-06,2024,4,Q2,Referral,0,0,0.0
2024-04-07,2024,4,Q2,Organic Search,0,0,0.0
2024-04-07,2024,4,Q2,Social Media,15972,287,628.49
2024-04-07,2024,4,Q2,Email Campaign,6755,304,181.42
2024-04-07,2024,4,Q2,Paid Ad,27265,327,1106.38
2024-04-07,2024,4,Q2,Direct,0,0,0.0
2024-04-07,2024,4,Q2,Referral,0,0,0.0
2024-04-08,2024,4,Q2,Organic Search,0,0,0.0
2024-04-08,2024,4,Q2,Social Media,14171,255,558.14
2024-04-08,2024,4,Q2,Email Campaign,6808,306,182.69
2024-04-08,2024,4,Q2,Paid Ad,22909,275,929.89
2024-04-08,2024,4,Q2,Direct,0,0,0.0
2024-04-08,2024,4,Q2,Referral,0,0,0.0
2024-04-09,2024,4,Q2,Organic Search,0,0,0.0
2024-04-09,2024,4,Q2,Social Media,12772,230,503.26
2024-04-09,2024,4,Q2,Email Campaign,6077,273,163.05
2024-04-09,2024,4,Q2,Paid Ad,25128,302,1018.85
2024-04-09,2024,4,Q2,Direct,0,0,0.0
2024-04-09,2024,4,Q2,Referral,0,0,0.0
2024-04-10,2024,4,Q2,Organic Search,0,0,0.0
2024-04-10,2024,4,Q2,Social Media,12288,221,484.06
2024-04-10,2024,4,Q2,Email Campaign,5840,263,156.73
2024-04-10,2024,4,Q2,Paid Ad,23676,284,960.08
2024-04-10,2024,4,Q2,Direct,0,0,0.0
2024-04-10,2024,4,Q2,Referral,0,0,0.0
2024-04-11,2024,4,Q2,Organic Search,0,0,0.0
2024-04-11,2024,4,Q2,Social Media,12207,220,480.08
2024-04-11,2024,4,Q2,Email Campaign,5884,265,157.92
2024-04-11,2024,4,Q2,Paid Ad,19884,239,806.29
2024-04-11,2024,4,Q2,Direct,0,0,0.0
2024-04-11,2024,4,Q2,Referral,0,0,0.0
2024-04-12,2024,4,Q2,Organic Search,0,0,0.0
2024-04-12,2024,4,Q2,Social Media,12530,226,492.96
2024-04-12,2024,4,Q2,Email Campaign,6324,285,169.77
2024-04-12,2024,4,Q2,Paid Ad,22909,275,929.3
2024-04-12,2024,4,Q2,Direct,0,0,0.0
2024-04-12,2024,4,Q2,Referral,0,0,0.0
2024-04-13,2024,4,Q2,Organic Search,0,0,0.0
2024-04-13,2024,4,Q2,Social Media,16107,290,634.58
2024-04-13,2024,4,Q2,Email Campaign,7626,343,204.84
2024-04-13,2024,4,Q2,Paid Ad,25450,305,1032.3
2024-04-13,2024,4,Q2,Direct,0,0,0.0
2024-04-13,2024,4,Q2,Referral,0,0,0.0
2024-04-14,2024,4,Q2,Organic Search,0,0,0.0
2024-04-14,2024,4,Q2,Social Media,14735,265,580.33
2024-04-14,2024,4,Q2,Email Campaign,7626,343,204.57
2024-04-14,2024,4,Q2,Paid Ad,28475,342,1155.02
2024-04-14,2024,4,Q2,Direct,0,0,0.0
2024-04-14,2024,4,Q2,Referral,0,0,0.0
2024-04-15,2024,4,Q2,Organic Search,0,0,0.0
2024-04-15,2024,4,Q2,Social Media,13149,237,517.94
2024-04-15,2024,4,Q2,Email Campaign,6131,276,164.52
2024-04-15,2024,4,Q2,Paid Ad,20691,248,839.14
2024-04-15,2024,4,Q2,Direct,0,0,0.0
2024-04-15,2024,4,Q2,Referral,0,0,0.0
2024-04-16,2024,4,Q2,Organic Search,0,0,0.0
2024-04-16,2024,4,Q2,Social Media,11509,207,453.47
2024-04-16,2024,4,Q2,Email Campaign,6712,302,180.03
2024-04-16,2024,4,Q2,Paid Ad,23514,282,953.71
2024-04-16,2024,4,Q2,Direct,0,0,0.0
2024-04-16,2024,4,Q2,Referral,0,0,0.0
2024-04-17,2024,4,Q2,Organic Search,0,0,0.0
2024-04-17,2024,4,Q2,Social Media,13633,245,536.43
2024-04-17,2024,4,Q2,Email Campaign,6303,284,169.17
2024-04-17,2024,4,Q2,Paid Ad,25007,300,1014.16
2024-04-17,2024,4,Q2,Direct,0,0,0.0
2024-04-17,2024,4,Q2,Referral,0,0,0.0
2024-04-18,2024,4,Q2,Organic Search,0,0,0.0
2024-04-18,2024,4,Q2,Social Media,12530,226,492.88
2024-04-18,2024,4,Q2,Email Campaign,6852,308,184.01
2024-04-18,2024,4,Q2,Paid Ad,22385,269,908.74
2024-04-18,2024,4,Q2,Direct,0,0,0.0
2024-04-18,2024,4,Q2,Referral,0,0,0.0
2024-04-19,2024,4,Q2,Organic Search,0,0,0.0
2024-04-19,2024,4,Q2,Social Media,12396,223,487.79
2024-04-19,2024,4,Q2,Email Campaign,6669,300,179.04
2024-04-19,2024,4,Q2,Paid Ad,23192,278,941.43
2024-04-19,2024,4,Q2,Direct,0,0,0.0
2024-04-19,2024,4,Q2,Referral,0,0,0.0
2024-04-20,2024,4,Q2,Organic Search,0,0,0.0
2024-04-20,2024,4,Q2,Social Media,15407,277,606.5
2024-04-20,2024,4,Q2,Email Campaign,7367,332,197.85
2024-04-20,2024,4,Q2,Paid Ad,25773,309,1045.14
2024-04-20,2024,4,Q2,Direct,0,0,0.0
2024-04-20,2024,4,Q2,Referral,0,0,0.0
2024-04-21,2024,4,Q2,Organic Search,0,0,0.0
2024-04-21,2024,4,Q2,Social Media,17827,321,702.34
2024-04-21,2024,4,Q2,Email Campaign,8013,361,215.18
2024-04-21,2024,4,Q2,Paid Ad,27346,328,1108.93
2024-04-21,2024,4,Q2,Direct,0,0,0.0
2024-04-21,2024,4,Q2,Referral,0,0,0.0
2024-04-22,2024,4,Q2,Organic Search,0,0,0.0
2024-04-22,2024,4,Q2,Social Media,13149,237,517.34
2024-04-22,2024,4,Q2,Email Campaign,6883,310,184.68
2024-04-22,2024,4,Q2,Paid Ad,23393,281,949.34
2024-04-22,2024,4,Q2,Direct,0,0,0.0
2024-04-22,2024,4,Q2,Referral,0,0,0.0
2024-04-23,2024,4,Q2,Organic Search,0,0,0.0
2024-04-23,2024,4,Q2,Social Media,13041,235,513.84
2024-04-23,2024,4,Q2,Email Campaign,6216,280,166.75
2024-04-23,2024,4,Q2,Paid Ad,22345,268,905.67
2024-04-23,2024,4,Q2,Direct,0,0,0.0
2024-04-23,2024,4,Q2,Referral,0,0,0.0
2024-04-24,2024,4,Q2,Organic Search,0,0,0.0
2024-04-24,2024,4,Q2,Social Media,9734,175,382.69
2024-04-24,2024,4,Q2,Email Campaign,6475,291,173.83
2024-04-24,2024,4,Q2,Paid Ad,21578,259,875.93
2024-04-24,2024,4,Q2,Direct,0,0,0.0
2024-04-24,2024,4,Q2,Referral,0,0,0.0
2024-04-25,2024,4,Q2,Organic Search,0,0,0.0
2024-04-25,2024,4,Q2,Social Media,14681,264,578.07
2024-04-25,2024,4,Q2,Email Campaign,6378,287,171.2
2024-04-25,2024,4,Q2,Paid Ad,20328,244,824.87
2024-04-25,2024,4,Q2,Direct,0,0,0.0
2024-04-25,2024,4,Q2,Referral,0,0,0.0
2024-04-26,2024,4,Q2,Organic Search,0,0,0.0
2024-04-26,2024,4,Q2,Social Media,12961,233,510.7
2024-04-26,2024,4,Q2,Email Campaign,5829,262,156.61
2024-04-26,2024,4,Q2,Paid Ad,23313,280,946.12
2024-04-26,2024,4,Q2,Direct,0,0,0.0
2024-04-26,2024,4,Q2,Referral,0,0,0.0
2024-04-27,2024,4,Q2,Organic Search,0,0,0.0
2024-04-27,2024,4,Q2,Social Media,15327,276,603.4
2024-04-27,2024,4,Q2,Email Campaign,7884,355,211.64
2024-04-27,2024,4,Q2,Paid Ad,24200,290,981.99
2024-04-27,2024,4,Q2,Direct,0,0,0.0
2024-04-27,2024,4,Q2,Referral,0,0,0.0
2024-04-28,2024,4,Q2,Organic Search,0,0,0.0
2024-04-28,2024,4,Q2,Social Media,15031,271,591.27
2024-04-28,2024,4,Q2,Email Campaign,6518,293,175.1
2024-04-28,2024,4,Q2,Paid Ad,27306,328,1107.14
2024-04-28,2024,4,Q2,Direct,0,0,0.0
2024-04-28,2024,4,Q2,Referral,0,0,0.0
2024-04-29,2024,4,Q2,Organic Search,0,0,0.0
2024-04-29,2024,4,Q2,Social Media,13552,244,534.04
2024-04-29,2024,4,Q2,Email Campaign,6615,298,177.68
2024-04-29,2024,4,Q2,Paid Ad,22466,270,911.68
2024-04-29,2024,4,Q2,Direct,0,0,0.0
2024-04-29,2024,4,Q2,Referral,0,0,0.0
2024-04-30,2024,4,Q2,Organic Search,0,0,0.0
2024-04-30,2024,4,Q2,Social Media,13445,242,529.79
2024-04-30,2024,4,Q2,Email Campaign,7184,323,192.87
2024-04-30,2024,4,Q2,Paid Ad,21941,263,890.8
2024-04-30,2024,4,Q2,Direct,0,0,0.0
2024-04-30,2024,4,Q2,Referral,0,0,0.0
2024-05-01,2024,5,Q2,Organic Search,0,0,0.0
2024-05-01,2024,5,Q2,Social Media,13175,237,518.45
2024-05-01,2024,5,Q2,Email Campaign,5819,262,156.05
2024-05-01,2024,5,Q2,Paid Ad,20893,251,848.25
2024-05-01,2024,5,Q2,Direct,0,0,0.0
2024-05-01,2024,5,Q2,Referral,0,0,0.0
2024-05-02,2024,5,Q2,Organic Search,0,0,0.0
2024-05-02,2024,5,Q2,Social Media,13122,236,516.74
2024-05-02,2024,5,Q2,Email Campaign,6927,312,185.99
2024-05-02,2024,5,Q2,Paid Ad,22022,264,892.87
2024-05-02,2024,5,Q2,Direct,0,0,0.0
2024-05-02,2024,5,Q2,Referral,0,0,0.0
2024-05-03,2024,5,Q2,Organic Search,0,0,0.0
2024-05-03,2024,5,Q2,Social Media,12772,230,503.06
2024-05-03,2024,5,Q2,Email Campaign,6163,277,165.35
2024-05-03,2024,5,Q2,Paid Ad,21498,258,872.59
2024-05-03,2024,5,Q2,Direct,0,0,0.0
2024-05-03,2024,5,Q2,Referral,0,0,0.0
2024-05-04,2024,5,Q2,Organic Search,0,0,0.0
2024-05-04,2024,5,Q2,Social Media,15327,276,603.6
2024-05-04,2024,5,Q2,Email Campaign,6443,290,173.03
2024-05-04,2024,5,Q2,Paid Ad,28475,342,1155.74
2024-05-04,2024,5,Q2,Direct,0,0,0.0
2024-05-04,2024,5,Q2,Referral,0,0,0.0
2024-05-05,2024,5,Q2,Organic Search,0,0,0.0
2024-05-05,2024,5,Q2,Social Media,14171,255,558.26
2024-05-05,2024,5,Q2,Email Campaign,7744,348,207.91
2024-05-05,2024,5,Q2,Paid Ad,23232,279,941.78
2024-05-05,2024,5,Q2,Direct,0,0,0.0
2024-05-05,2024,5,Q2,Referral,0,0,0.0
2024-05-06,2024,5,Q2,Organic Search,0,0,0.0
2024-05-06,2024,5,Q2,Social Media,13713,247,540.17
2024-05-06,2024,5,Q2,Email Campaign,6712,302,180.11
2024-05-06,2024,5,Q2,Paid Ad,23151,278,939.6
2024-05-06,2024,5,Q2,Direct,0,0,0.0
2024-05-06,2024,5,Q2,Referral,0,0,0.0
2024-05-07,2024,5,Q2,Organic Search,0,0,0.0
2024-05-07,2024,5,Q2,Social Media,11993,216,471.97
2024-05-07,2024,5,Q2,Email Campaign,6496,292,174.34
2024-05-07,2024,5,Q2,Paid Ad,20328,244,825.3
2024-05-07,2024,5,Q2,Direct,0,0,0.0
2024-05-07,2024,5,Q2,Referral,0,0,0.0
2024-05-08,2024,5,Q2,Organic Search,0,0,0.0
2024-05-08,2024,5,Q2,Social Media,12772,230,502.39
2024-05-08,2024,5,Q2,Email Campaign,6894,310,185.0
2024-05-08,2024,5,Q2,Paid Ad,23918,287,969.66
2024-05-08,2024,5,Q2,Direct,0,0,0.0
2024-05-08,2024,5,Q2,Referral,0,0,0.0
2024-05-09,2024,5,Q2,Organic Search,0,0,0.0
2024-05-09,2024,5,Q2,Social Media,13041,235,513.36
2024-05-09,2024,5,Q2,Email Campaign,5872,264,157.6
2024-05-09,2024,5,Q2,Paid Ad,23635,284,958.65
2024-05-09,2024,5,Q2,Direct,0,0,0.0
2024-05-09,2024,5,Q2,Referral,0,0,0.0
2024-05-10,2024,5,Q2,Organic Search,0,0,0.0
2024-05-10,2024,5,Q2,Social Media,13041,235,513.56
2024-05-10,2024,5,Q2,Email Campaign,5184,233,139.19
2024-05-10,2024,5,Q2,Paid Ad,23877,287,968.63
2024-05-10,2024,5,Q2,Direct,0,0,0.0
2024-05-10,2024,5,Q2,Referral,0,0,0.0
2024-05-11,2024,5,Q2,Organic Search,0,0,0.0
2024-05-11,2024,5,Q2,Social Media,14950,269,588.53
2024-05-11,2024,5,Q2,Email Campaign,8024,361,215.46
2024-05-11,2024,5,Q2,Paid Ad,23595,283,956.46
2024-05-11,2024,5,Q2,Direct,0,0,0.0
2024-05-11,2024,5,Q2,Referral,0,0,0.0
2024-05-12,2024,5,Q2,Organic Search,0,0,0.0
2024-05-12,2024,5,Q2,Social Media,11159,201,439.79
2024-05-12,2024,5,Q2,Email Campaign,7486,337,200.95
2024-05-12,2024,5,Q2,Paid Ad,26459,318,1072.74
2024-05-12,2024,5,Q2,Direct,0,0,0.0
2024-05-12,2024,5,Q2,Referral,0,0,0.0
2024-05-13,2024,5,Q2,Organic Search,0,0,0.0
2024-05-13,2024,5,Q2,Social Media,11267,203,443.41
2024-05-13,2024,5,Q2,Email Campaign,5872,264,157.56
2024-05-13,2024,5,Q2,Paid Ad,27427,329,1112.51
2024-05-13,2024,5,Q2,Direct,0,0,0.0
2024-05-13,2024,5,Q2,Referral,0,0,0.0
2024-05-14,2024,5,Q2,Organic Search,0,0,0.0
2024-05-14,2024,5,Q2,Social Media,12719,229,500.24
2024-05-14,2024,5,Q2,Email Campaign,6744,303,180.9
2024-05-14,2024,5,Q2,Paid Ad,21296,256,864.12
2024-05-14,2024,5,Q2,Direct,0,0,0.0
2024-05-14,2024,5,Q2,Referral,0,0,0.0
2024-05-15,2024,5,Q2,Organic Search,0,0,0.0
2024-05-15,2024,5,Q2,Social Media,10836,195,427.03
2024-05-15,2024,5,Q2,Email Campaign,6281,283,168.58
2024-05-15,2024,5,Q2,Paid Ad,21982,264,892.19
2024-05-15,2024,5,Q2,Direct,0,0,0.0
2024-05-15,2024,5,Q2,Referral,0,0,0.0
2024-05-16,2024,5,Q2,Organic Search,0,0,0.0
2024-05-16,2024,5,Q2,Social Media,12611,227,496.34
2024-05-16,2024,5,Q2,Email Campaign,6313,284,169.37
2024-05-16,2024,5,Q2,Paid Ad,22950,275,930.85
2024-05-16,2024,5,Q2,Direct,0,0,0.0
2024-05-16,2024,5,Q2,Referral,0,0,0.0
2024-05-17,2024,5,Q2,Organic Search,0,0,0.0
2024-05-17,2024,5,Q2,Social Media,12880,232,506.6
2024-05-17,2024,5,Q2,Email Campaign,5722,257,153.62
2024-05-17,2024,5,Q2,Paid Ad,23353,280,947.03
2024-05-17,2024,5,Q2,Direct,0,0,0.0
2024-05-17,2024,5,Q2,Referral,0,0,0.0
2024-05-18,2024,5,Q2,Organic Search,0,0,0.0
2024-05-18,2024,5,Q2,Social Media,12638,227,497.7
2024-05-18,2024,5,Q2,Email Campaign,6120,275,164.32
2024-05-18,2024,5,Q2,Paid Ad,27386,329,1110.32
2024-05-18,2024,5,Q2,Direct,0,0,0.0
2024-05-18,2024,5,Q2,Referral,0,0,0.0
2024-05-19,2024,5,Q2,Organic Search,0,0,0.0
2024-05-19,2024,5,Q2,Social Media,15595,281,613.58
2024-05-19,2024,5,Q2,Email Campaign,7292,328,195.66
2024-05-19,2024,5,Q2,Paid Ad,22950,275,931.28
2024-05-19,2024,5,Q2,Direct,0,0,0.0
2024-05-19,2024,5,Q2,Referral,0,0,0.0
2024-05-20,2024,5,Q2,Organic Search,0,0,0.0
2024-05-20,2024,5,Q2,Social Media,12288,221,483.7
2024-05-20,2024,5,Q2,Email Campaign,6238,281,167.3
2024-05-20,2024,5,Q2,Paid Ad,19602,235,795.16
2024-05-20,2024,5,Q2,Direct,0,0,0.0
2024-05-20,2024,5,Q2,Referral,0,0,0.0
2024-05-21,2024,5,Q2,Organic Search,0,0,0.0
2024-05-21,2024,5,Q2,Social Media,12261,221,482.42
2024-05-21,2024,5,Q2,Email Campaign,6700,302,179.83
2024-05-21,2024,5,Q2,Paid Ad,25047,301,1015.67
2024-05-21,2024,5,Q2,Direct,0,0,0.0
2024-05-21,2024,5,Q2,Referral,0,0,0.0
2024-05-22,2024,5,Q2,Organic Search,0,0,0.0
2024-05-22,2024,5,Q2,Social Media,12584,227,495.55
2024-05-22,2024,5,Q2,Email Campaign,6755,304,181.26
2024-05-22,2024,5,Q2,Paid Ad,19037,228,771.97
2024-05-22,2024,5,Q2,Direct,0,0,0.0
2024-05-22,2024,5,Q2,Referral,0,0,0.0
2024-05-23,2024,5,Q2,Organic Search,0,0,0.0
2024-05-23,2024,5,Q2,Social Media,13713,247,539.81
2024-05-23,2024,5,Q2,Email Campaign,5959,268,159.95
2024-05-23,2024,5,Q2,Paid Ad,23030,276,933.99
2024-05-23,2024,5,Q2,Direct,0,0,0.0
2024-05-23,2024,5,Q2,Referral,0,0,0.0
2024-05-24,2024,5,Q2,Organic Search,0,0,0.0
2024-05-24,2024,5,Q2,Social Media,12772,230,502.59
2024-05-24,2024,5,Q2,Email Campaign,7045,317,188.98
2024-05-24,2024,5,Q2,Paid Ad,20893,251,847.81
2024-05-24,2024,5,Q2,Direct,0,0,0.0
2024-05-24,2024,5,Q2,Referral,0,0,0.0
2024-05-25,2024,5,Q2,Organic Search,0,0,0.0
2024-05-25,2024,5,Q2,Social Media,15730,283,619.27
2024-05-25,2024,5,Q2,Email Campaign,7163,322,192.16
2024-05-25,2024,5,Q2,Paid Ad,25531,306,1035.04
2024-05-25,2024,5,Q2,Direct,0,0,0.0
2024-05-25,2024,5,Q2,Referral,0,0,0.0
2024-05-26,2024,5,Q2,Organic Search,0,0,0.0
2024-05-26,2024,5,Q2,Social Media,14762,266,581.01
2024-05-26,2024,5,Q2,Email Campaign,6830,307,183.25
2024-05-26,2024,5,Q2,Paid Ad,25813,310,1047.13
2024-05-26,2024,5,Q2,Direct,0,0,0.0
2024-05-26,2024,5,Q2,Referral,0,0,0.0
2024-05-27,2024,5,Q2,Organic Search,0,0,0.0
2024-05-27,2024,5,Q2,Social Media,12961,233,510.18
2024-05-27,2024,5,Q2,Email Campaign,6486,292,174.22
2024-05-27,2024,5,Q2,Paid Ad,22627,272,917.72
2024-05-27,2024,5,Q2,Direct,0,0,0.0
2024-05-27,2024,5,Q2,Referral,0,0,0.0
2024-05-28,2024,5,Q2,Organic Search,0,0,0.0
2024-05-28,2024,5,Q2,Social Media,13848,249,545.5
2024-05-28,2024,5,Q2,Email Campaign,6840,308,183.53
2024-05-28,2024,5,Q2,Paid Ad,20570,247,834.93
2024-05-28,2024,5,Q2,Direct,0,0,0.0
2024-05-28,2024,5,Q2,Referral,0,0,0.0
2024-05-29,2024,5,Q2,Organic Search,0,0,0.0
2024-05-29,2024,5,Q2,Social Media,13929,251,548.4
2024-05-29,2024,5,Q2,Email Campaign,5765,259,154.7
2024-05-29,2024,5,Q2,Paid Ad,23514,282,954.43
2024-05-29,2024,5,Q2,Direct,0,0,0.0
2024-05-29,2024,5,Q2,Referral,0,0,0.0
2024-05-30,2024,5,Q2,Organic Search,0,0,0.0
2024-05-30,2024,5,Q2,Social Media,13659,246,538.18
2024-05-30,2024,5,Q2,Email Campaign,5388,242,144.79
2024-05-30,2024,5,Q2,Paid Ad,22627,272,918.36
2024-05-30,2024,5,Q2,Direct,0,0,0.0
2024-05-30,2024,5,Q2,Referral,0,0,0.0
2024-05-31,2024,5,Q2,Organic Search,0,0,0.0
2024-05-31,2024,5,Q2,Social Media,12530,226,493.56
2024-05-31,2024,5,Q2,Email Campaign,5980,269,160.54
2024-05-31,2024,5,Q2,Paid Ad,24886,299,1010.07
2024-05-31,2024,5,Q2,Direct,0,0,0.0
2024-05-31,2024,5,Q2,Referral,0,0,0.0
2024-06-01,2024,6,Q2,Organic Search,0,0,0.0
2024-06-01,2024,6,Q2,Social Media,14197,256,558.82
2024-06-01,2024,6,Q2,Email Campaign,6852,308,183.89
2024-06-01,2024,6,Q2,Paid Ad,26015,312,1054.64
2024-06-01,2024,6,Q2,Direct,0,0,0.0
2024-06-01,2024,6,Q2,Referral,0,0,0.0
2024-06-02,2024,6,Q2,Organic Search,0,0,0.0
2024-06-02,2024,6,Q2,Social Media,15811,285,622.01
2024-06-02,2024,6,Q2,Email Campaign,7239,326,194.31
2024-06-02,2024,6,Q2,Paid Ad,28274,339,1146.11
2024-06-02,2024,6,Q2,Direct,0,0,0.0
2024-06-02,2024,6,Q2,Referral,0,0,0.0
2024-06-03,2024,6,Q2,Organic Search,0,0,0.0
2024-06-03,2024,6,Q2,Social Media,13579,244,534.56
2024-06-03,2024,6,Q2,Email Campaign,5260,237,141.14
2024-06-03,2024,6,Q2,Paid Ad,21538,258,872.95
2024-06-03,2024,6,Q2,Direct,0,0,0.0
2024-06-03,2024,6,Q2,Referral,0,0,0.0
2024-06-04,2024,6,Q2,Organic Search,0,0,0.0
2024-06-04,2024,6,Q2,Social Media,12449,224,489.7
2024-06-04,2024,6,Q2,Email Campaign,6615,298,177.48
2024-06-04,2024,6,Q2,Paid Ad,17747,213,720.16
2024-06-04,2024,6,Q2,Direct,0,0,0.0
2024-06-04,2024,6,Q2,Referral,0,0,0.0
2024-06-05,2024,6,Q2,Organic Search,0,0,0.0
2024-06-05,2024,6,Q2,Social Media,15676,282,617.32
2024-06-05,2024,6,Q2,Email Campaign,6636,299,178.16
2024-06-05,2024,6,Q2,Paid Ad,22748,273,922.42
2024-06-05,2024,6,Q2,Direct,0,0,0.0
2024-06-05,2024,6,Q2,Referral,0,0,0.0
2024-06-06,2024,6,Q2,Organic Search,0,0,0.0
2024-06-06,2024,6,Q2,Social Media,14251,257,561.2
2024-06-06,2024,6,Q2,Email Campaign,7561,340,202.98
2024-06-06,2024,6,Q2,Paid Ad,24039,288,975.07
2024-06-06,2024,6,Q2,Direct,0,0,0.0
2024-06-06,2024,6,Q2,Referral,0,0,0.0
2024-06-07,2024,6,Q2,Organic Search,0,0,0.0
2024-06-07,2024,6,Q2,Social Media,14009,252,551.66
2024-06-07,2024,6,Q2,Email Campaign,6432,289,172.71
2024-06-07,2024,6,Q2,Paid Ad,22224,267,901.26
2024-06-07,2024,6,Q2,Direct,0,0,0.0
2024-06-07,2024,6,Q2,Referral,0,0,0.0
2024-06-08,2024,6,Q2,Organic Search,0,0,0.0
2024-06-08,2024,6,Q2,Social Media,14413,259,567.21
2024-06-08,2024,6,Q2,Email Campaign,6840,308,183.57
2024-06-08,2024,6,Q2,Paid Ad,24442,293,990.7
2024-06-08,2024,6,Q2,Direct,0,0,0.0
2024-06-08,2024,6,Q2,Referral,0,0,0.0
2024-06-09,2024,6,Q2,Organic Search,0,0,0.0
2024-06-09,2024,6,Q2,Social Media,13364,241,525.97
2024-06-09,2024,6,Q2,Email Campaign,7281,328,195.38
2024-06-09,2024,6,Q2,Paid Ad,22345,268,907.03
2024-06-09,2024,6,Q2,Direct,0,0,0.0
2024-06-09,2024,6,Q2,Referral,0,0,0.0
2024-06-10,2024,6,Q2,Organic Search,0,0,0.0
2024-06-10,2024,6,Q2,Social Media,13229,238,520.6
2024-06-10,2024,6,Q2,Email Campaign,6346,286,170.41
2024-06-10,2024,6,Q2,Paid Ad,22748,273,922.3
2024-06-10,2024,6,Q2,Direct,0,0,0.0
2024-06-10,2024,6,Q2,Referral,0,0,0.0
2024-06-11,2024,6,Q2,Organic Search,0,0,0.0
2024-06-11,2024,6,Q2,Social Media,12477,225,491.33
2024-06-11,2024,6,Q2,Email Campaign,7938,357,213.0
2024-06-11,2024,6,Q2,Paid Ad,24926,299,1010.74
2024-06-11,2024,6,Q2,Direct,0,0,0.0
2024-06-11,2024,6,Q2,Referral,0,0,0.0
2024-06-12,2024,6,Q2,Organic Search,0,0,0.0
2024-06-12,2024,6,Q2,Social Media,11723,211,461.71
2024-06-12,2024,6,Q2,Email Campaign,6486,292,174.1
2024-06-12,2024,6,Q2,Paid Ad,21377,257,867.22
2024-06-12,2024,6,Q2,Direct,0,0,0.0
2024-06-12,2024,6,Q2,Referral,0,0,0.0
2024-06-13,2024,6,Q2,Organic Search,0,0,0.0
2024-06-13,2024,6,Q2,Social Media,11965,215,471.13
2024-06-13,2024,6,Q2,Email Campaign,5690,256,152.59
2024-06-13,2024,6,Q2,Paid Ad,23232,279,943.1
2024-06-13,2024,6,Q2,Direct,0,0,0.0
2024-06-13,2024,6,Q2,Referral,0,0,0.0
2024-06-14,2024,6,Q2,Organic Search,0,0,0.0
2024-06-14,2024,6,Q2,Social Media,12315,222,484.81
2024-06-14,2024,6,Q2,Email Campaign,6862,309,184.17
2024-06-14,2024,6,Q2,Paid Ad,24240,291,984.02
2024-06-14,2024,6,Q2,Direct,0,0,0.0
2024-06-14,2024,6,Q2,Referral,0,0,0.0
2024-06-15,2024,6,Q2,Organic Search,0,0,0.0
2024-06-15,2024,6,Q2,Social Media,16617,299,654.46
2024-06-15,2024,6,Q2,Email Campaign,6819,307,183.17
2024-06-15,2024,6,Q2,Paid Ad,26822,322,1088.17
2024-06-15,2024,6,Q2,Direct,0,0,0.0
2024-06-15,2024,6,Q2,Referral,0,0,0.0
2024-06-16,2024,6,Q2,Organic Search,0,0,0.0
2024-06-16,2024,6,Q2,Social Media,15730,283,619.5
2024-06-16,2024,6,Q2,Email Campaign,7045,317,189.1
2024-06-16,2024,6,Q2,Paid Ad,24240,291,983.58
2024-06-16,2024,6,Q2,Direct,0,0,0.0
2024-06-16,2024,6,Q2,Referral,0,0,0.0
2024-06-17,2024,6,Q2,Organic Search,0,0,0.0
2024-06-17,2024,6,Q2,Social Media,14708,265,578.78
2024-06-17,2024,6,Q2,Email Campaign,6486,292,174.02
2024-06-17,2024,6,Q2,Paid Ad,23635,284,957.97
2024-06-17,2024,6,Q2,Direct,0,0,0.0
2024-06-17,2024,6,Q2,Referral,0,0,0.0
2024-06-18,2024,6,Q2,Organic Search,0,0,0.0
2024-06-18,2024,6,Q2,Social Media,12181,219,479.04
2024-06-18,2024,6,Q2,Email Campaign,5744,258,154.26
2024-06-18,2024,6,Q2,Paid Ad,21457,257,870.04
2024-06-18,2024,6,Q2,Direct,0,0,0.0
2024-06-18,2024,6,Q2,Referral,0,0,0.0
2024-06-19,2024,6,Q2,Organic Search,0,0,0.0
2024-06-19,2024,6,Q2,Social Media,12907,232,507.68
2024-06-19,2024,6,Q2,Email Campaign,5829,262,156.37
2024-06-19,2024,6,Q2,Paid Ad,22466,270,910.84
2024-06-19,2024,6,Q2,Direct,0,0,0.0
2024-06-19,2024,6,Q2,Referral,0,0,0.0
2024-06-20,2024,6,Q2,Organic Search,0,0,0.0
2024-06-20,2024,6,Q2,Social Media,11267,203,443.49
2024-06-20,2024,6,Q2,Email Campaign,5797,261,155.61
2024-06-20,2024,6,Q2,Paid Ad,23676,284,960.51
2024-06-20,2024,6,Q2,Direct,0,0,0.0
2024-06-20,2024,6,Q2,Referral,0,0,0.0
2024-06-21,2024,6,Q2,Organic Search,0,0,0.0
2024-06-21,2024,6,Q2,Social Media,13659,246,537.54
2024-06-21,2024,6,Q2,Email Campaign,6163,277,165.55
2024-06-21,2024,6,Q2,Paid Ad,20651,248,837.35
2024-06-21,2024,6,Q2,Direct,0,0,0.0
2024-06-21,2024,6,Q2,Referral,0,0,0.0
2024-06-22,2024,6,Q2,Organic Search,0,0,0.0
2024-06-22,2024,6,Q2,Social Media,13740,247,541.2
2024-06-22,2024,6,Q2,Email Campaign,7099,319,190.69
2024-06-22,2024,6,Q2,Paid Ad,27185,326,1102.37
2024-06-22,2024,6,Q2,Direct,0,0,0.0
2024-06-22,2024,6,Q2,Referral,0,0,0.0
2024-06-23,2024,6,Q2,Organic Search,0,0,0.0
2024-06-23,2024,6,Q2,Social Media,16079,289,633.46
2024-06-23,2024,6,Q2,Email Campaign,7034,317,188.74
2024-06-23,2024,6,Q2,Paid Ad,23474,282,951.57
2024-06-23,2024,6,Q2,Direct,0,0,0.0
2024-06-23,2024,6,Q2,Referral,0,0,0.0
2024-06-24,2024,6,Q2,Organic Search,0,0,0.0
2024-06-24,2024,6,Q2,Social Media,13310,240,523.74
2024-06-24,2024,6,Q2,Email Campaign,5948,268,159.67
2024-06-24,2024,6,Q2,Paid Ad,21538,258,873.78
2024-06-24,2024,6,Q2,Direct,0,0,0.0
2024-06-24,2024,6,Q2,Referral,0,0,0.0
2024-06-25,2024,6,Q2,Organic Search,0,0,0.0
2024-06-25,2024,6,Q2,Social Media,14413,259,567.13
2024-06-25,2024,6,Q2,Email Campaign,6787,305,182.26
2024-06-25,2024,6,Q2,Paid Ad,22748,273,923.09
2024-06-25,2024,6,Q2,Direct,0,0,0.0
2024-06-25,2024,6,Q2,Referral,0,0,0.0
2024-06-26,2024,6,Q2,Organic Search,0,0,0.0
2024-06-26,2024,6,Q2,Social Media,11697,211,460.59
2024-06-26,2024,6,Q2,Email Campaign,6475,291,173.83
2024-06-26,2024,6,Q2,Paid Ad,24402,293,989.07
2024-06-26,2024,6,Q2,Direct,0,0,0.0
2024-06-26,2024,6,Q2,Referral,0,0,0.0
2024-06-27,2024,6,Q2,Organic Search,0,0,0.0
2024-06-27,2024,6,Q2,Social Media,12638,227,497.34
2024-06-27,2024,6,Q2,Email Campaign,7056,318,189.41
2024-06-27,2024,6,Q2,Paid Ad,24805,298,1005.85
2024-06-27,2024,6,Q2,Direct,0,0,0.0
2024-06-27,2024,6,Q2,Referral,0,0,0.0
2024-06-28,2024,6,Q2,Organic Search,0,0,0.0
2024-06-28,2024,6,Q2,Social Media,14762,266,581.01
2024-06-28,2024,6,Q2,Email Campaign,6518,293,175.1
2024-06-28,2024,6,Q2,Paid Ad,23514,282,954.43
2024-06-28,2024,6,Q2,Direct,0,0,0.0
2024-06-28,2024,6,Q2,Referral,0,0,0.0
2024-06-29,2024,6,Q2,Organic Search,0,0,0.0
2024-06-29,2024,6,Q2,Social Media,16671,300,656.37
2024-06-29,2024,6,Q2,Email Campaign,7583,341,203.61
2024-06-29,2024,6,Q2,Paid Ad,24805,298,1006.29
2024-06-29,2024,6,Q2,Direct,0,0,0.0
2024-06-29,2024,6,Q2,Referral,0,0,0.0
2024-06-30,2024,6,Q2,Organic Search,0,0,0.0
2024-06-30,2024,6,Q2,Social Media,14439,260,568.52
2024-06-30,2024,6,Q2,Email Campaign,7464,336,200.31
2024-06-30,2024,6,Q2,Paid Ad,23192,278,940.07
2024-06-30,2024,6,Q2,Direct,0,0,0.0
2024-06-30,2024,6,Q2,Referral,0,0,0.0
2024-07-01,2024,7,Q3,Organic Search,0,0,0.0
2024-07-01,2024,7,Q3,Social Media,14816,267,582.92
2024-07-01,2024,7,Q3,Email Campaign,7970,359,213.79
2024-07-01,2024,7,Q3,Paid Ad,21296,256,864.51
2024-07-01,2024,7,Q3,Direct,0,0,0.0
2024-07-01,2024,7,Q3,Referral,0,0,0.0
2024-07-02,2024,7,Q3,Organic Search,0,0,0.0
2024-07-02,2024,7,Q3,Social Media,16805,302,662.06
2024-07-02,2024,7,Q3,Email Campaign,7981,359,214.19
2024-07-02,2024,7,Q3,Paid Ad,24886,299,1009.75
2024-07-02,2024,7,Q3,Direct,0,0,0.0
2024-07-02,2024,7,Q3,Referral,0,0,0.0
2024-07-03,2024,7,Q3,Organic Search,0,0,0.0
2024-07-03,2024,7,Q3,Social Media,15623,281,615.33
2024-07-03,2024,7,Q3,Email Campaign,7324,330,196.61
2024-07-03,2024,7,Q3,Paid Ad,28395,341,1151.44
2024-07-03,2024,7,Q3,Direct,0,0,0.0
2024-07-03,2024,7,Q3,Referral,0,0,0.0
2024-07-04,2024,7,Q3,Organic Search,0,0,0.0
2024-07-04,2024,7,Q3,Social Media,16160,291,636.01
2024-07-04,2024,7,Q3,Email Campaign,6507,293,174.54
2024-07-04,2024,7,Q3,Paid Ad,27064,325,1097.55
2024-07-04,2024,7,Q3,Direct,0,0,0.0
2024-07-04,2024,7,Q3,Referral,0,0,0.0
2024-07-05,2024,7,Q3,Organic Search,0,0,0.0
2024-07-05,2024,7,Q3,Social Media,14735,265,579.98
2024-07-05,2024,7,Q3,Email Campaign,7367,332,197.89
2024-07-05,2024,7,Q3,Paid Ad,24321,292,987.24
2024-07-05,2024,7,Q3,Direct,0,0,0.0
2024-07-05,2024,7,Q3,Referral,0,0,0.0
2024-07-06,2024,7,Q3,Organic Search,0,0,0.0
2024-07-06,2024,7,Q3,Social Media,19629,353,772.97
2024-07-06,2024,7,Q3,Email Campaign,9120,410,244.85
2024-07-06,2024,7,Q3,Paid Ad,27951,335,1134.22
2024-07-06,2024,7,Q3,Direct,0,0,0.0
2024-07-06,2024,7,Q3,Referral,0,0,0.0
2024-07-07,2024,7,Q3,Organic Search,0,0,0.0
2024-07-07,2024,7,Q3,Social Media,15381,277,605.71
2024-07-07,2024,7,Q3,Email Campaign,8164,367,219.04
2024-07-07,2024,7,Q3,Paid Ad,30734,369,1247.48
2024-07-07,2024,7,Q3,Direct,0,0,0.0
2024-07-07,2024,7,Q3,Referral,0,0,0.0
2024-07-08,2024,7,Q3,Organic Search,0,0,0.0
2024-07-08,2024,7,Q3,Social Media,15273,275,601.01
2024-07-08,2024,7,Q3,Email Campaign,8056,363,216.26
2024-07-08,2024,7,Q3,Paid Ad,27467,330,1114.58
2024-07-08,2024,7,Q3,Direct,0,0,0.0
2024-07-08,2024,7,Q3,Referral,0,0,0.0
2024-07-09,2024,7,Q3,Organic Search,0,0,0.0
2024-07-09,2024,7,Q3,Social Media,16133,290,635.41
2024-07-09,2024,7,Q3,Email Campaign,7518,338,201.7
2024-07-09,2024,7,Q3,Paid Ad,22990,276,931.8
2024-07-09,2024,7,Q3,Direct,0,0,0.0
2024-07-09,2024,7,Q3,Referral,0,0,0.0
2024-07-10,2024,7,Q3,Organic Search,0,0,0.0
2024-07-10,2024,7,Q3,Social Media,14735,265,580.45
2024-07-10,2024,7,Q3,Email Campaign,7948,358,213.24
2024-07-10,2024,7,Q3,Paid Ad,25733,309,1043.99
2024-07-10,2024,7,Q3,Direct,0,0,0.0
2024-07-10,2024,7,Q3,Referral,0,0,0.0
2024-07-11,2024,7,Q3,Organic Search,0,0,0.0
2024-07-11,2024,7,Q3,Social Media,15569,280,613.42
2024-07-11,2024,7,Q3,Email Campaign,7131,321,191.56
2024-07-11,2024,7,Q3,Paid Ad,23716,285,961.95
2024-07-11,2024,7,Q3,Direct,0,0,0.0
2024-07-11,2024,7,Q3,Referral,0,0,0.0
2024-07-12,2024,7,Q3,Organic Search,0,0,0.0
2024-07-12,2024,7,Q3,Social Media,14843,267,583.87
2024-07-12,2024,7,Q3,Email Campaign,7507,338,201.42
2024-07-12,2024,7,Q3,Paid Ad,24482,294,993.32
2024-07-12,2024,7,Q3,Direct,0,0,0.0
2024-07-12,2024,7,Q3,Referral,0,0,0.0
2024-07-13,2024,7,Q3,Organic Search,0,0,0.0
2024-07-13,2024,7,Q3,Social Media,16886,304,665.32
2024-07-13,2024,7,Q3,Email Campaign,7787,350,209.06
2024-07-13,2024,7,Q3,Paid Ad,32388,389,1313.49
2024-07-13,2024,7,Q3,Direct,0,0,0.0
2024-07-13,2024,7,Q3,Referral,0,0,0.0
2024-07-14,2024,7,Q3,Organic Search,0,0,0.0
2024-07-14,2024,7,Q3,Social Media,16805,302,662.14
2024-07-14,2024,7,Q3,Email Campaign,9400,423,252.33
2024-07-14,2024,7,Q3,Paid Ad,33356,400,1352.98
2024-07-14,2024,7,Q3,Direct,0,0,0.0
2024-07-14,2024,7,Q3,Referral,0,0,0.0
2024-07-15,2024,7,Q3,Organic Search,0,0,0.0
2024-07-15,2024,7,Q3,Social Media,14869,268,585.86
2024-07-15,2024,7,Q3,Email Campaign,6733,303,180.71
2024-07-15,2024,7,Q3,Paid Ad,21538,258,873.34
2024-07-15,2024,7,Q3,Direct,0,0,0.0
2024-07-15,2024,7,Q3,Referral,0,0,0.0
2024-07-16,2024,7,Q3,Organic Search,0,0,0.0
2024-07-16,2024,7,Q3,Social Media,13203,238,520.24
2024-07-16,2024,7,Q3,Email Campaign,6518,293,174.98
2024-07-16,2024,7,Q3,Paid Ad,28677,344,1163.89
2024-07-16,2024,7,Q3,Direct,0,0,0.0
2024-07-16,2024,7,Q3,Referral,0,0,0.0
2024-07-17,2024,7,Q3,Organic Search,0,0,0.0
2024-07-17,2024,7,Q3,Social Media,15111,272,595.13
2024-07-17,2024,7,Q3,Email Campaign,7550,340,202.7
2024-07-17,2024,7,Q3,Paid Ad,21256,255,862.09
2024-07-17,2024,7,Q3,Direct,0,0,0.0
2024-07-17,2024,7,Q3,Referral,0,0,0.0
2024-07-18,2024,7,Q3,Organic Search,0,0,0.0
2024-07-18,2024,7,Q3,Social Media,13552,244,533.17
2024-07-18,2024,7,Q3,Email Campaign,7841,353,210.53
2024-07-18,2024,7,Q3,Paid Ad,26418,317,1072.38
2024-07-18,2024,7,Q3,Direct,0,0,0.0
2024-07-18,2024,7,Q3,Referral,0,0,0.0
2024-07-19,2024,7,Q3,Organic Search,0,0,0.0
2024-07-19,2024,7,Q3,Social Media,14789,266,582.72
2024-07-19,2024,7,Q3,Email Campaign,7658,345,205.44
2024-07-19,2024,7,Q3,Paid Ad,29242,351,1185.48
2024-07-19,2024,7,Q3,Direct,0,0,0.0
2024-07-19,2024,7,Q3,Referral,0,0,0.0
2024-07-20,2024,7,Q3,Organic Search,0,0,0.0
2024-07-20,2024,7,Q3,Social Media,16913,304,666.11
2024-07-20,2024,7,Q3,Email Campaign,8465,381,227.31
2024-07-20,2024,7,Q3,Paid Ad,30169,362,1224.14
2024-07-20,2024,7,Q3,Direct,0,0,0.0
2024-07-20,2024,7,Q3,Referral,0,0,0.0
2024-07-21,2024,7,Q3,Organic Search,0,0,0.0
2024-07-21,2024,7,Q3,Social Media,20516,369,807.89
2024-07-21,2024,7,Q3,Email Campaign,7002,315,188.06
2024-07-21,2024,7,Q3,Paid Ad,31339,376,1271.46
2024-07-21,2024,7,Q3,Direct,0,0,0.0
2024-07-21,2024,7,Q3,Referral,0,0,0.0
2024-07-22,2024,7,Q3,Organic Search,0,0,0.0
2024-07-22,2024,7,Q3,Social Media,14843,267,584.27
2024-07-22,2024,7,Q3,Email Campaign,7658,345,205.48
2024-07-22,2024,7,Q3,Paid Ad,24482,294,993.16
2024-07-22,2024,7,Q3,Direct,0,0,0.0
2024-07-22,2024,7,Q3,Referral,0,0,0.0
2024-07-23,2024,7,Q3,Organic Search,0,0,0.0
2024-07-23,2024,7,Q3,Social Media,14923,269,587.37
2024-07-23,2024,7,Q3,Email Campaign,7744,348,207.75
2024-07-23,2024,7,Q3,Paid Ad,32267,387,1309.36
2024-07-23,2024,7,Q3,Direct,0,0,0.0
2024-07-23,2024,7,Q3,Referral,0,0,0.0
2024-07-24,2024,7,Q3,Organic Search,0,0,0.0
2024-07-24,2024,7,Q3,Social Media,15945,287,627.78
2024-07-24,2024,7,Q3,Email Campaign,6830,307,183.21
2024-07-24,2024,7,Q3,Paid Ad,24966,300,1012.77
2024-07-24,2024,7,Q3,Direct,0,0,0.0
2024-07-24,2024,7,Q3,Referral,0,0,0.0
2024-07-25,2024,7,Q3,Organic Search,0,0,0.0
2024-07-25,2024,7,Q3,Social Media,14439,260,568.28
2024-07-25,2024,7,Q3,Email Campaign,6271,282,168.34
2024-07-25,2024,7,Q3,Paid Ad,25168,302,1020.64
2024-07-25,2024,7,Q3,Direct,0,0,0.0
2024-07-25,2024,7,Q3,Referral,0,0,0.0
2024-07-26,2024,7,Q3,Organic Search,0,0,0.0
2024-07-26,2024,7,Q3,Social Media,15865,286,624.24
2024-07-26,2024,7,Q3,Email Campaign,6572,296,176.53
2024-07-26,2024,7,Q3,Paid Ad,27991,336,1136.21
2024-07-26,2024,7,Q3,Direct,0,0,0.0
2024-07-26,2024,7,Q3,Referral,0,0,0.0
2024-07-27,2024,7,Q3,Organic Search,0,0,0.0
2024-07-27,2024,7,Q3,Social Media,17908,322,704.57
2024-07-27,2024,7,Q3,Email Campaign,7927,357,212.76
2024-07-27,2024,7,Q3,Paid Ad,29403,353,1191.88
2024-07-27,2024,7,Q3,Direct,0,0,0.0
2024-07-27,2024,7,Q3,Referral,0,0,0.0
2024-07-28,2024,7,Q3,Organic Search,0,0,0.0
2024-07-28,2024,7,Q3,Social Media,19414,349,764.82
2024-07-28,2024,7,Q3,Email Campaign,8916,401,239.32
2024-07-28,2024,7,Q3,Paid Ad,29726,357,1206.4
2024-07-28,2024,7,Q3,Direct,0,0,0.0
2024-07-28,2024,7,Q3,Referral,0,0,0.0
2024-07-29,2024,7,Q3,Organic Search,0,0,0.0
2024-07-29,2024,7,Q3,Social Media,14681,264,578.46
2024-07-29,2024,7,Q3,Email Campaign,7367,332,197.77
2024-07-29,2024,7,Q3,Paid Ad,24805,298,1005.37
2024-07-29,2024,7,Q3,Direct,0,0,0.0
2024-07-29,2024,7,Q3,Referral,0,0,0.0
2024-07-30,2024,7,Q3,Organic Search,0,0,0.0
2024-07-30,2024,7,Q3,Social Media,12449,224,490.38
2024-07-30,2024,7,Q3,Email Campaign,8518,383,228.67
2024-07-30,2024,7,Q3,Paid Ad,26176,314,1061.33
2024-07-30,2024,7,Q3,Direct,0,0,0.0
2024-07-30,2024,7,Q3,Referral,0,0,0.0
2024-07-31,2024,7,Q3,Organic Search,0,0,0.0
2024-07-31,2024,7,Q3,Social Media,15461,278,608.45
2024-07-31,2024,7,Q3,Email Campaign,7292,328,195.66
2024-07-31,2024,7,Q3,Paid Ad,24321,292,986.64
2024-07-31,2024,7,Q3,Direct,0,0,0.0
2024-07-31,2024,7,Q3,Referral,0,0,0.0
2024-08-01,2024,8,Q3,Organic Search,0,0,0.0
2024-08-01,2024,8,Q3,Social Media,12826,231,505.13
2024-08-01,2024,8,Q3,Email Campaign,5550,250,149.05
2024-08-01,2024,8,Q3,Paid Ad,26580,319,1077.63
2024-08-01,2024,8,Q3,Direct,0,0,0.0
2024-08-01,2024,8,Q3,Referral,0,0,0.0
2024-08-02,2024,8,Q3,Organic Search,0,0,0.0
2024-08-02,2024,8,Q3,Social Media,11751,212,462.1
2024-08-02,2024,8,Q3,Email Campaign,5840,263,156.8
2024-08-02,2024,8,Q3,Paid Ad,21699,260,879.47
2024-08-02,2024,8,Q3,Direct,0,0,0.0
2024-08-02,2024,8,Q3,Referral,0,0,0.0
2024-08-03,2024,8,Q3,Organic Search,0,0,0.0
2024-08-03,2024,8,Q3,Social Media,16510,297,650.44
2024-08-03,2024,8,Q3,Email Campaign,7336,330,196.77
2024-08-03,2024,8,Q3,Paid Ad,23272,279,944.65
2024-08-03,2024,8,Q3,Direct,0,0,0.0
2024-08-03,2024,8,Q3,Referral,0,0,0.0
2024-08-04,2024,8,Q3,Organic Search,0,0,0.0
2024-08-04,2024,8,Q3,Social Media,16483,297,648.85
2024-08-04,2024,8,Q3,Email Campaign,7755,349,208.07
2024-08-04,2024,8,Q3,Paid Ad,26943,323,1093.46
2024-08-04,2024,8,Q3,Direct,0,0,0.0
2024-08-04,2024,8,Q3,Referral,0,0,0.0
2024-08-05,2024,8,Q3,Organic Search,0,0,0.0
2024-08-05,2024,8,Q3,Social Media,13767,248,542.12
2024-08-05,2024,8,Q3,Email Campaign,7583,341,203.65
2024-08-05,2024,8,Q3,Paid Ad,26418,317,1070.91
2024-08-05,2024,8,Q3,Direct,0,0,0.0
2024-08-05,2024,8,Q3,Referral,0,0,0.0
2024-08-06,2024,8,Q3,Organic Search,0,0,0.0
2024-08-06,2024,8,Q3,Social Media,12315,222,484.57
2024-08-06,2024,8,Q3,Email Campaign,7196,324,193.11
2024-08-06,2024,8,Q3,Paid Ad,23151,278,939.52
2024-08-06,2024,8,Q3,Direct,0,0,0.0
2024-08-06,2024,8,Q3,Referral,0,0,0.0
2024-08-07,2024,8,Q3,Organic Search,0,0,0.0
2024-08-07,2024,8,Q3,Social Media,13552,244,533.25
2024-08-07,2024,8,Q3,Email Campaign,5507,248,147.78
2024-08-07,2024,8,Q3,Paid Ad,22183,266,899.15
2024-08-07,2024,8,Q3,Direct,0,0,0.0
2024-08-07,2024,8,Q3,Referral,0,0,0.0
2024-08-08,2024,8,Q3,Organic Search,0,0,0.0
2024-08-08,2024,8,Q3,Social Media,12181,219,479.4
2024-08-08,2024,8,Q3,Email Campaign,6787,305,182.26
2024-08-08,2024,8,Q3,Paid Ad,24402,293,989.66
2024-08-08,2024,8,Q3,Direct,0,0,0.0
2024-08-08,2024,8,Q3,Referral,0,0,0.0
2024-08-09,2024,8,Q3,Organic Search,0,0,0.0
2024-08-09,2024,8,Q3,Social Media,10863,196,427.66
2024-08-09,2024,8,Q3,Email Campaign,6356,286,170.6
2024-08-09,2024,8,Q3,Paid Ad,24482,294,993.4
2024-08-09,2024,8,Q3,Direct,0,0,0.0
2024-08-09,2024,8,Q3,Referral,0,0,0.0
2024-08-10,2024,8,Q3,Organic Search,0,0,0.0
2024-08-10,2024,8,Q3,Social Media,14762,266,580.85
2024-08-10,2024,8,Q3,Email Campaign,7755,349,208.03
2024-08-10,2024,8,Q3,Paid Ad,26580,319,1077.75
2024-08-10,2024,8,Q3,Direct,0,0,0.0
2024-08-10,2024,8,Q3,Referral,0,0,0.0
2024-08-11,2024,8,Q3,Organic Search,0,0,0.0
2024-08-11,2024,8,Q3,Social Media,15381,277,605.78
2024-08-11,2024,8,Q3,Email Campaign,7163,322,192.28
2024-08-11,2024,8,Q3,Paid Ad,23313,280,946.28
2024-08-11,2024,8,Q3,Direct,0,0,0.0
2024-08-11,2024,8,Q3,Referral,0,0,0.0
2024-08-12,2024,8,Q3,Organic Search,0,0,0.0
2024-08-12,2024,8,Q3,Social Media,11858,213,466.76
2024-08-12,2024,8,Q3,Email Campaign,6733,303,180.63
2024-08-12,2024,8,Q3,Paid Ad,22506,270,912.99
2024-08-12,2024,8,Q3,Direct,0,0,0.0
2024-08-12,2024,8,Q3,Referral,0,0,0.0
2024-08-13,2024,8,Q3,Organic Search,0,0,0.0
2024-08-13,2024,8,Q3,Social Media,12880,232,507.08
2024-08-13,2024,8,Q3,Email Campaign,6152,277,165.12
2024-08-13,2024,8,Q3,Paid Ad,21941,263,889.33
2024-08-13,2024,8,Q3,Direct,0,0,0.0
2024-08-13,2024,8,Q3,Referral,0,0,0.0
2024-08-14,2024,8,Q3,Organic Search,0,0,0.0
2024-08-14,2024,8,Q3,Social Media,14117,254,555.72
2024-08-14,2024,8,Q3,Email Campaign,6195,279,166.35
2024-08-14,2024,8,Q3,Paid Ad,20046,241,813.77
2024-08-14,2024,8,Q3,Direct,0,0,0.0
2024-08-14,2024,8,Q3,Referral,0,0,0.0
2024-08-15,2024,8,Q3,Organic Search,0,0,0.0
2024-08-15,2024,8,Q3,Social Media,13794,248,543.27
2024-08-15,2024,8,Q3,Email Campaign,6260,282,168.1
2024-08-15,2024,8,Q3,Paid Ad,22546,271,913.87
2024-08-15,2024,8,Q3,Direct,0,0,0.0
2024-08-15,2024,8,Q3,Referral,0,0,0.0
2024-08-16,2024,8,Q3,Organic Search,0,0,0.0
2024-08-16,2024,8,Q3,Social Media,14708,265,578.7
2024-08-16,2024,8,Q3,Email Campaign,6356,286,170.64
2024-08-16,2024,8,Q3,Paid Ad,22990,276,932.68
2024-08-16,2024,8,Q3,Direct,0,0,0.0
2024-08-16,2024,8,Q3,Referral,0,0,0.0
2024-08-17,2024,8,Q3,Organic Search,0,0,0.0
2024-08-17,2024,8,Q3,Social Media,13552,244,534.08
2024-08-17,2024,8,Q3,Email Campaign,7196,324,193.11
2024-08-17,2024,8,Q3,Paid Ad,27104,325,1099.42
2024-08-17,2024,8,Q3,Direct,0,0,0.0
2024-08-17,2024,8,Q3,Referral,0,0,0.0
2024-08-18,2024,8,Q3,Organic Search,0,0,0.0
2024-08-18,2024,8,Q3,Social Media,13122,236,516.31
2024-08-18,2024,8,Q3,Email Campaign,7443,335,199.71
2024-08-18,2024,8,Q3,Paid Ad,26055,313,1056.75
2024-08-18,2024,8,Q3,Direct,0,0,0.0
2024-08-18,2024,8,Q3,Referral,0,0,0.0
2024-08-19,2024,8,Q3,Organic Search,0,0,0.0
2024-08-19,2024,8,Q3,Social Media,13068,235,514.44
2024-08-19,2024,8,Q3,Email Campaign,6894,310,185.12
2024-08-19,2024,8,Q3,Paid Ad,23071,277,935.94
2024-08-19,2024,8,Q3,Direct,0,0,0.0
2024-08-19,2024,8,Q3,Referral,0,0,0.0
2024-08-20,2024,8,Q3,Organic Search,0,0,0.0
2024-08-20,2024,8,Q3,Social Media,14574,262,573.37
2024-08-20,2024,8,Q3,Email Campaign,5862,264,157.32
2024-08-20,2024,8,Q3,Paid Ad,22708,272,921.5
2024-08-20,2024,8,Q3,Direct,0,0,0.0
2024-08-20,2024,8,Q3,Referral,0,0,0.0
2024-08-21,2024,8,Q3,Organic Search,0,0,0.0
2024-08-21,2024,8,Q3,Social Media,13122,236,516.23
2024-08-21,2024,8,Q3,Email Campaign,5819,262,156.29
2024-08-21,2024,8,Q3,Paid Ad,24200,290,981.31
2024-08-21,2024,8,Q3,Direct,0,0,0.0
2024-08-21,2024,8,Q3,Referral,0,0,0.0
2024-08-22,2024,8,Q3,Organic Search,0,0,0.0
2024-08-22,2024,8,Q3,Social Media,15434,278,608.09
2024-08-22,2024,8,Q3,Email Campaign,6356,286,170.68
2024-08-22,2024,8,Q3,Paid Ad,23393,281,948.39
2024-08-22,2024,8,Q3,Direct,0,0,0.0
2024-08-22,2024,8,Q3,Referral,0,0,0.0
2024-08-23,2024,8,Q3,Organic Search,0,0,0.0
2024-08-23,2024,8,Q3,Social Media,13122,236,516.23
2024-08-23,2024,8,Q3,Email Campaign,6002,270,161.18
2024-08-23,2024,8,Q3,Paid Ad,19199,230,778.81
2024-08-23,2024,8,Q3,Direct,0,0,0.0
2024-08-23,2024,8,Q3,Referral,0,0,0.0
2024-08-24,2024,8,Q3,Organic Search,0,0,0.0
2024-08-24,2024,8,Q3,Social Media,14143,255,556.39
2024-08-24,2024,8,Q3,Email Campaign,6507,293,174.66
2024-08-24,2024,8,Q3,Paid Ad,29363,352,1191.21
2024-08-24,2024,8,Q3,Direct,0,0,0.0
2024-08-24,2024,8,Q3,Referral,0,0,0.0
2024-08-25,2024,8,Q3,Organic Search,0,0,0.0
2024-08-25,2024,8,Q3,Social Media,14843,267,584.23
2024-08-25,2024,8,Q3,Email Campaign,7120,320,191.12
2024-08-25,2024,8,Q3,Paid Ad,27669,332,1122.89
2024-08-25,2024,8,Q3,Direct,0,0,0.0
2024-08-25,2024,8,Q3,Referral,0,0,0.0
2024-08-26,2024,8,Q3,Organic Search,0,0,0.0
2024-08-26,2024,8,Q3,Social Media,11858,213,466.76
2024-08-26,2024,8,Q3,Email Campaign,5980,269,160.42
2024-08-26,2024,8,Q3,Paid Ad,22587,271,916.53
2024-08-26,2024,8,Q3,Direct,0,0,0.0
2024-08-26,2024,8,Q3,Referral,0,0,0.0
2024-08-27,2024,8,Q3,Organic Search,0,0,0.0
2024-08-27,2024,8,Q3,Social Media,14090,254,554.96
2024-08-27,2024,8,Q3,Email Campaign,6625,298,177.76
2024-08-27,2024,8,Q3,Paid Ad,22909,275,929.69
2024-08-27,2024,8,Q3,Direct,0,0,0.0
2024-08-27,2024,8,Q3,Referral,0,0,0.0
2024-08-28,2024,8,Q3,Organic Search,0,0,0.0
2024-08-28,2024,8,Q3,Social Media,13095,236,515.95
2024-08-28,2024,8,Q3,Email Campaign,6572,296,176.37
2024-08-28,2024,8,Q3,Paid Ad,22829,274,926.27
2024-08-28,2024,8,Q3,Direct,0,0,0.0
2024-08-28,2024,8,Q3,Referral,0,0,0.0
2024-08-29,2024,8,Q3,Organic Search,0,0,0.0
2024-08-29,2024,8,Q3,Social Media,11939,215,470.49
2024-08-29,2024,8,Q3,Email Campaign,6389,287,171.56
2024-08-29,2024,8,Q3,Paid Ad,20530,246,833.26
2024-08-29,2024,8,Q3,Direct,0,0,0.0
2024-08-29,2024,8,Q3,Referral,0,0,0.0
2024-08-30,2024,8,Q3,Organic Search,0,0,0.0
2024-08-30,2024,8,Q3,Social Media,13122,236,516.07
2024-08-30,2024,8,Q3,Email Campaign,6120,275,164.36
2024-08-30,2024,8,Q3,Paid Ad,27023,324,1096.76
2024-08-30,2024,8,Q3,Direct,0,0,0.0
2024-08-30,2024,8,Q3,Referral,0,0,0.0
2024-08-31,2024,8,Q3,Organic Search,0,0,0.0
2024-08-31,2024,8,Q3,Social Media,14923,269,587.77
2024-08-31,2024,8,Q3,Email Campaign,6496,292,174.46
2024-08-31,2024,8,Q3,Paid Ad,25571,307,1037.03
2024-08-31,2024,8,Q3,Direct,0,0,0.0
2024-08-31,2024,8,Q3,Referral,0,0,0.0
2024-09-01,2024,9,Q3,Organic Search,0,0,0.0
2024-09-01,2024,9,Q3,Social Media,15595,281,614.18
2024-09-01,2024,9,Q3,Email Campaign,8304,374,222.86
2024-09-01,2024,9,Q3,Paid Ad,24644,296,998.89
2024-09-01,2024,9,Q3,Direct,0,0,0.0
2024-09-01,2024,9,Q3,Referral,0,0,0.0
2024-09-02,2024,9,Q3,Organic Search,0,0,0.0
2024-09-02,2024,9,Q3,Social Media,11374,205,447.87
2024-09-02,2024,9,Q3,Email Campaign,6787,305,182.1
2024-09-02,2024,9,Q3,Paid Ad,20005,240,810.87
2024-09-02,2024,9,Q3,Direct,0,0,0.0
2024-09-02,2024,9,Q3,Referral,0,0,0.0
2024-09-03,2024,9,Q3,Organic Search,0,0,0.0
2024-09-03,2024,9,Q3,Social Media,12557,226,494.87
2024-09-03,2024,9,Q3,Email Campaign,6238,281,167.38
2024-09-03,2024,9,Q3,Paid Ad,22345,268,906.47
2024-09-03,2024,9,Q3,Direct,0,0,0.0
2024-09-03,2024,9,Q3,Referral,0,0,0.0
2024-09-04,2024,9,Q3,Organic Search,0,0,0.0
2024-09-04,2024,9,Q3,Social Media,13740,247,541.04
2024-09-04,2024,9,Q3,Email Campaign,6023,271,161.58
2024-09-04,2024,9,Q3,Paid Ad,21982,264,891.6
2024-09-04,2024,9,Q3,Direct,0,0,0.0
2024-09-04,2024,9,Q3,Referral,0,0,0.0
2024-09-05,2024,9,Q3,Organic Search,0,0,0.0
2024-09-05,2024,9,Q3,Social Media,13014,234,512.17
2024-09-05,2024,9,Q3,Email Campaign,6443,290,172.95
2024-09-05,2024,9,Q3,Paid Ad,22667,272,918.72
2024-09-05,2024,9,Q3,Direct,0,0,0.0
2024-09-05,2024,9,Q3,Referral,0,0,0.0
2024-09-06,2024,9,Q3,Organic Search,0,0,0.0
2024-09-06,2024,9,Q3,Social Media,13471,242,530.62
2024-09-06,2024,9,Q3,Email Campaign,6797,306,182.46
2024-09-06,2024,9,Q3,Paid Ad,23192,278,940.19
2024-09-06,2024,9,Q3,Direct,0,0,0.0
2024-09-06,2024,9,Q3,Referral,0,0,0.0
2024-09-07,2024,9,Q3,Organic Search,0,0,0.0
2024-09-07,2024,9,Q3,Social Media,15515,279,611.07
2024-09-07,2024,9,Q3,Email Campaign,6399,288,171.68
2024-09-07,2024,9,Q3,Paid Ad,25934,311,1052.54
2024-09-07,2024,9,Q3,Direct,0,0,0.0
2024-09-07,2024,9,Q3,Referral,0,0,0.0
2024-09-08,2024,9,Q3,Organic Search,0,0,0.0
2024-09-08,2024,9,Q3,Social Media,15542,280,612.31
2024-09-08,2024,9,Q3,Email Campaign,7755,349,208.03
2024-09-08,2024,9,Q3,Paid Ad,24402,293,990.22
2024-09-08,2024,9,Q3,Direct,0,0,0.0
2024-09-08,2024,9,Q3,Referral,0,0,0.0
2024-09-09,2024,9,Q3,Organic Search,0,0,0.0
2024-09-09,2024,9,Q3,Social Media,12342,222,485.73
2024-09-09,2024,9,Q3,Email Campaign,6077,273,163.05
2024-09-09,2024,9,Q3,Paid Ad,23434,281,950.69
2024-09-09,2024,9,Q3,Direct,0,0,0.0
2024-09-09,2024,9,Q3,Referral,0,0,0.0
2024-09-10,2024,9,Q3,Organic Search,0,0,0.0
2024-09-10,2024,9,Q3,Social Media,14090,254,555.16
2024-09-10,2024,9,Q3,Email Campaign,6163,277,165.35
2024-09-10,2024,9,Q3,Paid Ad,24119,289,977.77
2024-09-10,2024,9,Q3,Direct,0,0,0.0
2024-09-10,2024,9,Q3,Referral,0,0,0.0
2024-09-11,2024,9,Q3,Organic Search,0,0,0.0
2024-09-11,2024,9,Q3,Social Media,13149,237,517.82
2024-09-11,2024,9,Q3,Email Campaign,6303,284,169.21
2024-09-11,2024,9,Q3,Paid Ad,22103,265,896.17
2024-09-11,2024,9,Q3,Direct,0,0,0.0
2024-09-11,2024,9,Q3,Referral,0,0,0.0
2024-09-12,2024,9,Q3,Organic Search,0,0,0.0
2024-09-12,2024,9,Q3,Social Media,13794,248,543.39
2024-09-12,2024,9,Q3,Email Campaign,6529,294,175.38
2024-09-12,2024,9,Q3,Paid Ad,26580,319,1077.55
2024-09-12,2024,9,Q3,Direct,0,0,0.0
2024-09-12,2024,9,Q3,Referral,0,0,0.0
2024-09-13,2024,9,Q3,Organic Search,0,0,0.0
2024-09-13,2024,9,Q3,Social Media,12127,218,477.81
2024-09-13,2024,9,Q3,Email Campaign,6636,299,178.0
2024-09-13,2024,9,Q3,Paid Ad,21538,258,872.99
2024-09-13,2024,9,Q3,Direct,0,0,0.0
2024-09-13,2024,9,Q3,Referral,0,0,0.0
2024-09-14,2024,9,Q3,Organic Search,0,0,0.0
2024-09-14,2024,9,Q3,Social Media,13929,251,548.64
2024-09-14,2024,9,Q3,Email Campaign,7314,329,196.37
2024-09-14,2024,9,Q3,Paid Ad,26136,314,1059.81
2024-09-14,2024,9,Q3,Direct,0,0,0.0
2024-09-14,2024,9,Q3,Referral,0,0,0.0
2024-09-15,2024,9,Q3,Organic Search,0,0,0.0
2024-09-15,2024,9,Q3,Social Media,18473,333,727.32
2024-09-15,2024,9,Q3,Email Campaign,7217,325,193.67
2024-09-15,2024,9,Q3,Paid Ad,23514,282,953.52
2024-09-15,2024,9,Q3,Direct,0,0,0.0
2024-09-15,2024,9,Q3,Referral,0,0,0.0
2024-09-16,2024,9,Q3,Organic Search,0,0,0.0
2024-09-16,2024,9,Q3,Social Media,13310,240,523.94
2024-09-16,2024,9,Q3,Email Campaign,5313,239,142.57
2024-09-16,2024,9,Q3,Paid Ad,22304,268,904.88
2024-09-16,2024,9,Q3,Direct,0,0,0.0
2024-09-16,2024,9,Q3,Referral,0,0,0.0
2024-09-17,2024,9,Q3,Organic Search,0,0,0.0
2024-09-17,2024,9,Q3,Social Media,13041,235,513.4
2024-09-17,2024,9,Q3,Email Campaign,6776,305,181.78
2024-09-17,2024,9,Q3,Paid Ad,24240,291,982.59
2024-09-17,2024,9,Q3,Direct,0,0,0.0
2024-09-17,2024,9,Q3,Referral,0,0,0.0
2024-09-18,2024,9,Q3,Organic Search,0,0,0.0
2024-09-18,2024,9,Q3,Social Media,12503,225,492.09
2024-09-18,2024,9,Q3,Email Campaign,6292,283,168.85
2024-09-18,2024,9,Q3,Paid Ad,21094,253,855.69
2024-09-18,2024,9,Q3,Direct,0,0,0.0
2024-09-18,2024,9,Q3,Referral,0,0,0.0
2024-09-19,2024,9,Q3,Organic Search,0,0,0.0
2024-09-19,2024,9,Q3,Social Media,11858,213,466.48
2024-09-19,2024,9,Q3,Email Campaign,6529,294,175.14
2024-09-19,2024,9,Q3,Paid Ad,20167,242,818.7
2024-09-19,2024,9,Q3,Direct,0,0,0.0
2024-09-19,2024,9,Q3,Referral,0,0,0.0
2024-09-20,2024,9,Q3,Organic Search,0,0,0.0
2024-09-20,2024,9,Q3,Social Media,12584,227,495.75
2024-09-20,2024,9,Q3,Email Campaign,5862,264,157.32
2024-09-20,2024,9,Q3,Paid Ad,23474,282,951.65
2024-09-20,2024,9,Q3,Direct,0,0,0.0
2024-09-20,2024,9,Q3,Referral,0,0,0.0
2024-09-21,2024,9,Q3,Organic Search,0,0,0.0
2024-09-21,2024,9,Q3,Social Media,17128,308,674.66
2024-09-21,2024,9,Q3,Email Campaign,6561,295,176.09
2024-09-21,2024,9,Q3,Paid Ad,22022,264,892.91
2024-09-21,2024,9,Q3,Direct,0,0,0.0
2024-09-21,2024,9,Q3,Referral,0,0,0.0
2024-09-22,2024,9,Q3,Organic Search,0,0,0.0
2024-09-22,2024,9,Q3,Social Media,14816,267,583.79
2024-09-22,2024,9,Q3,Email Campaign,7336,330,196.81
2024-09-22,2024,9,Q3,Paid Ad,26297,316,1066.65
2024-09-22,2024,9,Q3,Direct,0,0,0.0
2024-09-22,2024,9,Q3,Referral,0,0,0.0
2024-09-23,2024,9,Q3,Organic Search,0,0,0.0
2024-09-23,2024,9,Q3,Social Media,12557,226,494.43
2024-09-23,2024,9,Q3,Email Campaign,6260,282,168.18
2024-09-23,2024,9,Q3,Paid Ad,23151,278,938.36
2024-09-23,2024,9,Q3,Direct,0,0,0.0
2024-09-23,2024,9,Q3,Referral,0,0,0.0
2024-09-24,2024,9,Q3,Organic Search,0,0,0.0
2024-09-24,2024,9,Q3,Social Media,14117,254,555.44
2024-09-24,2024,9,Q3,Email Campaign,5367,242,144.2
2024-09-24,2024,9,Q3,Paid Ad,21820,262,884.68
2024-09-24,2024,9,Q3,Direct,0,0,0.0
2024-09-24,2024,9,Q3,Referral,0,0,0.0
2024-09-25,2024,9,Q3,Organic Search,0,0,0.0
2024-09-25,2024,9,Q3,Social Media,13256,239,521.52
2024-09-25,2024,9,Q3,Email Campaign,5905,266,158.36
2024-09-25,2024,9,Q3,Paid Ad,25571,307,1037.82
2024-09-25,2024,9,Q3,Direct,0,0,0.0
2024-09-25,2024,9,Q3,Referral,0,0,0.0
2024-09-26,2024,9,Q3,Organic Search,0,0,0.0
2024-09-26,2024,9,Q3,Social Media,12369,223,486.68
2024-09-26,2024,9,Q3,Email Campaign,6346,286,170.37
2024-09-26,2024,9,Q3,Paid Ad,23474,282,952.12
2024-09-26,2024,9,Q3,Direct,0,0,0.0
2024-09-26,2024,9,Q3,Referral,0,0,0.0
2024-09-27,2024,9,Q3,Organic Search,0,0,0.0
2024-09-27,2024,9,Q3,Social Media,12396,223,488.51
2024-09-27,2024,9,Q3,Email Campaign,5431,244,145.67
2024-09-27,2024,9,Q3,Paid Ad,21699,260,880.3
2024-09-27,2024,9,Q3,Direct,0,0,0.0
2024-09-27,2024,9,Q3,Referral,0,0,0.0
2024-09-28,2024,9,Q3,Organic Search,0,0,0.0
2024-09-28,2024,9,Q3,Social Media,16214,292,638.24
2024-09-28,2024,9,Q3,Email Campaign,7120,320,191.28
2024-09-28,2024,9,Q3,Paid Ad,24079,289,977.34
2024-09-28,2024,9,Q3,Direct,0,0,0.0
2024-09-28,2024,9,Q3,Referral,0,0,0.0
2024-09-29,2024,9,Q3,Organic Search,0,0,0.0
2024-09-29,2024,9,Q3,Social Media,16079,289,633.34
2024-09-29,2024,9,Q3,Email Campaign,7131,321,191.36
2024-09-29,2024,9,Q3,Paid Ad,24805,298,1005.53
2024-09-29,2024,9,Q3,Direct,0,0,0.0
2024-09-29,2024,9,Q3,Referral,0,0,0.0
2024-09-30,2024,9,Q3,Organic Search,0,0,0.0
2024-09-30,2024,9,Q3,Social Media,13175,237,518.89
2024-09-30,2024,9,Q3,Email Campaign,6765,304,181.46
2024-09-30,2024,9,Q3,Paid Ad,26741,321,1085.27
2024-09-30,2024,9,Q3,Direct,0,0,0.0
2024-09-30,2024,9,Q3,Referral,0,0,0.0
2024-10-01,2024,10,Q4,Organic Search,0,0,0.0
2024-10-01,2024,10,Q4,Social Media,13875,250,546.69
2024-10-01,2024,10,Q4,Email Campaign,6959,313,186.79
2024-10-01,2024,10,Q4,Paid Ad,21578,259,874.66
2024-10-01,2024,10,Q4,Direct,0,0,0.0
2024-10-01,2024,10,Q4,Referral,0,0,0.0
2024-10-02,2024,10,Q4,Organic Search,0,0,0.0
2024-10-02,2024,10,Q4,Social Media,11965,215,470.69
2024-10-02,2024,10,Q4,Email Campaign,6399,288,171.76
2024-10-02,2024,10,Q4,Paid Ad,22667,272,919.39
2024-10-02,2024,10,Q4,Direct,0,0,0.0
2024-10-02,2024,10,Q4,Referral,0,0,0.0
2024-10-03,2024,10,Q4,Organic Search,0,0,0.0
2024-10-03,2024,10,Q4,Social Media,11912,214,468.51
2024-10-03,2024,10,Q4,Email Campaign,6281,283,168.5
2024-10-03,2024,10,Q4,Paid Ad,23192,278,940.71
2024-10-03,2024,10,Q4,Direct,0,0,0.0
2024-10-03,2024,10,Q4,Referral,0,0,0.0
2024-10-04,2024,10,Q4,Organic Search,0,0,0.0
2024-10-04,2024,10,Q4,Social Media,13391,241,527.52
2024-10-04,2024,10,Q4,Email Campaign,6625,298,177.8
2024-10-04,2024,10,Q4,Paid Ad,22990,276,932.8
2024-10-04,2024,10,Q4,Direct,0,0,0.0
2024-10-04,2024,10,Q4,Referral,0,0,0.0
2024-10-05,2024,10,Q4,Organic Search,0,0,0.0
2024-10-05,2024,10,Q4,Social Media,14359,258,565.74
2024-10-05,2024,10,Q4,Email Campaign,7023,316,188.46
2024-10-05,2024,10,Q4,Paid Ad,23353,280,947.75
2024-10-05,2024,10,Q4,Direct,0,0,0.0
2024-10-05,2024,10,Q4,Referral,0,0,0.0
2024-10-06,2024,10,Q4,Organic Search,0,0,0.0
2024-10-06,2024,10,Q4,Social Media,17128,308,673.87
2024-10-06,2024,10,Q4,Email Campaign,7336,330,196.77
2024-10-06,2024,10,Q4,Paid Ad,25370,304,1029.43
2024-10-06,2024,10,Q4,Direct,0,0,0.0
2024-10-06,2024,10,Q4,Referral,0,0,0.0
2024-10-07,2024,10,Q4,Organic Search,0,0,0.0
2024-10-07,2024,10,Q4,Social Media,12046,217,474.67
2024-10-07,2024,10,Q4,Email Campaign,7862,354,211.05
2024-10-07,2024,10,Q4,Paid Ad,20530,246,833.3
2024-10-07,2024,10,Q4,Direct,0,0,0.0
2024-10-07,2024,10,Q4,Referral,0,0,0.0
2024-10-08,2024,10,Q4,Organic Search,0,0,0.0
2024-10-08,2024,10,Q4,Social Media,12584,227,495.15
2024-10-08,2024,10,Q4,Email Campaign,6582,296,176.61
2024-10-08,2024,10,Q4,Paid Ad,23555,283,955.34
2024-10-08,2024,10,Q4,Direct,0,0,0.0
2024-10-08,2024,10,Q4,Referral,0,0,0.0
2024-10-09,2024,10,Q4,Organic Search,0,0,0.0
2024-10-09,2024,10,Q4,Social Media,14009,252,552.06
2024-10-09,2024,10,Q4,Email Campaign,7292,328,195.62
2024-10-09,2024,10,Q4,Paid Ad,23393,281,948.5
2024-10-09,2024,10,Q4,Direct,0,0,0.0
2024-10-09,2024,10,Q4,Referral,0,0,0.0
2024-10-10,2024,10,Q4,Organic Search,0,0,0.0
2024-10-10,2024,10,Q4,Social Media,11912,214,469.42
2024-10-10,2024,10,Q4,Email Campaign,6238,281,167.38
2024-10-10,2024,10,Q4,Paid Ad,23030,276,934.03
2024-10-10,2024,10,Q4,Direct,0,0,0.0
2024-10-10,2024,10,Q4,Referral,0,0,0.0
2024-10-11,2024,10,Q4,Organic Search,0,0,0.0
2024-10-11,2024,10,Q4,Social Media,15192,273,597.59
2024-10-11,2024,10,Q4,Email Campaign,5657,255,151.79
2024-10-11,2024,10,Q4,Paid Ad,24644,296,999.25
2024-10-11,2024,10,Q4,Direct,0,0,0.0
2024-10-11,2024,10,Q4,Referral,0,0,0.0
2024-10-12,2024,10,Q4,Organic Search,0,0,0.0
2024-10-12,2024,10,Q4,Social Media,15192,273,598.15
2024-10-12,2024,10,Q4,Email Campaign,7808,351,209.74
2024-10-12,2024,10,Q4,Paid Ad,25652,308,1039.77
2024-10-12,2024,10,Q4,Direct,0,0,0.0
2024-10-12,2024,10,Q4,Referral,0,0,0.0
2024-10-13,2024,10,Q4,Organic Search,0,0,0.0
2024-10-13,2024,10,Q4,Social Media,13955,251,549.91
2024-10-13,2024,10,Q4,Email Campaign,7765,349,208.34
2024-10-13,2024,10,Q4,Paid Ad,27185,326,1103.16
2024-10-13,2024,10,Q4,Direct,0,0,0.0
2024-10-13,2024,10,Q4,Referral,0,0,0.0
2024-10-14,2024,10,Q4,Organic Search,0,0,0.0
2024-10-14,2024,10,Q4,Social Media,14036,253,552.65
2024-10-14,2024,10,Q4,Email Campaign,6356,286,170.76
2024-10-14,2024,10,Q4,Paid Ad,21377,257,867.82
2024-10-14,2024,10,Q4,Direct,0,0,0.0
2024-10-14,2024,10,Q4,Referral,0,0,0.0
2024-10-15,2024,10,Q4,Organic Search,0,0,0.0
2024-10-15,2024,10,Q4,Social Media,11401,205,448.82
2024-10-15,2024,10,Q4,Email Campaign,6787,305,182.14
2024-10-15,2024,10,Q4,Paid Ad,23232,279,942.5
2024-10-15,2024,10,Q4,Direct,0,0,0.0
2024-10-15,2024,10,Q4,Referral,0,0,0.0
2024-10-16,2024,10,Q4,Organic Search,0,0,0.0
2024-10-16,2024,10,Q4,Social Media,12019,216,473.16
2024-10-16,2024,10,Q4,Email Campaign,6088,274,163.57
2024-10-16,2024,10,Q4,Paid Ad,21619,259,877.56
2024-10-16,2024,10,Q4,Direct,0,0,0.0
2024-10-16,2024,10,Q4,Referral,0,0,0.0
2024-10-17,2024,10,Q4,Organic Search,0,0,0.0
2024-10-17,2024,10,Q4,Social Media,11481,207,451.92
2024-10-17,2024,10,Q4,Email Campaign,5948,268,159.75
2024-10-17,2024,10,Q4,Paid Ad,20449,245,828.88
2024-10-17,2024,10,Q4,Direct,0,0,0.0
2024-10-17,2024,10,Q4,Referral,0,0,0.0
2024-10-18,2024,10,Q4,Organic Search,0,0,0.0
2024-10-18,2024,10,Q4,Social Media,12584,227,495.83
2024-10-18,2024,10,Q4,Email Campaign,5991,270,160.82
2024-10-18,2024,10,Q4,Paid Ad,19562,235,792.93
2024-10-18,2024,10,Q4,Direct,0,0,0.0
2024-10-18,2024,10,Q4,Referral,0,0,0.0
2024-10-19,2024,10,Q4,Organic Search,0,0,0.0
2024-10-19,2024,10,Q4,Social Media,17397,313,685.08
2024-10-19,2024,10,Q4,Email Campaign,8056,363,216.26
2024-10-19,2024,10,Q4,Paid Ad,24240,291,982.98
2024-10-19,2024,10,Q4,Direct,0,0,0.0
2024-10-19,2024,10,Q4,Referral,0,0,0.0
2024-10-20,2024,10,Q4,Organic Search,0,0,0.0
2024-10-20,2024,10,Q4,Social Media,15300,275,602.52
2024-10-20,2024,10,Q4,Email Campaign,7572,341,203.13
2024-10-20,2024,10,Q4,Paid Ad,28314,340,1148.22
2024-10-20,2024,10,Q4,Direct,0,0,0.0
2024-10-20,2024,10,Q4,Referral,0,0,0.0
2024-10-21,2024,10,Q4,Organic Search,0,0,0.0
2024-10-21,2024,10,Q4,Social Media,12181,219,479.16
2024-10-21,2024,10,Q4,Email Campaign,6927,312,185.88
2024-10-21,2024,10,Q4,Paid Ad,21498,258,871.59
2024-10-21,2024,10,Q4,Direct,0,0,0.0
2024-10-21,2024,10,Q4,Referral,0,0,0.0
2024-10-22,2024,10,Q4,Organic Search,0,0,0.0
2024-10-22,2024,10,Q4,Social Media,11643,210,457.97
2024-10-22,2024,10,Q4,Email Campaign,6733,303,180.82
2024-10-22,2024,10,Q4,Paid Ad,24805,298,1005.69
2024-10-22,2024,10,Q4,Direct,0,0,0.0
2024-10-22,2024,10,Q4,Referral,0,0,0.0
2024-10-23,2024,10,Q4,Organic Search,0,0,0.0
2024-10-23,2024,10,Q4,Social Media,15730,283,618.91
2024-10-23,2024,10,Q4,Email Campaign,5754,259,154.54
2024-10-23,2024,10,Q4,Paid Ad,23716,285,962.54
2024-10-23,2024,10,Q4,Direct,0,0,0.0
2024-10-23,2024,10,Q4,Referral,0,0,0.0
2024-10-24,2024,10,Q4,Organic Search,0,0,0.0
2024-10-24,2024,10,Q4,Social Media,12584,227,495.95
2024-10-24,2024,10,Q4,Email Campaign,6765,304,181.62
2024-10-24,2024,10,Q4,Paid Ad,19844,238,804.35
2024-10-24,2024,10,Q4,Direct,0,0,0.0
2024-10-24,2024,10,Q4,Referral,0,0,0.0
2024-10-25,2024,10,Q4,Organic Search,0,0,0.0
2024-10-25,2024,10,Q4,Social Media,11697,211,460.95
2024-10-25,2024,10,Q4,Email Campaign,5969,269,160.3
2024-10-25,2024,10,Q4,Paid Ad,22627,272,917.33
2024-10-25,2024,10,Q4,Direct,0,0,0.0
2024-10-25,2024,10,Q4,Referral,0,0,0.0
2024-10-26,2024,10,Q4,Organic Search,0,0,0.0
2024-10-26,2024,10,Q4,Social Media,14197,256,559.42
2024-10-26,2024,10,Q4,Email Campaign,7712,347,206.91
2024-10-26,2024,10,Q4,Paid Ad,27951,335,1134.42
2024-10-26,2024,10,Q4,Direct,0,0,0.0
2024-10-26,2024,10,Q4,Referral,0,0,0.0
2024-10-27,2024,10,Q4,Organic Search,0,0,0.0
2024-10-27,2024,10,Q4,Social Media,15703,283,617.95
2024-10-27,2024,10,Q4,Email Campaign,8271,372,221.98
2024-10-27,2024,10,Q4,Paid Ad,26701,320,1083.2
2024-10-27,2024,10,Q4,Direct,0,0,0.0
2024-10-27,2024,10,Q4,Referral,0,0,0.0
2024-10-28,2024,10,Q4,Organic Search,0,0,0.0
2024-10-28,2024,10,Q4,Social Media,11751,212,462.86
2024-10-28,2024,10,Q4,Email Campaign,7066,318,189.57
2024-10-28,2024,10,Q4,Paid Ad,21377,257,867.42
2024-10-28,2024,10,Q4,Direct,0,0,0.0
2024-10-28,2024,10,Q4,Referral,0,0,0.0
2024-10-29,2024,10,Q4,Organic Search,0,0,0.0
2024-10-29,2024,10,Q4,Social Media,13982,252,550.11
2024-10-29,2024,10,Q4,Email Campaign,7174,323,192.44
2024-10-29,2024,10,Q4,Paid Ad,23313,280,944.89
2024-10-29,2024,10,Q4,Direct,0,0,0.0
2024-10-29,2024,10,Q4,Referral,0,0,0.0
2024-10-30,2024,10,Q4,Organic Search,0,0,0.0
2024-10-30,2024,10,Q4,Social Media,11455,206,451.37
2024-10-30,2024,10,Q4,Email Campaign,5905,266,158.36
2024-10-30,2024,10,Q4,Paid Ad,24845,298,1008.04
2024-10-30,2024,10,Q4,Direct,0,0,0.0
2024-10-30,2024,10,Q4,Referral,0,0,0.0
2024-10-31,2024,10,Q4,Organic Search,0,0,0.0
2024-10-31,2024,10,Q4,Social Media,12853,231,505.85
2024-10-31,2024,10,Q4,Email Campaign,6410,288,172.04
2024-10-31,2024,10,Q4,Paid Ad,23837,286,966.92
2024-10-31,2024,10,Q4,Direct,0,0,0.0
2024-10-31,2024,10,Q4,Referral,0,0,0.0
2024-11-01,2024,11,Q4,Organic Search,0,0,0.0
2024-11-01,2024,11,Q4,Social Media,19925,359,784.94
2024-11-01,2024,11,Q4,Email Campaign,9443,425,253.36
2024-11-01,2024,11,Q4,Paid Ad,32025,384,1299.73
2024-11-01,2024,11,Q4,Direct,0,0,0.0
2024-11-01,2024,11,Q4,Referral,0,0,0.0
2024-11-02,2024,11,Q4,Organic Search,0,0,0.0
2024-11-02,2024,11,Q4,Social Media,21161,381,833.65
2024-11-02,2024,11,Q4,Email Campaign,11347,511,304.58
2024-11-02,2024,11,Q4,Paid Ad,39123,469,1587.34
2024-11-02,2024,11,Q4,Direct,0,0,0.0
2024-11-02,2024,11,Q4,Referral,0,0,0.0
2024-11-03,2024,11,Q4,Organic Search,0,0,0.0
2024-11-03,2024,11,Q4,Social Media,21269,383,837.43
2024-11-03,2024,11,Q4,Email Campaign,11540,519,309.67
2024-11-03,2024,11,Q4,Paid Ad,37107,445,1504.34
2024-11-03,2024,11,Q4,Direct,0,0,0.0
2024-11-03,2024,11,Q4,Referral,0,0,0.0
2024-11-04,2024,11,Q4,Organic Search,0,0,0.0
2024-11-04,2024,11,Q4,Social Media,17585,317,692.84
2024-11-04,2024,11,Q4,Email Campaign,8669,390,232.76
2024-11-04,2024,11,Q4,Paid Ad,30048,361,1218.29
2024-11-04,2024,11,Q4,Direct,0,0,0.0
2024-11-04,2024,11,Q4,Referral,0,0,0.0
2024-11-05,2024,11,Q4,Organic Search,0,0,0.0
2024-11-05,2024,11,Q4,Social Media,18473,333,727.28
2024-11-05,2024,11,Q4,Email Campaign,10143,456,272.29
2024-11-05,2024,11,Q4,Paid Ad,30492,366,1236.66
2024-11-05,2024,11,Q4,Direct,0,0,0.0
2024-11-05,2024,11,Q4,Referral,0,0,0.0
2024-11-06,2024,11,Q4,Organic Search,0,0,0.0
2024-11-06,2024,11,Q4,Social Media,19172,345,754.72
2024-11-06,2024,11,Q4,Email Campaign,8744,393,234.83
2024-11-06,2024,11,Q4,Paid Ad,31904,383,1294.25
2024-11-06,2024,11,Q4,Direct,0,0,0.0
2024-11-06,2024,11,Q4,Referral,0,0,0.0
2024-11-07,2024,11,Q4,Organic Search,0,0,0.0
2024-11-07,2024,11,Q4,Social Media,16591,299,653.7
2024-11-07,2024,11,Q4,Email Campaign,9067,408,243.46
2024-11-07,2024,11,Q4,Paid Ad,32065,385,1301.29
2024-11-07,2024,11,Q4,Direct,0,0,0.0
2024-11-07,2024,11,Q4,Referral,0,0,0.0
2024-11-08,2024,11,Q4,Organic Search,0,0,0.0
2024-11-08,2024,11,Q4,Social Media,19709,355,775.63
2024-11-08,2024,11,Q4,Email Campaign,9400,423,252.25
2024-11-08,2024,11,Q4,Paid Ad,29443,353,1195.07
2024-11-08,2024,11,Q4,Direct,0,0,0.0
2024-11-08,2024,11,Q4,Referral,0,0,0.0
2024-11-09,2024,11,Q4,Organic Search,0,0,0.0
2024-11-09,2024,11,Q4,Social Media,23609,425,929.18
2024-11-09,2024,11,Q4,Email Campaign,10799,486,289.83
2024-11-09,2024,11,Q4,Paid Ad,38075,457,1544.15
2024-11-09,2024,11,Q4,Direct,0,0,0.0
2024-11-09,2024,11,Q4,Referral,0,0,0.0
2024-11-10,2024,11,Q4,Organic Search,0,0,0.0
2024-11-10,2024,11,Q4,Social Media,21699,391,854.41
2024-11-10,2024,11,Q4,Email Campaign,10175,458,273.21
2024-11-10,2024,11,Q4,Paid Ad,38115,457,1546.53
2024-11-10,2024,11,Q4,Direct,0,0,0.0
2024-11-10,2024,11,Q4,Referral,0,0,0.0
2024-11-11,2024,11,Q4,Organic Search,0,0,0.0
2024-11-11,2024,11,Q4,Social Media,19602,353,771.78
2024-11-11,2024,11,Q4,Email Campaign,7938,357,213.2
2024-11-11,2024,11,Q4,Paid Ad,31178,374,1264.82
2024-11-11,2024,11,Q4,Direct,0,0,0.0
2024-11-11,2024,11,Q4,Referral,0,0,0.0
2024-11-12,2024,11,Q4,Organic Search,0,0,0.0
2024-11-12,2024,11,Q4,Social Media,18499,333,728.35
2024-11-12,2024,11,Q4,Email Campaign,9422,424,252.92
2024-11-12,2024,11,Q4,Paid Ad,35695,428,1447.95
2024-11-12,2024,11,Q4,Direct,0,0,0.0
2024-11-12,2024,11,Q4,Referral,0,0,0.0
2024-11-13,2024,11,Q4,Organic Search,0,0,0.0
2024-11-13,2024,11,Q4,Social Media,17720,319,697.61
2024-11-13,2024,11,Q4,Email Campaign,8863,399,237.97
2024-11-13,2024,11,Q4,Paid Ad,31258,375,1267.56
2024-11-13,2024,11,Q4,Direct,0,0,0.0
2024-11-13,2024,11,Q4,Referral,0,0,0.0
2024-11-14,2024,11,Q4,Organic Search,0,0,0.0
2024-11-14,2024,11,Q4,Social Media,17666,318,695.82
2024-11-14,2024,11,Q4,Email Campaign,8981,404,240.95
2024-11-14,2024,11,Q4,Paid Ad,34606,415,1403.29
2024-11-14,2024,11,Q4,Direct,0,0,0.0
2024-11-14,2024,11,Q4,Referral,0,0,0.0
2024-11-15,2024,11,Q4,Organic Search,0,0,0.0
2024-11-15,2024,11,Q4,Social Media,17289,311,680.83
2024-11-15,2024,11,Q4,Email Campaign,9551,430,256.3
2024-11-15,2024,11,Q4,Paid Ad,28153,338,1141.82
2024-11-15,2024,11,Q4,Direct,0,0,0.0
2024-11-15,2024,11,Q4,Referral,0,0,0.0
2024-11-16,2024,11,Q4,Organic Search,0,0,0.0
2024-11-16,2024,11,Q4,Social Media,20731,373,816.63
2024-11-16,2024,11,Q4,Email Campaign,10336,465,277.5
2024-11-16,2024,11,Q4,Paid Ad,42511,510,1723.7
2024-11-16,2024,11,Q4,Direct,0,0,0.0
2024-11-16,2024,11,Q4,Referral,0,0,0.0
2024-11-17,2024,11,Q4,Organic Search,0,0,0.0
2024-11-17,2024,11,Q4,Social Media,21242,382,836.24
2024-11-17,2024,11,Q4,Email Campaign,8744,393,234.83
2024-11-17,2024,11,Q4,Paid Ad,31500,378,1276.95
2024-11-17,2024,11,Q4,Direct,0,0,0.0
2024-11-17,2024,11,Q4,Referral,0,0,0.0
2024-11-18,2024,11,Q4,Organic Search,0,0,0.0
2024-11-18,2024,11,Q4,Social Media,18930,341,745.53
2024-11-18,2024,11,Q4,Email Campaign,9691,436,260.0
2024-11-18,2024,11,Q4,Paid Ad,33557,403,1361.49
2024-11-18,2024,11,Q4,Direct,0,0,0.0
2024-11-18,2024,11,Q4,Referral,0,0,0.0
2024-11-19,2024,11,Q4,Organic Search,0,0,0.0
2024-11-19,2024,11,Q4,Social Media,19145,345,753.48
2024-11-19,2024,11,Q4,Email Campaign,10088,454,270.86
2024-11-19,2024,11,Q4,Paid Ad,31178,374,1264.74
2024-11-19,2024,11,Q4,Direct,0,0,0.0
2024-11-19,2024,11,Q4,Referral,0,0,0.0
2024-11-20,2024,11,Q4,Organic Search,0,0,0.0
2024-11-20,2024,11,Q4,Social Media,20247,364,796.71
2024-11-20,2024,11,Q4,Email Campaign,8024,361,215.46
2024-11-20,2024,11,Q4,Paid Ad,30210,363,1226.08
2024-11-20,2024,11,Q4,Direct,0,0,0.0
2024-11-20,2024,11,Q4,Referral,0,0,0.0
2024-11-21,2024,11,Q4,Organic Search,0,0,0.0
2024-11-21,2024,11,Q4,Social Media,16160,291,636.01
2024-11-21,2024,11,Q4,Email Campaign,9035,407,242.39
2024-11-21,2024,11,Q4,Paid Ad,32468,390,1316.87
2024-11-21,2024,11,Q4,Direct,0,0,0.0
2024-11-21,2024,11,Q4,Referral,0,0,0.0
2024-11-22,2024,11,Q4,Organic Search,0,0,0.0
2024-11-22,2024,11,Q4,Social Media,19064,343,750.3
2024-11-22,2024,11,Q4,Email Campaign,9282,418,249.07
2024-11-22,2024,11,Q4,Paid Ad,30169,362,1223.7
2024-11-22,2024,11,Q4,Direct,0,0,0.0
2024-11-22,2024,11,Q4,Referral,0,0,0.0
2024-11-23,2024,11,Q4,Organic Search,0,0,0.0
2024-11-23,2024,11,Q4,Social Media,21377,385,842.01
2024-11-23,2024,11,Q4,Email Campaign,9347,421,250.86
2024-11-23,2024,11,Q4,Paid Ad,41543,499,1685.8
2024-11-23,2024,11,Q4,Direct,0,0,0.0
2024-11-23,2024,11,Q4,Referral,0,0,0.0
2024-11-24,2024,11,Q4,Organic Search,0,0,0.0
2024-11-24,2024,11,Q4,Social Media,21189,381,834.25
2024-11-24,2024,11,Q4,Email Campaign,10207,459,273.84
2024-11-24,2024,11,Q4,Paid Ad,42229,507,1713.24
2024-11-24,2024,11,Q4,Direct,0,0,0.0
2024-11-24,2024,11,Q4,Referral,0,0,0.0
2024-11-25,2024,11,Q4,Organic Search,0,0,0.0
2024-11-25,2024,11,Q4,Social Media,17021,306,669.61
2024-11-25,2024,11,Q4,Email Campaign,8400,378,225.52
2024-11-25,2024,11,Q4,Paid Ad,29726,357,1205.88
2024-11-25,2024,11,Q4,Direct,0,0,0.0
2024-11-25,2024,11,Q4,Referral,0,0,0.0
2024-11-26,2024,11,Q4,Organic Search,0,0,0.0
2024-11-26,2024,11,Q4,Social Media,18795,338,739.44
2024-11-26,2024,11,Q4,Email Campaign,9551,430,256.38
2024-11-26,2024,11,Q4,Paid Ad,34525,414,1399.99
2024-11-26,2024,11,Q4,Direct,0,0,0.0
2024-11-26,2024,11,Q4,Referral,0,0,0.0
2024-11-27,2024,11,Q4,Organic Search,0,0,0.0
2024-11-27,2024,11,Q4,Social Media,22775,410,896.49
2024-11-27,2024,11,Q4,Email Campaign,7572,341,203.25
2024-11-27,2024,11,Q4,Paid Ad,34162,410,1386.15
2024-11-27,2024,11,Q4,Direct,0,0,0.0
2024-11-27,2024,11,Q4,Referral,0,0,0.0
2024-11-28,2024,11,Q4,Organic Search,0,0,0.0
2024-11-28,2024,11,Q4,Social Media,18043,325,710.37
2024-11-28,2024,11,Q4,Email Campaign,8798,396,236.22
2024-11-28,2024,11,Q4,Paid Ad,30976,372,1256.23
2024-11-28,2024,11,Q4,Direct,0,0,0.0
2024-11-28,2024,11,Q4,Referral,0,0,0.0
2024-11-29,2024,11,Q4,Organic Search,0,0,0.0
2024-11-29,2024,11,Q4,Social Media,17505,315,689.46
2024-11-29,2024,11,Q4,Email Campaign,10476,471,281.24
2024-11-29,2024,11,Q4,Paid Ad,34767,417,1410.85
2024-11-29,2024,11,Q4,Direct,0,0,0.0
2024-11-29,2024,11,Q4,Referral,0,0,0.0
2024-11-30,2024,11,Q4,Organic Search,0,0,0.0
2024-11-30,2024,11,Q4,Social Media,21753,392,856.6
2024-11-30,2024,11,Q4,Email Campaign,11767,529,315.8
2024-11-30,2024,11,Q4,Paid Ad,32952,395,1336.12
2024-11-30,2024,11,Q4,Direct,0,0,0.0
2024-11-30,2024,11,Q4,Referral,0,0,0.0
2024-12-01,2024,12,Q4,Organic Search,0,0,0.0
2024-12-01,2024,12,Q4,Social Media,19414,349,763.98
2024-12-01,2024,12,Q4,Email Campaign,8766,394,235.35
2024-12-01,2024,12,Q4,Paid Ad,35372,424,1434.99
2024-12-01,2024,12,Q4,Direct,0,0,0.0
2024-12-01,2024,12,Q4,Referral,0,0,0.0
2024-12-02,2024,12,Q4,Organic Search,0,0,0.0
2024-12-02,2024,12,Q4,Social Media,19118,344,753.12
2024-12-02,2024,12,Q4,Email Campaign,9303,419,249.86
2024-12-02,2024,12,Q4,Paid Ad,32993,396,1337.55
2024-12-02,2024,12,Q4,Direct,0,0,0.0
2024-12-02,2024,12,Q4,Referral,0,0,0.0
2024-12-03,2024,12,Q4,Organic Search,0,0,0.0
2024-12-03,2024,12,Q4,Social Media,16752,302,659.55
2024-12-03,2024,12,Q4,Email Campaign,9831,442,263.74
2024-12-03,2024,12,Q4,Paid Ad,33194,398,1347.1
2024-12-03,2024,12,Q4,Direct,0,0,0.0
2024-12-03,2024,12,Q4,Referral,0,0,0.0
2024-12-04,2024,12,Q4,Organic Search,0,0,0.0
2024-12-04,2024,12,Q4,Social Media,20005,360,787.09
2024-12-04,2024,12,Q4,Email Campaign,7830,352,210.29
2024-12-04,2024,12,Q4,Paid Ad,33396,401,1354.69
2024-12-04,2024,12,Q4,Direct,0,0,0.0
2024-12-04,2024,12,Q4,Referral,0,0,0.0
2024-12-05,2024,12,Q4,Organic Search,0,0,0.0
2024-12-05,2024,12,Q4,Social Media,17101,308,672.87
2024-12-05,2024,12,Q4,Email Campaign,8938,402,239.96
2024-12-05,2024,12,Q4,Paid Ad,33961,408,1378.28
2024-12-05,2024,12,Q4,Direct,0,0,0.0
2024-12-05,2024,12,Q4,Referral,0,0,0.0
2024-12-06,2024,12,Q4,Organic Search,0,0,0.0
2024-12-06,2024,12,Q4,Social Media,19011,342,748.91
2024-12-06,2024,12,Q4,Email Campaign,8605,387,230.97
2024-12-06,2024,12,Q4,Paid Ad,32589,391,1322.44
2024-12-06,2024,12,Q4,Direct,0,0,0.0
2024-12-06,2024,12,Q4,Referral,0,0,0.0
2024-12-07,2024,12,Q4,Organic Search,0,0,0.0
2024-12-07,2024,12,Q4,Social Media,19064,343,750.26
2024-12-07,2024,12,Q4,Email Campaign,11595,522,311.22
2024-12-07,2024,12,Q4,Paid Ad,36865,442,1495.07
2024-12-07,2024,12,Q4,Direct,0,0,0.0
2024-12-07,2024,12,Q4,Referral,0,0,0.0
2024-12-08,2024,12,Q4,Organic Search,0,0,0.0
2024-12-08,2024,12,Q4,Social Media,23662,426,931.52
2024-12-08,2024,12,Q4,Email Campaign,10175,458,273.01
2024-12-08,2024,12,Q4,Paid Ad,35897,431,1456.38
2024-12-08,2024,12,Q4,Direct,0,0,0.0
2024-12-08,2024,12,Q4,Referral,0,0,0.0
2024-12-09,2024,12,Q4,Organic Search,0,0,0.0
2024-12-09,2024,12,Q4,Social Media,17720,319,698.05
2024-12-09,2024,12,Q4,Email Campaign,9884,445,265.21
2024-12-09,2024,12,Q4,Paid Ad,30734,369,1246.76
2024-12-09,2024,12,Q4,Direct,0,0,0.0
2024-12-09,2024,12,Q4,Referral,0,0,0.0
2024-12-10,2024,12,Q4,Organic Search,0,0,0.0
2024-12-10,2024,12,Q4,Social Media,19871,358,781.84
2024-12-10,2024,12,Q4,Email Campaign,8949,403,240.24
2024-12-10,2024,12,Q4,Paid Ad,27427,329,1112.83
2024-12-10,2024,12,Q4,Direct,0,0,0.0
2024-12-10,2024,12,Q4,Referral,0,0,0.0
2024-12-11,2024,12,Q4,Organic Search,0,0,0.0
2024-12-11,2024,12,Q4,Social Media,18015,324,709.58
2024-12-11,2024,12,Q4,Email Campaign,8357,376,224.45
2024-12-11,2024,12,Q4,Paid Ad,32670,392,1325.35
2024-12-11,2024,12,Q4,Direct,0,0,0.0
2024-12-11,2024,12,Q4,Referral,0,0,0.0
2024-12-12,2024,12,Q4,Organic Search,0,0,0.0
2024-12-12,2024,12,Q4,Social Media,17075,307,672.67
2024-12-12,2024,12,Q4,Email Campaign,9917,446,266.21
2024-12-12,2024,12,Q4,Paid Ad,32347,388,1312.14
2024-12-12,2024,12,Q4,Direct,0,0,0.0
2024-12-12,2024,12,Q4,Referral,0,0,0.0
2024-12-13,2024,12,Q4,Organic Search,0,0,0.0
2024-12-13,2024,12,Q4,Social Media,18607,335,732.92
2024-12-13,2024,12,Q4,Email Campaign,9712,437,260.84
2024-12-13,2024,12,Q4,Paid Ad,35090,421,1423.69
2024-12-13,2024,12,Q4,Direct,0,0,0.0
2024-12-13,2024,12,Q4,Referral,0,0,0.0
2024-12-14,2024,12,Q4,Organic Search,0,0,0.0
2024-12-14,2024,12,Q4,Social Media,21673,390,853.66
2024-12-14,2024,12,Q4,Email Campaign,9960,448,267.44
2024-12-14,2024,12,Q4,Paid Ad,32146,386,1304.31
2024-12-14,2024,12,Q4,Direct,0,0,0.0
2024-12-14,2024,12,Q4,Referral,0,0,0.0
2024-12-15,2024,12,Q4,Organic Search,0,0,0.0
2024-12-15,2024,12,Q4,Social Media,20516,369,808.08
2024-12-15,2024,12,Q4,Email Campaign,10088,454,270.94
2024-12-15,2024,12,Q4,Paid Ad,37792,454,1533.05
2024-12-15,2024,12,Q4,Direct,0,0,0.0
2024-12-15,2024,12,Q4,Referral,0,0,0.0
2024-12-16,2024,12,Q4,Organic Search,0,0,0.0
2024-12-16,2024,12,Q4,Social Media,18365,331,722.98
2024-12-16,2024,12,Q4,Email Campaign,9744,439,261.47
2024-12-16,2024,12,Q4,Paid Ad,30976,372,1256.94
2024-12-16,2024,12,Q4,Direct,0,0,0.0
2024-12-16,2024,12,Q4,Referral,0,0,0.0
2024-12-17,2024,12,Q4,Organic Search,0,0,0.0
2024-12-17,2024,12,Q4,Social Media,18795,338,740.12
2024-12-17,2024,12,Q4,Email Campaign,10110,455,271.3
2024-12-17,2024,12,Q4,Paid Ad,33477,402,1357.92
2024-12-17,2024,12,Q4,Direct,0,0,0.0
2024-12-17,2024,12,Q4,Referral,0,0,0.0
2024-12-18,2024,12,Q4,Organic Search,0,0,0.0
2024-12-18,2024,12,Q4,Social Media,18795,338,739.92
2024-12-18,2024,12,Q4,Email Campaign,8788,395,235.9
2024-12-18,2024,12,Q4,Paid Ad,30936,371,1254.8
2024-12-18,2024,12,Q4,Direct,0,0,0.0
2024-12-18,2024,12,Q4,Referral,0,0,0.0
2024-12-19,2024,12,Q4,Organic Search,0,0,0.0
2024-12-19,2024,12,Q4,Social Media,17612,317,692.92
2024-12-19,2024,12,Q4,Email Campaign,8830,397,237.1
2024-12-19,2024,12,Q4,Paid Ad,34566,415,1401.66
2024-12-19,2024,12,Q4,Direct,0,0,0.0
2024-12-19,2024,12,Q4,Referral,0,0,0.0
2024-12-20,2024,12,Q4,Organic Search,0,0,0.0
2024-12-20,2024,12,Q4,Social Media,18553,334,730.3
2024-12-20,2024,12,Q4,Email Campaign,8239,371,221.07
2024-12-20,2024,12,Q4,Paid Ad,37187,446,1508.75
2024-12-20,2024,12,Q4,Direct,0,0,0.0
2024-12-20,2024,12,Q4,Referral,0,0,0.0
2024-12-21,2024,12,Q4,Organic Search,0,0,0.0
2024-12-21,2024,12,Q4,Social Media,22264,401,876.92
2024-12-21,2024,12,Q4,Email Campaign,9422,424,252.92
2024-12-21,2024,12,Q4,Paid Ad,36139,434,1466.32
2024-12-21,2024,12,Q4,Direct,0,0,0.0
2024-12-21,2024,12,Q4,Referral,0,0,0.0
2024-12-22,2024,12,Q4,Organic Search,0,0,0.0
2024-12-22,2024,12,Q4,Social Media,21915,394,862.61
2024-12-22,2024,12,Q4,Email Campaign,12068,543,323.87
2024-12-22,2024,12,Q4,Paid Ad,34162,410,1385.28
2024-12-22,2024,12,Q4,Direct,0,0,0.0
2024-12-22,2024,12,Q4,Referral,0,0,0.0
2024-12-23,2024,12,Q4,Organic Search,0,0,0.0
2024-12-23,2024,12,Q4,Social Media,20355,366,801.56
2024-12-23,2024,12,Q4,Email Campaign,10271,462,275.59
2024-12-23,2024,12,Q4,Paid Ad,30936,371,1255.31
2024-12-23,2024,12,Q4,Direct,0,0,0.0
2024-12-23,2024,12,Q4,Referral,0,0,0.0
2024-12-24,2024,12,Q4,Organic Search,0,0,0.0
2024-12-24,2024,12,Q4,Social Media,18473,333,727.0
2024-12-24,2024,12,Q4,Email Campaign,8465,381,227.31
2024-12-24,2024,12,Q4,Paid Ad,32065,385,1300.25
2024-12-24,2024,12,Q4,Direct,0,0,0.0
2024-12-24,2024,12,Q4,Referral,0,0,0.0
2024-12-25,2024,12,Q4,Organic Search,0,0,0.0
2024-12-25,2024,12,Q4,Social Media,18822,339,741.31
2024-12-25,2024,12,Q4,Email Campaign,9723,438,260.92
2024-12-25,2024,12,Q4,Paid Ad,35413,425,1437.05
2024-12-25,2024,12,Q4,Direct,0,0,0.0
2024-12-25,2024,12,Q4,Referral,0,0,0.0
2024-12-26,2024,12,Q4,Organic Search,0,0,0.0
2024-12-26,2024,12,Q4,Social Media,17747,319,699.0
2024-12-26,2024,12,Q4,Email Campaign,7776,350,208.82
2024-12-26,2024,12,Q4,Paid Ad,32549,391,1319.54
2024-12-26,2024,12,Q4,Direct,0,0,0.0
2024-12-26,2024,12,Q4,Referral,0,0,0.0
2024-12-27,2024,12,Q4,Organic Search,0,0,0.0
2024-12-27,2024,12,Q4,Social Media,19333,348,760.96
2024-12-27,2024,12,Q4,Email Campaign,9422,424,252.76
2024-12-27,2024,12,Q4,Paid Ad,31742,381,1287.21
2024-12-27,2024,12,Q4,Direct,0,0,0.0
2024-12-27,2024,12,Q4,Referral,0,0,0.0
2024-12-28,2024,12,Q4,Organic Search,0,0,0.0
2024-12-28,2024,12,Q4,Social Media,21941,395,863.56
2024-12-28,2024,12,Q4,Email Campaign,11906,536,319.57
2024-12-28,2024,12,Q4,Paid Ad,38599,463,1566.46
2024-12-28,2024,12,Q4,Direct,0,0,0.0
2024-12-28,2024,12,Q4,Referral,0,0,0.0
2024-12-29,2024,12,Q4,Organic Search,0,0,0.0
2024-12-29,2024,12,Q4,Social Media,21081,379,829.48
2024-12-29,2024,12,Q4,Email Campaign,10196,459,273.6
2024-12-29,2024,12,Q4,Paid Ad,36945,443,1499.41
2024-12-29,2024,12,Q4,Direct,0,0,0.0
2024-12-29,2024,12,Q4,Referral,0,0,0.0
2024-12-30,2024,12,Q4,Organic Search,0,0,0.0
2024-12-30,2024,12,Q4,Social Media,21350,384,840.85
2024-12-30,2024,12,Q4,Email Campaign,9099,409,244.21
2024-12-30,2024,12,Q4,Paid Ad,32549,391,1319.66
2024-12-30,2024,12,Q4,Direct,0,0,0.0
2024-12-30,2024,12,Q4,Referral,0,0,0.0
2024-12-31,2024,12,Q4,Organic Search,0,0,0.0
2024-12-31,2024,12,Q4,Social Media,18150,327,714.83
2024-12-31,2024,12,Q4,Email Campaign,10046,452,269.63
2024-12-31,2024,12,Q4,Paid Ad,37712,453,1529.0
2024-12-31,2024,12,Q4,Direct,0,0,0.0
2024-12-31,2024,12,Q4,Referral,0,0,0.0
2025-01-01,2025,1,Q1,Organic Search,0,0,0.0
2025-01-01,2025,1,Q1,Social Media,12396,223,488.15
2025-01-01,2025,1,Q1,Email Campaign,5894,265,158.12
2025-01-01,2025,1,Q1,Paid Ad,20731,249,840.14
2025-01-01,2025,1,Q1,Direct,0,0,0.0
2025-01-01,2025,1,Q1,Referral,0,0,0.0
2025-01-02,2025,1,Q1,Organic Search,0,0,0.0
2025-01-02,2025,1,Q1,Social Media,9680,174,381.33
2025-01-02,2025,1,Q1,Email Campaign,6195,279,166.43
2025-01-02,2025,1,Q1,Paid Ad,20852,250,846.66
2025-01-02,2025,1,Q1,Direct,0,0,0.0
2025-01-02,2025,1,Q1,Referral,0,0,0.0
2025-01-03,2025,1,Q1,Organic Search,0,0,0.0
2025-01-03,2025,1,Q1,Social Media,12369,223,487.32
2025-01-03,2025,1,Q1,Email Campaign,5518,248,148.14
2025-01-03,2025,1,Q1,Paid Ad,20005,240,811.9
2025-01-03,2025,1,Q1,Direct,0,0,0.0
2025-01-03,2025,1,Q1,Referral,0,0,0.0
2025-01-04,2025,1,Q1,Organic Search,0,0,0.0
2025-01-04,2025,1,Q1,Social Media,13310,240,524.02
2025-01-04,2025,1,Q1,Email Campaign,7281,328,195.38
2025-01-04,2025,1,Q1,Paid Ad,23030,276,934.11
2025-01-04,2025,1,Q1,Direct,0,0,0.0
2025-01-04,2025,1,Q1,Referral,0,0,0.0
2025-01-05,2025,1,Q1,Organic Search,0,0,0.0
2025-01-05,2025,1,Q1,Social Media,16053,289,632.15
2025-01-05,2025,1,Q1,Email Campaign,6959,313,186.83
2025-01-05,2025,1,Q1,Paid Ad,21336,256,864.99
2025-01-05,2025,1,Q1,Direct,0,0,0.0
2025-01-05,2025,1,Q1,Referral,0,0,0.0
2025-01-06,2025,1,Q1,Organic Search,0,0,0.0
2025-01-06,2025,1,Q1,Social Media,11858,213,466.32
2025-01-06,2025,1,Q1,Email Campaign,5550,250,148.89
2025-01-06,2025,1,Q1,Paid Ad,17021,204,690.61
2025-01-06,2025,1,Q1,Direct,0,0,0.0
2025-01-06,2025,1,Q1,Referral,0,0,0.0
2025-01-07,2025,1,Q1,Organic Search,0,0,0.0
2025-01-07,2025,1,Q1,Social Media,13498,243,531.46
2025-01-07,2025,1,Q1,Email Campaign,6185,278,165.91
2025-01-07,2025,1,Q1,Paid Ad,21538,258,873.38
2025-01-07,2025,1,Q1,Direct,0,0,0.0
2025-01-07,2025,1,Q1,Referral,0,0,0.0
2025-01-08,2025,1,Q1,Organic Search,0,0,0.0
2025-01-08,2025,1,Q1,Social Media,12127,218,477.41
2025-01-08,2025,1,Q1,Email Campaign,5206,234,139.7
2025-01-08,2025,1,Q1,Paid Ad,19844,238,805.26
2025-01-08,2025,1,Q1,Direct,0,0,0.0
2025-01-08,2025,1,Q1,Referral,0,0,0.0
2025-01-09,2025,1,Q1,Organic Search,0,0,0.0
2025-01-09,2025,1,Q1,Social Media,12772,230,502.9
2025-01-09,2025,1,Q1,Email Campaign,5356,241,143.84
2025-01-09,2025,1,Q1,Paid Ad,16456,197,667.98
2025-01-09,2025,1,Q1,Direct,0,0,0.0
2025-01-09,2025,1,Q1,Referral,0,0,0.0
2025-01-10,2025,1,Q1,Organic Search,0,0,0.0
2025-01-10,2025,1,Q1,Social Media,11751,212,462.62
2025-01-10,2025,1,Q1,Email Campaign,5787,260,155.25
2025-01-10,2025,1,Q1,Paid Ad,20893,251,846.74
2025-01-10,2025,1,Q1,Direct,0,0,0.0
2025-01-10,2025,1,Q1,Referral,0,0,0.0
2025-01-11,2025,1,Q1,Organic Search,0,0,0.0
2025-01-11,2025,1,Q1,Social Media,14574,262,573.45
2025-01-11,2025,1,Q1,Email Campaign,7077,318,189.85
2025-01-11,2025,1,Q1,Paid Ad,24240,291,983.26
2025-01-11,2025,1,Q1,Direct,0,0,0.0
2025-01-11,2025,1,Q1,Referral,0,0,0.0
2025-01-12,2025,1,Q1,Organic Search,0,0,0.0
2025-01-12,2025,1,Q1,Social Media,15085,272,593.7
2025-01-12,2025,1,Q1,Email Campaign,5915,266,158.67
2025-01-12,2025,1,Q1,Paid Ad,24724,297,1002.19
2025-01-12,2025,1,Q1,Direct,0,0,0.0
2025-01-12,2025,1,Q1,Referral,0,0,0.0
2025-01-13,2025,1,Q1,Organic Search,0,0,0.0
2025-01-13,2025,1,Q1,Social Media,12557,226,494.79
2025-01-13,2025,1,Q1,Email Campaign,5270,237,141.49
2025-01-13,2025,1,Q1,Paid Ad,18150,218,736.94
2025-01-13,2025,1,Q1,Direct,0,0,0.0
2025-01-13,2025,1,Q1,Referral,0,0,0.0
2025-01-14,2025,1,Q1,Organic Search,0,0,0.0
2025-01-14,2025,1,Q1,Social Media,11267,203,443.05
2025-01-14,2025,1,Q1,Email Campaign,5539,249,148.73
2025-01-14,2025,1,Q1,Paid Ad,21901,263,888.14
2025-01-14,2025,1,Q1,Direct,0,0,0.0
2025-01-14,2025,1,Q1,Referral,0,0,0.0
2025-01-15,2025,1,Q1,Organic Search,0,0,0.0
2025-01-15,2025,1,Q1,Social Media,11374,205,448.03
2025-01-15,2025,1,Q1,Email Campaign,5453,245,146.31
2025-01-15,2025,1,Q1,Paid Ad,19642,236,796.67
2025-01-15,2025,1,Q1,Direct,0,0,0.0
2025-01-15,2025,1,Q1,Referral,0,0,0.0
2025-01-16,2025,1,Q1,Organic Search,0,0,0.0
2025-01-16,2025,1,Q1,Social Media,13041,235,513.36
2025-01-16,2025,1,Q1,Email Campaign,5862,264,157.24
2025-01-16,2025,1,Q1,Paid Ad,20368,244,825.66
2025-01-16,2025,1,Q1,Direct,0,0,0.0
2025-01-16,2025,1,Q1,Referral,0,0,0.0
2025-01-17,2025,1,Q1,Organic Search,0,0,0.0
2025-01-17,2025,1,Q1,Social Media,11858,213,467.03
2025-01-17,2025,1,Q1,Email Campaign,6453,290,173.27
2025-01-17,2025,1,Q1,Paid Ad,19400,233,787.44
2025-01-17,2025,1,Q1,Direct,0,0,0.0
2025-01-17,2025,1,Q1,Referral,0,0,0.0
2025-01-18,2025,1,Q1,Organic Search,0,0,0.0
2025-01-18,2025,1,Q1,Social Media,15219,274,598.9
2025-01-18,2025,1,Q1,Email Campaign,6840,308,183.65
2025-01-18,2025,1,Q1,Paid Ad,23434,281,950.97
2025-01-18,2025,1,Q1,Direct,0,0,0.0
2025-01-18,2025,1,Q1,Referral,0,0,0.0
2025-01-19,2025,1,Q1,Organic Search,0,0,0.0
2025-01-19,2025,1,Q1,Social Media,16510,297,650.25
2025-01-19,2025,1,Q1,Email Campaign,6163,277,165.39
2025-01-19,2025,1,Q1,Paid Ad,23071,277,936.06
2025-01-19,2025,1,Q1,Direct,0,0,0.0
2025-01-19,2025,1,Q1,Referral,0,0,0.0
2025-01-20,2025,1,Q1,Organic Search,0,0,0.0
2025-01-20,2025,1,Q1,Social Media,10783,194,424.72
2025-01-20,2025,1,Q1,Email Campaign,6292,283,169.01
2025-01-20,2025,1,Q1,Paid Ad,23434,281,950.85
2025-01-20,2025,1,Q1,Direct,0,0,0.0
2025-01-20,2025,1,Q1,Referral,0,0,0.0
2025-01-21,2025,1,Q1,Organic Search,0,0,0.0
2025-01-21,2025,1,Q1,Social Media,13579,244,534.12
2025-01-21,2025,1,Q1,Email Campaign,6421,289,172.43
2025-01-21,2025,1,Q1,Paid Ad,20328,244,824.43
2025-01-21,2025,1,Q1,Direct,0,0,0.0
2025-01-21,2025,1,Q1,Referral,0,0,0.0
2025-01-22,2025,1,Q1,Organic Search,0,0,0.0
2025-01-22,2025,1,Q1,Social Media,11616,209,457.41
2025-01-22,2025,1,Q1,Email Campaign,5066,228,136.05
2025-01-22,2025,1,Q1,Paid Ad,23998,288,974.08
2025-01-22,2025,1,Q1,Direct,0,0,0.0
2025-01-22,2025,1,Q1,Referral,0,0,0.0
2025-01-23,2025,1,Q1,Organic Search,0,0,0.0
2025-01-23,2025,1,Q1,Social Media,12423,224,488.87
2025-01-23,2025,1,Q1,Email Campaign,5625,253,150.88
2025-01-23,2025,1,Q1,Paid Ad,22829,274,926.67
2025-01-23,2025,1,Q1,Direct,0,0,0.0
2025-01-23,2025,1,Q1,Referral,0,0,0.0
2025-01-24,2025,1,Q1,Organic Search,0,0,0.0
2025-01-24,2025,1,Q1,Social Media,11025,198,434.5
2025-01-24,2025,1,Q1,Email Campaign,6045,272,162.17
2025-01-24,2025,1,Q1,Paid Ad,20368,244,826.1
2025-01-24,2025,1,Q1,Direct,0,0,0.0
2025-01-24,2025,1,Q1,Referral,0,0,0.0
2025-01-25,2025,1,Q1,Organic Search,0,0,0.0
2025-01-25,2025,1,Q1,Social Media,14466,260,569.56
2025-01-25,2025,1,Q1,Email Campaign,6690,301,179.71
2025-01-25,2025,1,Q1,Paid Ad,20973,252,851.51
2025-01-25,2025,1,Q1,Direct,0,0,0.0
2025-01-25,2025,1,Q1,Referral,0,0,0.0
2025-01-26,2025,1,Q1,Organic Search,0,0,0.0
2025-01-26,2025,1,Q1,Social Media,13848,249,545.14
2025-01-26,2025,1,Q1,Email Campaign,7292,328,195.78
2025-01-26,2025,1,Q1,Paid Ad,23676,284,961.07
2025-01-26,2025,1,Q1,Direct,0,0,0.0
2025-01-26,2025,1,Q1,Referral,0,0,0.0
2025-01-27,2025,1,Q1,Organic Search,0,0,0.0
2025-01-27,2025,1,Q1,Social Media,12719,229,500.4
2025-01-27,2025,1,Q1,Email Campaign,5356,241,143.92
2025-01-27,2025,1,Q1,Paid Ad,20610,247,835.92
2025-01-27,2025,1,Q1,Direct,0,0,0.0
2025-01-27,2025,1,Q1,Referral,0,0,0.0
2025-01-28,2025,1,Q1,Organic Search,0,0,0.0
2025-01-28,2025,1,Q1,Social Media,11374,205,447.63
2025-01-28,2025,1,Q1,Email Campaign,6206,279,166.47
2025-01-28,2025,1,Q1,Paid Ad,20691,248,839.78
2025-01-28,2025,1,Q1,Direct,0,0,0.0
2025-01-28,2025,1,Q1,Referral,0,0,0.0
2025-01-29,2025,1,Q1,Organic Search,0,0,0.0
2025-01-29,2025,1,Q1,Social Media,12638,227,497.18
2025-01-29,2025,1,Q1,Email Campaign,6356,286,170.72
2025-01-29,2025,1,Q1,Paid Ad,21780,261,884.0
2025-01-29,2025,1,Q1,Direct,0,0,0.0
2025-01-29,2025,1,Q1,Referral,0,0,0.0
2025-01-30,2025,1,Q1,Organic Search,0,0,0.0
2025-01-30,2025,1,Q1,Social Media,12235,220,481.47
2025-01-30,2025,1,Q1,Email Campaign,5388,242,144.52
2025-01-30,2025,1,Q1,Paid Ad,20651,248,837.47
2025-01-30,2025,1,Q1,Direct,0,0,0.0
2025-01-30,2025,1,Q1,Referral,0,0,0.0
2025-01-31,2025,1,Q1,Organic Search,0,0,0.0
2025-01-31,2025,1,Q1,Social Media,11455,206,451.09
2025-01-31,2025,1,Q1,Email Campaign,5690,256,152.75
2025-01-31,2025,1,Q1,Paid Ad,20046,241,812.58
2025-01-31,2025,1,Q1,Direct,0,0,0.0
2025-01-31,2025,1,Q1,Referral,0,0,0.0
2025-02-01,2025,2,Q1,Organic Search,0,0,0.0
2025-02-01,2025,2,Q1,Social Media,12691,228,499.37
2025-02-01,2025,2,Q1,Email Campaign,5679,256,152.35
2025-02-01,2025,2,Q1,Paid Ad,22466,270,911.84
2025-02-01,2025,2,Q1,Direct,0,0,0.0
2025-02-01,2025,2,Q1,Referral,0,0,0.0
2025-02-02,2025,2,Q1,Organic Search,0,0,0.0
2025-02-02,2025,2,Q1,Social Media,13982,252,550.27
2025-02-02,2025,2,Q1,Email Campaign,6002,270,161.14
2025-02-02,2025,2,Q1,Paid Ad,23797,286,964.53
2025-02-02,2025,2,Q1,Direct,0,0,0.0
2025-02-02,2025,2,Q1,Referral,0,0,0.0
2025-02-03,2025,2,Q1,Organic Search,0,0,0.0
2025-02-03,2025,2,Q1,Social Media,13794,248,542.79
2025-02-03,2025,2,Q1,Email Campaign,6335,285,169.93
2025-02-03,2025,2,Q1,Paid Ad,23353,280,947.79
2025-02-03,2025,2,Q1,Direct,0,0,0.0
2025-02-03,2025,2,Q1,Referral,0,0,0.0
2025-02-04,2025,2,Q1,Organic Search,0,0,0.0
2025-02-04,2025,2,Q1,Social Media,12342,222,485.92
2025-02-04,2025,2,Q1,Email Campaign,6399,288,171.72
2025-02-04,2025,2,Q1,Paid Ad,19441,233,789.15
2025-02-04,2025,2,Q1,Direct,0,0,0.0
2025-02-04,2025,2,Q1,Referral,0,0,0.0
2025-02-05,2025,2,Q1,Organic Search,0,0,0.0
2025-02-05,2025,2,Q1,Social Media,11347,204,446.91
2025-02-05,2025,2,Q1,Email Campaign,4571,206,122.64
2025-02-05,2025,2,Q1,Paid Ad,22627,272,917.17
2025-02-05,2025,2,Q1,Direct,0,0,0.0
2025-02-05,2025,2,Q1,Referral,0,0,0.0
2025-02-06,2025,2,Q1,Organic Search,0,0,0.0
2025-02-06,2025,2,Q1,Social Media,13445,242,529.27
2025-02-06,2025,2,Q1,Email Campaign,5593,252,150.12
2025-02-06,2025,2,Q1,Paid Ad,20247,243,820.65
2025-02-06,2025,2,Q1,Direct,0,0,0.0
2025-02-06,2025,2,Q1,Referral,0,0,0.0
2025-02-07,2025,2,Q1,Organic Search,0,0,0.0
2025-02-07,2025,2,Q1,Social Media,11239,202,442.78
2025-02-07,2025,2,Q1,Email Campaign,6034,272,161.86
2025-02-07,2025,2,Q1,Paid Ad,22506,270,913.07
2025-02-07,2025,2,Q1,Direct,0,0,0.0
2025-02-07,2025,2,Q1,Referral,0,0,0.0
2025-02-08,2025,2,Q1,Organic Search,0,0,0.0
2025-02-08,2025,2,Q1,Social Media,11831,213,466.32
2025-02-08,2025,2,Q1,Email Campaign,6948,313,186.51
2025-02-08,2025,2,Q1,Paid Ad,23232,279,941.98
2025-02-08,2025,2,Q1,Direct,0,0,0.0
2025-02-08,2025,2,Q1,Referral,0,0,0.0
2025-02-09,2025,2,Q1,Organic Search,0,0,0.0
2025-02-09,2025,2,Q1,Social Media,13875,250,546.77
2025-02-09,2025,2,Q1,Email Campaign,6980,314,187.27
2025-02-09,2025,2,Q1,Paid Ad,23393,281,948.78
2025-02-09,2025,2,Q1,Direct,0,0,0.0
2025-02-09,2025,2,Q1,Referral,0,0,0.0
2025-02-10,2025,2,Q1,Organic Search,0,0,0.0
2025-02-10,2025,2,Q1,Social Media,11858,213,467.27
2025-02-10,2025,2,Q1,Email Campaign,5754,259,154.38
2025-02-10,2025,2,Q1,Paid Ad,22264,267,902.69
2025-02-10,2025,2,Q1,Direct,0,0,0.0
2025-02-10,2025,2,Q1,Referral,0,0,0.0
2025-02-11,2025,2,Q1,Organic Search,0,0,0.0
2025-02-11,2025,2,Q1,Social Media,12369,223,486.96
2025-02-11,2025,2,Q1,Email Campaign,5959,268,159.83
2025-02-11,2025,2,Q1,Paid Ad,18553,223,752.49
2025-02-11,2025,2,Q1,Direct,0,0,0.0
2025-02-11,2025,2,Q1,Referral,0,0,0.0
2025-02-12,2025,2,Q1,Organic Search,0,0,0.0
2025-02-12,2025,2,Q1,Social Media,11616,209,456.93
2025-02-12,2025,2,Q1,Email Campaign,6271,282,168.38
2025-02-12,2025,2,Q1,Paid Ad,20731,249,840.18
2025-02-12,2025,2,Q1,Direct,0,0,0.0
2025-02-12,2025,2,Q1,Referral,0,0,0.0
2025-02-13,2025,2,Q1,Organic Search,0,0,0.0
2025-02-13,2025,2,Q1,Social Media,12611,227,496.06
2025-02-13,2025,2,Q1,Email Campaign,6679,301,179.23
2025-02-13,2025,2,Q1,Paid Ad,22385,269,907.27
2025-02-13,2025,2,Q1,Direct,0,0,0.0
2025-02-13,2025,2,Q1,Referral,0,0,0.0
2025-02-14,2025,2,Q1,Organic Search,0,0,0.0
2025-02-14,2025,2,Q1,Social Media,12046,217,474.67
2025-02-14,2025,2,Q1,Email Campaign,5614,253,150.64
2025-02-14,2025,2,Q1,Paid Ad,16416,197,666.55
2025-02-14,2025,2,Q1,Direct,0,0,0.0
2025-02-14,2025,2,Q1,Referral,0,0,0.0
2025-02-15,2025,2,Q1,Organic Search,0,0,0.0
2025-02-15,2025,2,Q1,Social Media,13579,244,534.56
2025-02-15,2025,2,Q1,Email Campaign,6550,295,175.89
2025-02-15,2025,2,Q1,Paid Ad,24482,294,993.4
2025-02-15,2025,2,Q1,Direct,0,0,0.0
2025-02-15,2025,2,Q1,Referral,0,0,0.0
2025-02-16,2025,2,Q1,Organic Search,0,0,0.0
2025-02-16,2025,2,Q1,Social Media,13606,245,535.2
2025-02-16,2025,2,Q1,Email Campaign,6561,295,175.97
2025-02-16,2025,2,Q1,Paid Ad,20368,244,826.18
2025-02-16,2025,2,Q1,Direct,0,0,0.0
2025-02-16,2025,2,Q1,Referral,0,0,0.0
2025-02-17,2025,2,Q1,Organic Search,0,0,0.0
2025-02-17,2025,2,Q1,Social Media,11078,199,435.74
2025-02-17,2025,2,Q1,Email Campaign,6077,273,163.05
2025-02-17,2025,2,Q1,Paid Ad,23474,282,952.64
2025-02-17,2025,2,Q1,Direct,0,0,0.0
2025-02-17,2025,2,Q1,Referral,0,0,0.0
2025-02-18,2025,2,Q1,Organic Search,0,0,0.0
2025-02-18,2025,2,Q1,Social Media,11885,214,467.51
2025-02-18,2025,2,Q1,Email Campaign,6002,270,161.18
2025-02-18,2025,2,Q1,Paid Ad,22224,267,901.5
2025-02-18,2025,2,Q1,Direct,0,0,0.0
2025-02-18,2025,2,Q1,Referral,0,0,0.0
2025-02-19,2025,2,Q1,Organic Search,0,0,0.0
2025-02-19,2025,2,Q1,Social Media,11186,201,440.63
2025-02-19,2025,2,Q1,Email Campaign,6023,271,161.66
2025-02-19,2025,2,Q1,Paid Ad,19441,233,788.04
2025-02-19,2025,2,Q1,Direct,0,0,0.0
2025-02-19,2025,2,Q1,Referral,0,0,0.0
2025-02-20,2025,2,Q1,Organic Search,0,0,0.0
2025-02-20,2025,2,Q1,Social Media,12799,230,503.78
2025-02-20,2025,2,Q1,Email Campaign,5926,267,158.95
2025-02-20,2025,2,Q1,Paid Ad,21135,254,857.67
2025-02-20,2025,2,Q1,Direct,0,0,0.0
2025-02-20,2025,2,Q1,Referral,0,0,0.0
2025-02-21,2025,2,Q1,Organic Search,0,0,0.0
2025-02-21,2025,2,Q1,Social Media,11213,202,441.66
2025-02-21,2025,2,Q1,Email Campaign,6185,278,165.95
2025-02-21,2025,2,Q1,Paid Ad,24079,289,977.38
2025-02-21,2025,2,Q1,Direct,0,0,0.0
2025-02-21,2025,2,Q1,Referral,0,0,0.0
2025-02-22,2025,2,Q1,Organic Search,0,0,0.0
2025-02-22,2025,2,Q1,Social Media,12665,228,498.17
2025-02-22,2025,2,Q1,Email Campaign,6550,295,175.69
2025-02-22,2025,2,Q1,Paid Ad,24200,290,981.15
2025-02-22,2025,2,Q1,Direct,0,0,0.0
2025-02-22,2025,2,Q1,Referral,0,0,0.0
2025-02-23,2025,2,Q1,Organic Search,0,0,0.0
2025-02-23,2025,2,Q1,Social Media,14627,263,575.96
2025-02-23,2025,2,Q1,Email Campaign,6432,289,172.55
2025-02-23,2025,2,Q1,Paid Ad,18352,220,744.97
2025-02-23,2025,2,Q1,Direct,0,0,0.0
2025-02-23,2025,2,Q1,Referral,0,0,0.0
2025-02-24,2025,2,Q1,Organic Search,0,0,0.0
2025-02-24,2025,2,Q1,Social Media,13256,239,522.43
2025-02-24,2025,2,Q1,Email Campaign,6206,279,166.63
2025-02-24,2025,2,Q1,Paid Ad,17787,213,720.87
2025-02-24,2025,2,Q1,Direct,0,0,0.0
2025-02-24,2025,2,Q1,Referral,0,0,0.0
2025-02-25,2025,2,Q1,Organic Search,0,0,0.0
2025-02-25,2025,2,Q1,Social Media,11374,205,448.26
2025-02-25,2025,2,Q1,Email Campaign,6582,296,176.77
2025-02-25,2025,2,Q1,Paid Ad,23030,276,934.7
2025-02-25,2025,2,Q1,Direct,0,0,0.0
2025-02-25,2025,2,Q1,Referral,0,0,0.0
2025-02-26,2025,2,Q1,Organic Search,0,0,0.0
2025-02-26,2025,2,Q1,Social Media,12880,232,506.56
2025-02-26,2025,2,Q1,Email Campaign,5765,259,154.86
2025-02-26,2025,2,Q1,Paid Ad,20772,249,843.24
2025-02-26,2025,2,Q1,Direct,0,0,0.0
2025-02-26,2025,2,Q1,Referral,0,0,0.0
2025-02-27,2025,2,Q1,Organic Search,0,0,0.0
2025-02-27,2025,2,Q1,Social Media,11831,213,466.24
2025-02-27,2025,2,Q1,Email Campaign,6378,287,171.24
2025-02-27,2025,2,Q1,Paid Ad,19199,230,778.97
2025-02-27,2025,2,Q1,Direct,0,0,0.0
2025-02-27,2025,2,Q1,Referral,0,0,0.0
2025-02-28,2025,2,Q1,Organic Search,0,0,0.0
2025-02-28,2025,2,Q1,Social Media,11186,201,440.83
2025-02-28,2025,2,Q1,Email Campaign,6324,285,169.77
2025-02-28,2025,2,Q1,Paid Ad,20570,247,834.69
2025-02-28,2025,2,Q1,Direct,0,0,0.0
2025-02-28,2025,2,Q1,Referral,0,0,0.0
2025-03-01,2025,3,Q1,Organic Search,0,0,0.0
2025-03-01,2025,3,Q1,Social Media,17989,324,707.79
2025-03-01,2025,3,Q1,Email Campaign,7486,337,201.07
2025-03-01,2025,3,Q1,Paid Ad,27830,334,1128.33
2025-03-01,2025,3,Q1,Direct,0,0,0.0
2025-03-01,2025,3,Q1,Referral,0,0,0.0
2025-03-02,2025,3,Q1,Organic Search,0,0,0.0
2025-03-02,2025,3,Q1,Social Media,15004,270,590.43
2025-03-02,2025,3,Q1,Email Campaign,7916,356,212.64
2025-03-02,2025,3,Q1,Paid Ad,24644,296,999.25
2025-03-02,2025,3,Q1,Direct,0,0,0.0
2025-03-02,2025,3,Q1,Referral,0,0,0.0
2025-03-03,2025,3,Q1,Organic Search,0,0,0.0
2025-03-03,2025,3,Q1,Social Media,13525,243,532.69
2025-03-03,2025,3,Q1,Email Campaign,6088,274,163.57
2025-03-03,2025,3,Q1,Paid Ad,25652,308,1040.17
2025-03-03,2025,3,Q1,Direct,0,0,0.0
2025-03-03,2025,3,Q1,Referral,0,0,0.0
2025-03-04,2025,3,Q1,Organic Search,0,0,0.0
2025-03-04,2025,3,Q1,Social Media,14897,268,586.1
2025-03-04,2025,3,Q1,Email Campaign,5926,267,159.19
2025-03-04,2025,3,Q1,Paid Ad,26902,323,1090.63
2025-03-04,2025,3,Q1,Direct,0,0,0.0
2025-03-04,2025,3,Q1,Referral,0,0,0.0
2025-03-05,2025,3,Q1,Organic Search,0,0,0.0
2025-03-05,2025,3,Q1,Social Media,16886,304,665.08
2025-03-05,2025,3,Q1,Email Campaign,6905,311,185.44
2025-03-05,2025,3,Q1,Paid Ad,23030,276,934.94
2025-03-05,2025,3,Q1,Direct,0,0,0.0
2025-03-05,2025,3,Q1,Referral,0,0,0.0
2025-03-06,2025,3,Q1,Organic Search,0,0,0.0
2025-03-06,2025,3,Q1,Social Media,17263,311,679.59
2025-03-06,2025,3,Q1,Email Campaign,6152,277,165.28
2025-03-06,2025,3,Q1,Paid Ad,24321,292,987.04
2025-03-06,2025,3,Q1,Direct,0,0,0.0
2025-03-06,2025,3,Q1,Referral,0,0,0.0
2025-03-07,2025,3,Q1,Organic Search,0,0,0.0
2025-03-07,2025,3,Q1,Social Media,14278,257,562.32
2025-03-07,2025,3,Q1,Email Campaign,7626,343,204.65
2025-03-07,2025,3,Q1,Paid Ad,25007,300,1013.84
2025-03-07,2025,3,Q1,Direct,0,0,0.0
2025-03-07,2025,3,Q1,Referral,0,0,0.0
2025-03-08,2025,3,Q1,Organic Search,0,0,0.0
2025-03-08,2025,3,Q1,Social Media,15542,280,612.07
2025-03-08,2025,3,Q1,Email Campaign,7314,329,196.33
2025-03-08,2025,3,Q1,Paid Ad,27185,326,1102.33
2025-03-08,2025,3,Q1,Direct,0,0,0.0
2025-03-08,2025,3,Q1,Referral,0,0,0.0
2025-03-09,2025,3,Q1,Organic Search,0,0,0.0
2025-03-09,2025,3,Q1,Social Media,14897,268,586.14
2025-03-09,2025,3,Q1,Email Campaign,7948,358,213.32
2025-03-09,2025,3,Q1,Paid Ad,26660,320,1082.12
2025-03-09,2025,3,Q1,Direct,0,0,0.0
2025-03-09,2025,3,Q1,Referral,0,0,0.0
2025-03-10,2025,3,Q1,Organic Search,0,0,0.0
2025-03-10,2025,3,Q1,Social Media,12396,223,488.07
2025-03-10,2025,3,Q1,Email Campaign,7572,341,203.33
2025-03-10,2025,3,Q1,Paid Ad,23313,280,946.24
2025-03-10,2025,3,Q1,Direct,0,0,0.0
2025-03-10,2025,3,Q1,Referral,0,0,0.0
2025-03-11,2025,3,Q1,Organic Search,0,0,0.0
2025-03-11,2025,3,Q1,Social Media,12665,228,498.09
2025-03-11,2025,3,Q1,Email Campaign,6787,305,182.3
2025-03-11,2025,3,Q1,Paid Ad,24442,293,990.86
2025-03-11,2025,3,Q1,Direct,0,0,0.0
2025-03-11,2025,3,Q1,Referral,0,0,0.0
2025-03-12,2025,3,Q1,Organic Search,0,0,0.0
2025-03-12,2025,3,Q1,Social Media,12100,218,476.9
2025-03-12,2025,3,Q1,Email Campaign,7066,318,189.69
2025-03-12,2025,3,Q1,Paid Ad,22264,267,902.93
2025-03-12,2025,3,Q1,Direct,0,0,0.0
2025-03-12,2025,3,Q1,Referral,0,0,0.0
2025-03-13,2025,3,Q1,Organic Search,0,0,0.0
2025-03-13,2025,3,Q1,Social Media,15999,288,630.2
2025-03-13,2025,3,Q1,Email Campaign,7174,323,192.52
2025-03-13,2025,3,Q1,Paid Ad,23514,282,953.95
2025-03-13,2025,3,Q1,Direct,0,0,0.0
2025-03-13,2025,3,Q1,Referral,0,0,0.0
2025-03-14,2025,3,Q1,Organic Search,0,0,0.0
2025-03-14,2025,3,Q1,Social Media,13229,238,521.28
2025-03-14,2025,3,Q1,Email Campaign,6830,307,183.21
2025-03-14,2025,3,Q1,Paid Ad,25491,306,1033.81
2025-03-14,2025,3,Q1,Direct,0,0,0.0
2025-03-14,2025,3,Q1,Referral,0,0,0.0
2025-03-15,2025,3,Q1,Organic Search,0,0,0.0
2025-03-15,2025,3,Q1,Social Media,16160,291,636.17
2025-03-15,2025,3,Q1,Email Campaign,7776,350,208.78
2025-03-15,2025,3,Q1,Paid Ad,28072,337,1138.6
2025-03-15,2025,3,Q1,Direct,0,0,0.0
2025-03-15,2025,3,Q1,Referral,0,0,0.0
2025-03-16,2025,3,Q1,Organic Search,0,0,0.0
2025-03-16,2025,3,Q1,Social Media,15407,277,606.7
2025-03-16,2025,3,Q1,Email Campaign,7701,347,206.67
2025-03-16,2025,3,Q1,Paid Ad,23272,279,944.21
2025-03-16,2025,3,Q1,Direct,0,0,0.0
2025-03-16,2025,3,Q1,Referral,0,0,0.0
2025-03-17,2025,3,Q1,Organic Search,0,0,0.0
2025-03-17,2025,3,Q1,Social Media,15165,273,597.51
2025-03-17,2025,3,Q1,Email Campaign,7045,317,189.18
2025-03-17,2025,3,Q1,Paid Ad,22788,273,924.48
2025-03-17,2025,3,Q1,Direct,0,0,0.0
2025-03-17,2025,3,Q1,Referral,0,0,0.0
2025-03-18,2025,3,Q1,Organic Search,0,0,0.0
2025-03-18,2025,3,Q1,Social Media,16214,292,638.55
2025-03-18,2025,3,Q1,Email Campaign,6927,312,186.07
2025-03-18,2025,3,Q1,Paid Ad,22264,267,903.81
2025-03-18,2025,3,Q1,Direct,0,0,0.0
2025-03-18,2025,3,Q1,Referral,0,0,0.0
2025-03-19,2025,3,Q1,Organic Search,0,0,0.0
2025-03-19,2025,3,Q1,Social Media,15058,271,592.34
2025-03-19,2025,3,Q1,Email Campaign,7099,319,190.69
2025-03-19,2025,3,Q1,Paid Ad,25047,301,1016.59
2025-03-19,2025,3,Q1,Direct,0,0,0.0
2025-03-19,2025,3,Q1,Referral,0,0,0.0
2025-03-20,2025,3,Q1,Organic Search,0,0,0.0
2025-03-20,2025,3,Q1,Social Media,13606,245,535.44
2025-03-20,2025,3,Q1,Email Campaign,7131,321,191.44
2025-03-20,2025,3,Q1,Paid Ad,23797,286,964.85
2025-03-20,2025,3,Q1,Direct,0,0,0.0
2025-03-20,2025,3,Q1,Referral,0,0,0.0
2025-03-21,2025,3,Q1,Organic Search,0,0,0.0
2025-03-21,2025,3,Q1,Social Media,14708,265,578.98
2025-03-21,2025,3,Q1,Email Campaign,5829,262,156.61
2025-03-21,2025,3,Q1,Paid Ad,23434,281,951.29
2025-03-21,2025,3,Q1,Direct,0,0,0.0
2025-03-21,2025,3,Q1,Referral,0,0,0.0
2025-03-22,2025,3,Q1,Organic Search,0,0,0.0
2025-03-22,2025,3,Q1,Social Media,18419,332,725.33
2025-03-22,2025,3,Q1,Email Campaign,7432,334,199.48
2025-03-22,2025,3,Q1,Paid Ad,26580,319,1078.55
2025-03-22,2025,3,Q1,Direct,0,0,0.0
2025-03-22,2025,3,Q1,Referral,0,0,0.0
2025-03-23,2025,3,Q1,Organic Search,0,0,0.0
2025-03-23,2025,3,Q1,Social Media,15623,281,614.65
2025-03-23,2025,3,Q1,Email Campaign,7142,321,191.84
2025-03-23,2025,3,Q1,Paid Ad,22990,276,933.07
2025-03-23,2025,3,Q1,Direct,0,0,0.0
2025-03-23,2025,3,Q1,Referral,0,0,0.0
2025-03-24,2025,3,Q1,Organic Search,0,0,0.0
2025-03-24,2025,3,Q1,Social Media,13821,249,544.1
2025-03-24,2025,3,Q1,Email Campaign,6959,313,186.79
2025-03-24,2025,3,Q1,Paid Ad,24200,290,981.35
2025-03-24,2025,3,Q1,Direct,0,0,0.0
2025-03-24,2025,3,Q1,Referral,0,0,0.0
2025-03-25,2025,3,Q1,Organic Search,0,0,0.0
2025-03-25,2025,3,Q1,Social Media,13929,251,547.92
2025-03-25,2025,3,Q1,Email Campaign,6905,311,185.4
2025-03-25,2025,3,Q1,Paid Ad,26297,316,1066.14
2025-03-25,2025,3,Q1,Direct,0,0,0.0
2025-03-25,2025,3,Q1,Referral,0,0,0.0
2025-03-26,2025,3,Q1,Organic Search,0,0,0.0
2025-03-26,2025,3,Q1,Social Media,13875,250,545.89
2025-03-26,2025,3,Q1,Email Campaign,6572,296,176.29
2025-03-26,2025,3,Q1,Paid Ad,23756,285,963.34
2025-03-26,2025,3,Q1,Direct,0,0,0.0
2025-03-26,2025,3,Q1,Referral,0,0,0.0
2025-03-27,2025,3,Q1,Organic Search,0,0,0.0
2025-03-27,2025,3,Q1,Social Media,14735,265,580.01
2025-03-27,2025,3,Q1,Email Campaign,7658,345,205.64
2025-03-27,2025,3,Q1,Paid Ad,23071,277,935.94
2025-03-27,2025,3,Q1,Direct,0,0,0.0
2025-03-27,2025,3,Q1,Referral,0,0,0.0
2025-03-28,2025,3,Q1,Organic Search,0,0,0.0
2025-03-28,2025,3,Q1,Social Media,14197,256,558.74
2025-03-28,2025,3,Q1,Email Campaign,7066,318,189.77
2025-03-28,2025,3,Q1,Paid Ad,22385,269,907.23
2025-03-28,2025,3,Q1,Direct,0,0,0.0
2025-03-28,2025,3,Q1,Referral,0,0,0.0
2025-03-29,2025,3,Q1,Organic Search,0,0,0.0
2025-03-29,2025,3,Q1,Social Media,16214,292,638.51
2025-03-29,2025,3,Q1,Email Campaign,6991,315,187.59
2025-03-29,2025,3,Q1,Paid Ad,23998,288,972.92
2025-03-29,2025,3,Q1,Direct,0,0,0.0
2025-03-29,2025,3,Q1,Referral,0,0,0.0
2025-03-30,2025,3,Q1,Organic Search,0,0,0.0
2025-03-30,2025,3,Q1,Social Media,16671,300,656.21
2025-03-30,2025,3,Q1,Email Campaign,7668,345,205.96
2025-03-30,2025,3,Q1,Paid Ad,28395,341,1151.64
2025-03-30,2025,3,Q1,Direct,0,0,0.0
2025-03-30,2025,3,Q1,Referral,0,0,0.0
2025-03-31,2025,3,Q1,Organic Search,0,0,0.0
2025-03-31,2025,3,Q1,Social Media,14063,253,553.53
2025-03-31,2025,3,Q1,Email Campaign,6346,286,170.33
2025-03-31,2025,3,Q1,Paid Ad,24200,290,981.91
2025-03-31,2025,3,Q1,Direct,0,0,0.0
2025-03-31,2025,3,Q1,Referral,0,0,0.0
2025-04-01,2025,4,Q2,Organic Search,0,0,0.0
2025-04-01,2025,4,Q2,Social Media,12691,228,499.64
2025-04-01,2025,4,Q2,Email Campaign,7647,344,205.32
2025-04-01,2025,4,Q2,Paid Ad,21659,260,878.59
2025-04-01,2025,4,Q2,Direct,0,0,0.0
2025-04-01,2025,4,Q2,Referral,0,0,0.0
2025-04-02,2025,4,Q2,Organic Search,0,0,0.0
2025-04-02,2025,4,Q2,Social Media,13848,249,545.66
2025-04-02,2025,4,Q2,Email Campaign,6313,284,169.37
2025-04-02,2025,4,Q2,Paid Ad,25410,305,1030.43
2025-04-02,2025,4,Q2,Direct,0,0,0.0
2025-04-02,2025,4,Q2,Referral,0,0,0.0
2025-04-03,2025,4,Q2,Organic Search,0,0,0.0
2025-04-03,2025,4,Q2,Social Media,13713,247,539.61
2025-04-03,2025,4,Q2,Email Campaign,6593,297,177.13
2025-04-03,2025,4,Q2,Paid Ad,25934,311,1052.74
2025-04-03,2025,4,Q2,Direct,0,0,0.0
2025-04-03,2025,4,Q2,Referral,0,0,0.0
2025-04-04,2025,4,Q2,Organic Search,0,0,0.0
2025-04-04,2025,4,Q2,Social Media,14117,254,555.64
2025-04-04,2025,4,Q2,Email Campaign,7163,322,192.44
2025-04-04,2025,4,Q2,Paid Ad,22385,269,908.1
2025-04-04,2025,4,Q2,Direct,0,0,0.0
2025-04-04,2025,4,Q2,Referral,0,0,0.0
2025-04-05,2025,4,Q2,Organic Search,0,0,0.0
2025-04-05,2025,4,Q2,Social Media,14385,259,565.86
2025-04-05,2025,4,Q2,Email Campaign,7981,359,214.31
2025-04-05,2025,4,Q2,Paid Ad,27225,327,1104.39
2025-04-05,2025,4,Q2,Direct,0,0,0.0
2025-04-05,2025,4,Q2,Referral,0,0,0.0
2025-04-06,2025,4,Q2,Organic Search,0,0,0.0
2025-04-06,2025,4,Q2,Social Media,16994,306,669.45
2025-04-06,2025,4,Q2,Email Campaign,7862,354,211.13
2025-04-06,2025,4,Q2,Paid Ad,28395,341,1151.88
2025-04-06,2025,4,Q2,Direct,0,0,0.0
2025-04-06,2025,4,Q2,Referral,0,0,0.0
2025-04-07,2025,4,Q2,Organic Search,0,0,0.0
2025-04-07,2025,4,Q2,Social Media,12261,221,482.34
2025-04-07,2025,4,Q2,Email Campaign,7927,357,212.68
2025-04-07,2025,4,Q2,Paid Ad,23958,287,972.52
2025-04-07,2025,4,Q2,Direct,0,0,0.0
2025-04-07,2025,4,Q2,Referral,0,0,0.0
2025-04-08,2025,4,Q2,Organic Search,0,0,0.0
2025-04-08,2025,4,Q2,Social Media,14869,268,585.26
2025-04-08,2025,4,Q2,Email Campaign,6421,289,172.43
2025-04-08,2025,4,Q2,Paid Ad,24886,299,1009.79
2025-04-08,2025,4,Q2,Direct,0,0,0.0
2025-04-08,2025,4,Q2,Referral,0,0,0.0
2025-04-09,2025,4,Q2,Organic Search,0,0,0.0
2025-04-09,2025,4,Q2,Social Media,12611,227,496.54
2025-04-09,2025,4,Q2,Email Campaign,7131,321,191.44
2025-04-09,2025,4,Q2,Paid Ad,23595,283,957.41
2025-04-09,2025,4,Q2,Direct,0,0,0.0
2025-04-09,2025,4,Q2,Referral,0,0,0.0
2025-04-10,2025,4,Q2,Organic Search,0,0,0.0
2025-04-10,2025,4,Q2,Social Media,14117,254,555.64
2025-04-10,2025,4,Q2,Email Campaign,7271,327,195.1
2025-04-10,2025,4,Q2,Paid Ad,21901,263,888.34
2025-04-10,2025,4,Q2,Direct,0,0,0.0
2025-04-10,2025,4,Q2,Referral,0,0,0.0
2025-04-11,2025,4,Q2,Organic Search,0,0,0.0
2025-04-11,2025,4,Q2,Social Media,13310,240,523.98
2025-04-11,2025,4,Q2,Email Campaign,7131,321,191.52
2025-04-11,2025,4,Q2,Paid Ad,28354,340,1150.88
2025-04-11,2025,4,Q2,Direct,0,0,0.0
2025-04-11,2025,4,Q2,Referral,0,0,0.0
2025-04-12,2025,4,Q2,Organic Search,0,0,0.0
2025-04-12,2025,4,Q2,Social Media,16026,288,630.44
2025-04-12,2025,4,Q2,Email Campaign,8292,373,222.54
2025-04-12,2025,4,Q2,Paid Ad,27709,333,1123.6
2025-04-12,2025,4,Q2,Direct,0,0,0.0
2025-04-12,2025,4,Q2,Referral,0,0,0.0
2025-04-13,2025,4,Q2,Organic Search,0,0,0.0
2025-04-13,2025,4,Q2,Social Media,18715,337,736.54
2025-04-13,2025,4,Q2,Email Campaign,6808,306,182.81
2025-04-13,2025,4,Q2,Paid Ad,28153,338,1141.9
2025-04-13,2025,4,Q2,Direct,0,0,0.0
2025-04-13,2025,4,Q2,Referral,0,0,0.0
2025-04-14,2025,4,Q2,Organic Search,0,0,0.0
2025-04-14,2025,4,Q2,Social Media,12261,221,482.27
2025-04-14,2025,4,Q2,Email Campaign,5507,248,147.74
2025-04-14,2025,4,Q2,Paid Ad,24886,299,1008.91
2025-04-14,2025,4,Q2,Direct,0,0,0.0
2025-04-14,2025,4,Q2,Referral,0,0,0.0
2025-04-15,2025,4,Q2,Organic Search,0,0,0.0
2025-04-15,2025,4,Q2,Social Media,14224,256,560.53
2025-04-15,2025,4,Q2,Email Campaign,6722,302,180.55
2025-04-15,2025,4,Q2,Paid Ad,24079,289,977.1
2025-04-15,2025,4,Q2,Direct,0,0,0.0
2025-04-15,2025,4,Q2,Referral,0,0,0.0
2025-04-16,2025,4,Q2,Organic Search,0,0,0.0
2025-04-16,2025,4,Q2,Social Media,17559,316,691.72
2025-04-16,2025,4,Q2,Email Campaign,6744,303,180.98
2025-04-16,2025,4,Q2,Paid Ad,25289,303,1025.69
2025-04-16,2025,4,Q2,Direct,0,0,0.0
2025-04-16,2025,4,Q2,Referral,0,0,0.0
2025-04-17,2025,4,Q2,Organic Search,0,0,0.0
2025-04-17,2025,4,Q2,Social Media,13337,240,525.53
2025-04-17,2025,4,Q2,Email Campaign,7045,317,189.14
2025-04-17,2025,4,Q2,Paid Ad,23837,286,966.68
2025-04-17,2025,4,Q2,Direct,0,0,0.0
2025-04-17,2025,4,Q2,Referral,0,0,0.0
2025-04-18,2025,4,Q2,Organic Search,0,0,0.0
2025-04-18,2025,4,Q2,Social Media,13606,245,536.11
2025-04-18,2025,4,Q2,Email Campaign,7884,355,211.68
2025-04-18,2025,4,Q2,Paid Ad,26580,319,1078.31
2025-04-18,2025,4,Q2,Direct,0,0,0.0
2025-04-18,2025,4,Q2,Referral,0,0,0.0
2025-04-19,2025,4,Q2,Organic Search,0,0,0.0
2025-04-19,2025,4,Q2,Social Media,16375,295,644.44
2025-04-19,2025,4,Q2,Email Campaign,6453,290,173.31
2025-04-19,2025,4,Q2,Paid Ad,27144,326,1100.58
2025-04-19,2025,4,Q2,Direct,0,0,0.0
2025-04-19,2025,4,Q2,Referral,0,0,0.0
2025-04-20,2025,4,Q2,Organic Search,0,0,0.0
2025-04-20,2025,4,Q2,Social Media,19683,354,775.32
2025-04-20,2025,4,Q2,Email Campaign,7765,349,208.58
2025-04-20,2025,4,Q2,Paid Ad,30411,365,1233.32
2025-04-20,2025,4,Q2,Direct,0,0,0.0
2025-04-20,2025,4,Q2,Referral,0,0,0.0
2025-04-21,2025,4,Q2,Organic Search,0,0,0.0
2025-04-21,2025,4,Q2,Social Media,15703,283,618.27
2025-04-21,2025,4,Q2,Email Campaign,7002,315,188.02
2025-04-21,2025,4,Q2,Paid Ad,22667,272,919.12
2025-04-21,2025,4,Q2,Direct,0,0,0.0
2025-04-21,2025,4,Q2,Referral,0,0,0.0
2025-04-22,2025,4,Q2,Organic Search,0,0,0.0
2025-04-22,2025,4,Q2,Social Media,11347,204,446.32
2025-04-22,2025,4,Q2,Email Campaign,7260,327,194.86
2025-04-22,2025,4,Q2,Paid Ad,22708,272,921.26
2025-04-22,2025,4,Q2,Direct,0,0,0.0
2025-04-22,2025,4,Q2,Referral,0,0,0.0
2025-04-23,2025,4,Q2,Organic Search,0,0,0.0
2025-04-23,2025,4,Q2,Social Media,14278,257,562.16
2025-04-23,2025,4,Q2,Email Campaign,6195,279,166.31
2025-04-23,2025,4,Q2,Paid Ad,23797,286,964.57
2025-04-23,2025,4,Q2,Direct,0,0,0.0
2025-04-23,2025,4,Q2,Referral,0,0,0.0
2025-04-24,2025,4,Q2,Organic Search,0,0,0.0
2025-04-24,2025,4,Q2,Social Media,14117,254,555.84
2025-04-24,2025,4,Q2,Email Campaign,7034,317,188.74
2025-04-24,2025,4,Q2,Paid Ad,22143,266,897.6
2025-04-24,2025,4,Q2,Direct,0,0,0.0
2025-04-24,2025,4,Q2,Referral,0,0,0.0
2025-04-25,2025,4,Q2,Organic Search,0,0,0.0
2025-04-25,2025,4,Q2,Social Media,15434,278,607.42
2025-04-25,2025,4,Q2,Email Campaign,6550,295,175.97
2025-04-25,2025,4,Q2,Paid Ad,21054,253,853.46
2025-04-25,2025,4,Q2,Direct,0,0,0.0
2025-04-25,2025,4,Q2,Referral,0,0,0.0
2025-04-26,2025,4,Q2,Organic Search,0,0,0.0
2025-04-26,2025,4,Q2,Social Media,16053,289,631.91
2025-04-26,2025,4,Q2,Email Campaign,7938,357,213.08
2025-04-26,2025,4,Q2,Paid Ad,28314,340,1147.86
2025-04-26,2025,4,Q2,Direct,0,0,0.0
2025-04-26,2025,4,Q2,Referral,0,0,0.0
2025-04-27,2025,4,Q2,Organic Search,0,0,0.0
2025-04-27,2025,4,Q2,Social Media,17962,323,706.95
2025-04-27,2025,4,Q2,Email Campaign,7765,349,208.46
2025-04-27,2025,4,Q2,Paid Ad,27669,332,1122.45
2025-04-27,2025,4,Q2,Direct,0,0,0.0
2025-04-27,2025,4,Q2,Referral,0,0,0.0
2025-04-28,2025,4,Q2,Organic Search,0,0,0.0
2025-04-28,2025,4,Q2,Social Media,12826,231,505.41
2025-04-28,2025,4,Q2,Email Campaign,7336,330,196.89
2025-04-28,2025,4,Q2,Paid Ad,24644,296,1000.0
2025-04-28,2025,4,Q2,Direct,0,0,0.0
2025-04-28,2025,4,Q2,Referral,0,0,0.0
2025-04-29,2025,4,Q2,Organic Search,0,0,0.0
2025-04-29,2025,4,Q2,Social Media,13606,245,535.71
2025-04-29,2025,4,Q2,Email Campaign,5829,262,156.61
2025-04-29,2025,4,Q2,Paid Ad,27104,325,1099.34
2025-04-29,2025,4,Q2,Direct,0,0,0.0
2025-04-29,2025,4,Q2,Referral,0,0,0.0
2025-04-30,2025,4,Q2,Organic Search,0,0,0.0
2025-04-30,2025,4,Q2,Social Media,12691,228,499.88
2025-04-30,2025,4,Q2,Email Campaign,6561,295,176.05
2025-04-30,2025,4,Q2,Paid Ad,25007,300,1013.72
2025-04-30,2025,4,Q2,Direct,0,0,0.0
2025-04-30,2025,4,Q2,Referral,0,0,0.0
2025-05-01,2025,5,Q2,Organic Search,0,0,0.0
2025-05-01,2025,5,Q2,Social Media,12745,229,501.27
2025-05-01,2025,5,Q2,Email Campaign,6066,273,162.69
2025-05-01,2025,5,Q2,Paid Ad,20167,242,818.03
2025-05-01,2025,5,Q2,Direct,0,0,0.0
2025-05-01,2025,5,Q2,Referral,0,0,0.0
2025-05-02,2025,5,Q2,Organic Search,0,0,0.0
2025-05-02,2025,5,Q2,Social Media,14897,268,586.3
2025-05-02,2025,5,Q2,Email Campaign,6582,296,176.73
2025-05-02,2025,5,Q2,Paid Ad,29968,360,1216.26
2025-05-02,2025,5,Q2,Direct,0,0,0.0
2025-05-02,2025,5,Q2,Referral,0,0,0.0
2025-05-03,2025,5,Q2,Organic Search,0,0,0.0
2025-05-03,2025,5,Q2,Social Media,14897,268,586.78
2025-05-03,2025,5,Q2,Email Campaign,7336,330,196.81
2025-05-03,2025,5,Q2,Paid Ad,26660,320,1082.05
2025-05-03,2025,5,Q2,Direct,0,0,0.0
2025-05-03,2025,5,Q2,Referral,0,0,0.0
2025-05-04,2025,5,Q2,Organic Search,0,0,0.0
2025-05-04,2025,5,Q2,Social Media,16510,297,649.89
2025-05-04,2025,5,Q2,Email Campaign,7615,343,204.49
2025-05-04,2025,5,Q2,Paid Ad,29322,352,1188.82
2025-05-04,2025,5,Q2,Direct,0,0,0.0
2025-05-04,2025,5,Q2,Referral,0,0,0.0
2025-05-05,2025,5,Q2,Organic Search,0,0,0.0
2025-05-05,2025,5,Q2,Social Media,12987,234,510.94
2025-05-05,2025,5,Q2,Email Campaign,6120,275,164.36
2025-05-05,2025,5,Q2,Paid Ad,20812,250,843.72
2025-05-05,2025,5,Q2,Direct,0,0,0.0
2025-05-05,2025,5,Q2,Referral,0,0,0.0
2025-05-06,2025,5,Q2,Organic Search,0,0,0.0
2025-05-06,2025,5,Q2,Social Media,11562,208,455.74
2025-05-06,2025,5,Q2,Email Campaign,6593,297,177.13
2025-05-06,2025,5,Q2,Paid Ad,23716,285,961.75
2025-05-06,2025,5,Q2,Direct,0,0,0.0
2025-05-06,2025,5,Q2,Referral,0,0,0.0
2025-05-07,2025,5,Q2,Organic Search,0,0,0.0
2025-05-07,2025,5,Q2,Social Media,13364,241,526.33
2025-05-07,2025,5,Q2,Email Campaign,7572,341,203.17
2025-05-07,2025,5,Q2,Paid Ad,26701,320,1082.28
2025-05-07,2025,5,Q2,Direct,0,0,0.0
2025-05-07,2025,5,Q2,Referral,0,0,0.0
2025-05-08,2025,5,Q2,Organic Search,0,0,0.0
2025-05-08,2025,5,Q2,Social Media,13713,247,539.49
2025-05-08,2025,5,Q2,Email Campaign,5894,265,158.24
2025-05-08,2025,5,Q2,Paid Ad,23192,278,940.79
2025-05-08,2025,5,Q2,Direct,0,0,0.0
2025-05-08,2025,5,Q2,Referral,0,0,0.0
2025-05-09,2025,5,Q2,Organic Search,0,0,0.0
2025-05-09,2025,5,Q2,Social Media,13417,242,527.72
2025-05-09,2025,5,Q2,Email Campaign,6518,293,175.06
2025-05-09,2025,5,Q2,Paid Ad,22950,275,930.49
2025-05-09,2025,5,Q2,Direct,0,0,0.0
2025-05-09,2025,5,Q2,Referral,0,0,0.0
2025-05-10,2025,5,Q2,Organic Search,0,0,0.0
2025-05-10,2025,5,Q2,Social Media,15353,276,604.15
2025-05-10,2025,5,Q2,Email Campaign,7668,345,205.92
2025-05-10,2025,5,Q2,Paid Ad,26499,318,1075.68
2025-05-10,2025,5,Q2,Direct,0,0,0.0
2025-05-10,2025,5,Q2,Referral,0,0,0.0
2025-05-11,2025,5,Q2,Organic Search,0,0,0.0
2025-05-11,2025,5,Q2,Social Media,16456,296,648.1
2025-05-11,2025,5,Q2,Email Campaign,8142,366,218.6
2025-05-11,2025,5,Q2,Paid Ad,25894,311,1050.75
2025-05-11,2025,5,Q2,Direct,0,0,0.0
2025-05-11,2025,5,Q2,Referral,0,0,0.0
2025-05-12,2025,5,Q2,Organic Search,0,0,0.0
2025-05-12,2025,5,Q2,Social Media,15515,279,610.72
2025-05-12,2025,5,Q2,Email Campaign,6346,286,170.29
2025-05-12,2025,5,Q2,Paid Ad,21135,254,857.91
2025-05-12,2025,5,Q2,Direct,0,0,0.0
2025-05-12,2025,5,Q2,Referral,0,0,0.0
2025-05-13,2025,5,Q2,Organic Search,0,0,0.0
2025-05-13,2025,5,Q2,Social Media,14520,261,571.23
2025-05-13,2025,5,Q2,Email Campaign,6432,289,172.67
2025-05-13,2025,5,Q2,Paid Ad,24926,299,1010.82
2025-05-13,2025,5,Q2,Direct,0,0,0.0
2025-05-13,2025,5,Q2,Referral,0,0,0.0
2025-05-14,2025,5,Q2,Organic Search,0,0,0.0
2025-05-14,2025,5,Q2,Social Media,11374,205,447.75
2025-05-14,2025,5,Q2,Email Campaign,7647,344,205.36
2025-05-14,2025,5,Q2,Paid Ad,25612,307,1038.5
2025-05-14,2025,5,Q2,Direct,0,0,0.0
2025-05-14,2025,5,Q2,Referral,0,0,0.0
2025-05-15,2025,5,Q2,Organic Search,0,0,0.0
2025-05-15,2025,5,Q2,Social Media,12396,223,487.79
2025-05-15,2025,5,Q2,Email Campaign,6066,273,162.93
2025-05-15,2025,5,Q2,Paid Ad,27548,331,1117.32
2025-05-15,2025,5,Q2,Direct,0,0,0.0
2025-05-15,2025,5,Q2,Referral,0,0,0.0
2025-05-16,2025,5,Q2,Organic Search,0,0,0.0
2025-05-16,2025,5,Q2,Social Media,13256,239,521.64
2025-05-16,2025,5,Q2,Email Campaign,6421,289,172.43
2025-05-16,2025,5,Q2,Paid Ad,19884,239,806.81
2025-05-16,2025,5,Q2,Direct,0,0,0.0
2025-05-16,2025,5,Q2,Referral,0,0,0.0
2025-05-17,2025,5,Q2,Organic Search,0,0,0.0
2025-05-17,2025,5,Q2,Social Media,15730,283,619.58
2025-05-17,2025,5,Q2,Email Campaign,7776,350,208.62
2025-05-17,2025,5,Q2,Paid Ad,29524,354,1198.17
2025-05-17,2025,5,Q2,Direct,0,0,0.0
2025-05-17,2025,5,Q2,Referral,0,0,0.0
2025-05-18,2025,5,Q2,Organic Search,0,0,0.0
2025-05-18,2025,5,Q2,Social Media,14385,259,566.14
2025-05-18,2025,5,Q2,Email Campaign,6948,313,186.63
2025-05-18,2025,5,Q2,Paid Ad,28959,348,1174.19
2025-05-18,2025,5,Q2,Direct,0,0,0.0
2025-05-18,2025,5,Q2,Referral,0,0,0.0
2025-05-19,2025,5,Q2,Organic Search,0,0,0.0
2025-05-19,2025,5,Q2,Social Media,15219,274,598.98
2025-05-19,2025,5,Q2,Email Campaign,6023,271,161.54
2025-05-19,2025,5,Q2,Paid Ad,26378,317,1070.75
2025-05-19,2025,5,Q2,Direct,0,0,0.0
2025-05-19,2025,5,Q2,Referral,0,0,0.0
2025-05-20,2025,5,Q2,Organic Search,0,0,0.0
2025-05-20,2025,5,Q2,Social Media,14117,254,556.0
2025-05-20,2025,5,Q2,Email Campaign,7486,337,200.91
2025-05-20,2025,5,Q2,Paid Ad,24160,290,979.92
2025-05-20,2025,5,Q2,Direct,0,0,0.0
2025-05-20,2025,5,Q2,Referral,0,0,0.0
2025-05-21,2025,5,Q2,Organic Search,0,0,0.0
2025-05-21,2025,5,Q2,Social Media,11239,202,442.5
2025-05-21,2025,5,Q2,Email Campaign,6797,306,182.53
2025-05-21,2025,5,Q2,Paid Ad,26338,316,1069.04
2025-05-21,2025,5,Q2,Direct,0,0,0.0
2025-05-21,2025,5,Q2,Referral,0,0,0.0
2025-05-22,2025,5,Q2,Organic Search,0,0,0.0
2025-05-22,2025,5,Q2,Social Media,13068,235,514.72
2025-05-22,2025,5,Q2,Email Campaign,6669,300,179.04
2025-05-22,2025,5,Q2,Paid Ad,23958,287,971.61
2025-05-22,2025,5,Q2,Direct,0,0,0.0
2025-05-22,2025,5,Q2,Referral,0,0,0.0
2025-05-23,2025,5,Q2,Organic Search,0,0,0.0
2025-05-23,2025,5,Q2,Social Media,10809,195,425.76
2025-05-23,2025,5,Q2,Email Campaign,7808,351,209.5
2025-05-23,2025,5,Q2,Paid Ad,22546,271,914.42
2025-05-23,2025,5,Q2,Direct,0,0,0.0
2025-05-23,2025,5,Q2,Referral,0,0,0.0
2025-05-24,2025,5,Q2,Organic Search,0,0,0.0
2025-05-24,2025,5,Q2,Social Media,16859,303,663.29
2025-05-24,2025,5,Q2,Email Campaign,7862,354,211.01
2025-05-24,2025,5,Q2,Paid Ad,30734,369,1247.32
2025-05-24,2025,5,Q2,Direct,0,0,0.0
2025-05-24,2025,5,Q2,Referral,0,0,0.0
2025-05-25,2025,5,Q2,Organic Search,0,0,0.0
2025-05-25,2025,5,Q2,Social Media,16725,301,658.2
2025-05-25,2025,5,Q2,Email Campaign,7765,349,208.5
2025-05-25,2025,5,Q2,Paid Ad,25934,311,1052.3
2025-05-25,2025,5,Q2,Direct,0,0,0.0
2025-05-25,2025,5,Q2,Referral,0,0,0.0
2025-05-26,2025,5,Q2,Organic Search,0,0,0.0
2025-05-26,2025,5,Q2,Social Media,14977,270,589.72
2025-05-26,2025,5,Q2,Email Campaign,5851,263,157.08
2025-05-26,2025,5,Q2,Paid Ad,25531,306,1036.39
2025-05-26,2025,5,Q2,Direct,0,0,0.0
2025-05-26,2025,5,Q2,Referral,0,0,0.0
2025-05-27,2025,5,Q2,Organic Search,0,0,0.0
2025-05-27,2025,5,Q2,Social Media,12853,231,505.61
2025-05-27,2025,5,Q2,Email Campaign,7572,341,203.29
2025-05-27,2025,5,Q2,Paid Ad,24603,295,998.21
2025-05-27,2025,5,Q2,Direct,0,0,0.0
2025-05-27,2025,5,Q2,Referral,0,0,0.0
2025-05-28,2025,5,Q2,Organic Search,0,0,0.0
2025-05-28,2025,5,Q2,Social Media,14816,267,582.88
2025-05-28,2025,5,Q2,Email Campaign,6927,312,185.99
2025-05-28,2025,5,Q2,Paid Ad,20893,251,847.33
2025-05-28,2025,5,Q2,Direct,0,0,0.0
2025-05-28,2025,5,Q2,Referral,0,0,0.0
2025-05-29,2025,5,Q2,Organic Search,0,0,0.0
2025-05-29,2025,5,Q2,Social Media,13122,236,516.15
2025-05-29,2025,5,Q2,Email Campaign,7249,326,194.7
2025-05-29,2025,5,Q2,Paid Ad,24603,295,998.61
2025-05-29,2025,5,Q2,Direct,0,0,0.0
2025-05-29,2025,5,Q2,Referral,0,0,0.0
2025-05-30,2025,5,Q2,Organic Search,0,0,0.0
2025-05-30,2025,5,Q2,Social Media,15407,277,606.7
2025-05-30,2025,5,Q2,Email Campaign,7109,320,190.73
2025-05-30,2025,5,Q2,Paid Ad,22425,269,909.25
2025-05-30,2025,5,Q2,Direct,0,0,0.0
2025-05-30,2025,5,Q2,Referral,0,0,0.0
2025-05-31,2025,5,Q2,Organic Search,0,0,0.0
2025-05-31,2025,5,Q2,Social Media,15165,273,596.88
2025-05-31,2025,5,Q2,Email Campaign,7981,359,214.23
2025-05-31,2025,5,Q2,Paid Ad,22748,273,923.49
2025-05-31,2025,5,Q2,Direct,0,0,0.0
2025-05-31,2025,5,Q2,Referral,0,0,0.0
2025-06-01,2025,6,Q2,Organic Search,0,0,0.0
2025-06-01,2025,6,Q2,Social Media,18365,331,722.82
2025-06-01,2025,6,Q2,Email Campaign,8196,369,220.0
2025-06-01,2025,6,Q2,Paid Ad,30694,368,1244.54
2025-06-01,2025,6,Q2,Direct,0,0,0.0
2025-06-01,2025,6,Q2,Referral,0,0,0.0
2025-06-02,2025,6,Q2,Organic Search,0,0,0.0
2025-06-02,2025,6,Q2,Social Media,12288,221,484.21
2025-06-02,2025,6,Q2,Email Campaign,7572,341,203.17
2025-06-02,2025,6,Q2,Paid Ad,28637,344,1161.42
2025-06-02,2025,6,Q2,Direct,0,0,0.0
2025-06-02,2025,6,Q2,Referral,0,0,0.0
2025-06-03,2025,6,Q2,Organic Search,0,0,0.0
2025-06-03,2025,6,Q2,Social Media,12584,227,495.75
2025-06-03,2025,6,Q2,Email Campaign,7303,329,196.18
2025-06-03,2025,6,Q2,Paid Ad,24281,291,985.57
2025-06-03,2025,6,Q2,Direct,0,0,0.0
2025-06-03,2025,6,Q2,Referral,0,0,0.0
2025-06-04,2025,6,Q2,Organic Search,0,0,0.0
2025-06-04,2025,6,Q2,Social Media,12342,222,485.84
2025-06-04,2025,6,Q2,Email Campaign,7153,322,192.08
2025-06-04,2025,6,Q2,Paid Ad,25934,311,1051.19
2025-06-04,2025,6,Q2,Direct,0,0,0.0
2025-06-04,2025,6,Q2,Referral,0,0,0.0
2025-06-05,2025,6,Q2,Organic Search,0,0,0.0
2025-06-05,2025,6,Q2,Social Media,13391,241,527.68
2025-06-05,2025,6,Q2,Email Campaign,7529,339,202.02
2025-06-05,2025,6,Q2,Paid Ad,21054,253,854.1
2025-06-05,2025,6,Q2,Direct,0,0,0.0
2025-06-05,2025,6,Q2,Referral,0,0,0.0
2025-06-06,2025,6,Q2,Organic Search,0,0,0.0
2025-06-06,2025,6,Q2,Social Media,12396,223,488.03
2025-06-06,2025,6,Q2,Email Campaign,6959,313,186.79
2025-06-06,2025,6,Q2,Paid Ad,24361,292,987.48
2025-06-06,2025,6,Q2,Direct,0,0,0.0
2025-06-06,2025,6,Q2,Referral,0,0,0.0
2025-06-07,2025,6,Q2,Organic Search,0,0,0.0
2025-06-07,2025,6,Q2,Social Media,15273,275,600.93
2025-06-07,2025,6,Q2,Email Campaign,8432,379,226.24
2025-06-07,2025,6,Q2,Paid Ad,29121,349,1181.43
2025-06-07,2025,6,Q2,Direct,0,0,0.0
2025-06-07,2025,6,Q2,Referral,0,0,0.0
2025-06-08,2025,6,Q2,Organic Search,0,0,0.0
2025-06-08,2025,6,Q2,Social Media,17317,312,681.26
2025-06-08,2025,6,Q2,Email Campaign,7841,353,210.41
2025-06-08,2025,6,Q2,Paid Ad,29282,351,1187.95
2025-06-08,2025,6,Q2,Direct,0,0,0.0
2025-06-08,2025,6,Q2,Referral,0,0,0.0
2025-06-09,2025,6,Q2,Organic Search,0,0,0.0
2025-06-09,2025,6,Q2,Social Media,13579,244,534.56
2025-06-09,2025,6,Q2,Email Campaign,8013,361,215.14
2025-06-09,2025,6,Q2,Paid Ad,22708,272,921.42
2025-06-09,2025,6,Q2,Direct,0,0,0.0
2025-06-09,2025,6,Q2,Referral,0,0,0.0
2025-06-10,2025,6,Q2,Organic Search,0,0,0.0
2025-06-10,2025,6,Q2,Social Media,16456,296,647.7
2025-06-10,2025,6,Q2,Email Campaign,6905,311,185.28
2025-06-10,2025,6,Q2,Paid Ad,21619,259,877.04
2025-06-10,2025,6,Q2,Direct,0,0,0.0
2025-06-10,2025,6,Q2,Referral,0,0,0.0
2025-06-11,2025,6,Q2,Organic Search,0,0,0.0
2025-06-11,2025,6,Q2,Social Media,15623,281,615.01
2025-06-11,2025,6,Q2,Email Campaign,6948,313,186.63
2025-06-11,2025,6,Q2,Paid Ad,25934,311,1052.58
2025-06-11,2025,6,Q2,Direct,0,0,0.0
2025-06-11,2025,6,Q2,Referral,0,0,0.0
2025-06-12,2025,6,Q2,Organic Search,0,0,0.0
2025-06-12,2025,6,Q2,Social Media,15461,278,608.61
2025-06-12,2025,6,Q2,Email Campaign,7066,318,189.77
2025-06-12,2025,6,Q2,Paid Ad,23151,278,938.8
2025-06-12,2025,6,Q2,Direct,0,0,0.0
2025-06-12,2025,6,Q2,Referral,0,0,0.0
2025-06-13,2025,6,Q2,Organic Search,0,0,0.0
2025-06-13,2025,6,Q2,Social Media,15192,273,597.59
2025-06-13,2025,6,Q2,Email Campaign,6883,310,184.8
2025-06-13,2025,6,Q2,Paid Ad,25612,307,1039.53
2025-06-13,2025,6,Q2,Direct,0,0,0.0
2025-06-13,2025,6,Q2,Referral,0,0,0.0
2025-06-14,2025,6,Q2,Organic Search,0,0,0.0
2025-06-14,2025,6,Q2,Social Media,13391,241,527.64
2025-06-14,2025,6,Q2,Email Campaign,8196,369,220.12
2025-06-14,2025,6,Q2,Paid Ad,26499,318,1075.4
2025-06-14,2025,6,Q2,Direct,0,0,0.0
2025-06-14,2025,6,Q2,Referral,0,0,0.0
2025-06-15,2025,6,Q2,Organic Search,0,0,0.0
2025-06-15,2025,6,Q2,Social Media,18338,330,721.79
2025-06-15,2025,6,Q2,Email Campaign,8314,374,223.1
2025-06-15,2025,6,Q2,Paid Ad,28475,342,1155.06
2025-06-15,2025,6,Q2,Direct,0,0,0.0
2025-06-15,2025,6,Q2,Referral,0,0,0.0
2025-06-16,2025,6,Q2,Organic Search,0,0,0.0
2025-06-16,2025,6,Q2,Social Media,14627,263,575.88
2025-06-16,2025,6,Q2,Email Campaign,6335,285,170.01
2025-06-16,2025,6,Q2,Paid Ad,27467,330,1113.46
2025-06-16,2025,6,Q2,Direct,0,0,0.0
2025-06-16,2025,6,Q2,Referral,0,0,0.0
2025-06-17,2025,6,Q2,Organic Search,0,0,0.0
2025-06-17,2025,6,Q2,Social Media,16321,294,642.65
2025-06-17,2025,6,Q2,Email Campaign,7099,319,190.61
2025-06-17,2025,6,Q2,Paid Ad,27386,329,1110.88
2025-06-17,2025,6,Q2,Direct,0,0,0.0
2025-06-17,2025,6,Q2,Referral,0,0,0.0
2025-06-18,2025,6,Q2,Organic Search,0,0,0.0
2025-06-18,2025,6,Q2,Social Media,13445,242,529.11
2025-06-18,2025,6,Q2,Email Campaign,6443,290,172.99
2025-06-18,2025,6,Q2,Paid Ad,24361,292,988.71
2025-06-18,2025,6,Q2,Direct,0,0,0.0
2025-06-18,2025,6,Q2,Referral,0,0,0.0
2025-06-19,2025,6,Q2,Organic Search,0,0,0.0
2025-06-19,2025,6,Q2,Social Media,14574,262,573.61
2025-06-19,2025,6,Q2,Email Campaign,6669,300,178.96
2025-06-19,2025,6,Q2,Paid Ad,25329,304,1027.88
2025-06-19,2025,6,Q2,Direct,0,0,0.0
2025-06-19,2025,6,Q2,Referral,0,0,0.0
2025-06-20,2025,6,Q2,Organic Search,0,0,0.0
2025-06-20,2025,6,Q2,Social Media,14413,259,567.93
2025-06-20,2025,6,Q2,Email Campaign,6335,285,170.01
2025-06-20,2025,6,Q2,Paid Ad,25289,303,1026.37
2025-06-20,2025,6,Q2,Direct,0,0,0.0
2025-06-20,2025,6,Q2,Referral,0,0,0.0
2025-06-21,2025,6,Q2,Organic Search,0,0,0.0
2025-06-21,2025,6,Q2,Social Media,17317,312,681.5
2025-06-21,2025,6,Q2,Email Campaign,8024,361,215.38
2025-06-21,2025,6,Q2,Paid Ad,30532,366,1237.82
2025-06-21,2025,6,Q2,Direct,0,0,0.0
2025-06-21,2025,6,Q2,Referral,0,0,0.0
2025-06-22,2025,6,Q2,Organic Search,0,0,0.0
2025-06-22,2025,6,Q2,Social Media,14627,263,575.4
2025-06-22,2025,6,Q2,Email Campaign,8217,370,220.43
2025-06-22,2025,6,Q2,Paid Ad,25329,304,1027.21
2025-06-22,2025,6,Q2,Direct,0,0,0.0
2025-06-22,2025,6,Q2,Referral,0,0,0.0
2025-06-23,2025,6,Q2,Organic Search,0,0,0.0
2025-06-23,2025,6,Q2,Social Media,12826,231,504.93
2025-06-23,2025,6,Q2,Email Campaign,6539,294,175.46
2025-06-23,2025,6,Q2,Paid Ad,22466,270,911.2
2025-06-23,2025,6,Q2,Direct,0,0,0.0
2025-06-23,2025,6,Q2,Referral,0,0,0.0
2025-06-24,2025,6,Q2,Organic Search,0,0,0.0
2025-06-24,2025,6,Q2,Social Media,13471,242,530.03
2025-06-24,2025,6,Q2,Email Campaign,6765,304,181.62
2025-06-24,2025,6,Q2,Paid Ad,25934,311,1051.46
2025-06-24,2025,6,Q2,Direct,0,0,0.0
2025-06-24,2025,6,Q2,Referral,0,0,0.0
2025-06-25,2025,6,Q2,Organic Search,0,0,0.0
2025-06-25,2025,6,Q2,Social Media,13713,247,540.09
2025-06-25,2025,6,Q2,Email Campaign,6012,271,161.34
2025-06-25,2025,6,Q2,Paid Ad,26499,318,1075.36
2025-06-25,2025,6,Q2,Direct,0,0,0.0
2025-06-25,2025,6,Q2,Referral,0,0,0.0
2025-06-26,2025,6,Q2,Organic Search,0,0,0.0
2025-06-26,2025,6,Q2,Social Media,13149,237,517.22
2025-06-26,2025,6,Q2,Email Campaign,6852,308,183.93
2025-06-26,2025,6,Q2,Paid Ad,25168,302,1020.68
2025-06-26,2025,6,Q2,Direct,0,0,0.0
2025-06-26,2025,6,Q2,Referral,0,0,0.0
2025-06-27,2025,6,Q2,Organic Search,0,0,0.0
2025-06-27,2025,6,Q2,Social Media,14305,257,563.19
2025-06-27,2025,6,Q2,Email Campaign,7486,337,200.95
2025-06-27,2025,6,Q2,Paid Ad,25208,302,1023.23
2025-06-27,2025,6,Q2,Direct,0,0,0.0
2025-06-27,2025,6,Q2,Referral,0,0,0.0
2025-06-28,2025,6,Q2,Organic Search,0,0,0.0
2025-06-28,2025,6,Q2,Social Media,15085,272,593.58
2025-06-28,2025,6,Q2,Email Campaign,9293,418,249.54
2025-06-28,2025,6,Q2,Paid Ad,28354,340,1150.92
2025-06-28,2025,6,Q2,Direct,0,0,0.0
2025-06-28,2025,6,Q2,Referral,0,0,0.0
2025-06-29,2025,6,Q2,Organic Search,0,0,0.0
2025-06-29,2025,6,Q2,Social Media,15999,288,629.96
2025-06-29,2025,6,Q2,Email Campaign,8529,384,228.86
2025-06-29,2025,6,Q2,Paid Ad,28516,342,1155.93
2025-06-29,2025,6,Q2,Direct,0,0,0.0
2025-06-29,2025,6,Q2,Referral,0,0,0.0
2025-06-30,2025,6,Q2,Organic Search,0,0,0.0
2025-06-30,2025,6,Q2,Social Media,14520,261,572.02
2025-06-30,2025,6,Q2,Email Campaign,8260,372,221.63
2025-06-30,2025,6,Q2,Paid Ad,23756,285,963.78
2025-06-30,2025,6,Q2,Direct,0,0,0.0
2025-06-30,2025,6,Q2,Referral,0,0,0.0
2025-07-01,2025,7,Q3,Organic Search,0,0,0.0
2025-07-01,2025,7,Q3,Social Media,15784,284,621.29
2025-07-01,2025,7,Q3,Email Campaign,7991,360,214.47
2025-07-01,2025,7,Q3,Paid Ad,30331,364,1230.46
2025-07-01,2025,7,Q3,Direct,0,0,0.0
2025-07-01,2025,7,Q3,Referral,0,0,0.0
2025-07-02,2025,7,Q3,Organic Search,0,0,0.0
2025-07-02,2025,7,Q3,Social Media,14251,257,560.65
2025-07-02,2025,7,Q3,Email Campaign,6669,300,179.07
2025-07-02,2025,7,Q3,Paid Ad,26620,319,1080.06
2025-07-02,2025,7,Q3,Direct,0,0,0.0
2025-07-02,2025,7,Q3,Referral,0,0,0.0
2025-07-03,2025,7,Q3,Organic Search,0,0,0.0
2025-07-03,2025,7,Q3,Social Media,14063,253,554.17
2025-07-03,2025,7,Q3,Email Campaign,7647,344,205.28
2025-07-03,2025,7,Q3,Paid Ad,29080,349,1178.88
2025-07-03,2025,7,Q3,Direct,0,0,0.0
2025-07-03,2025,7,Q3,Referral,0,0,0.0
2025-07-04,2025,7,Q3,Organic Search,0,0,0.0
2025-07-04,2025,7,Q3,Social Media,15031,271,592.06
2025-07-04,2025,7,Q3,Email Campaign,7013,316,188.26
2025-07-04,2025,7,Q3,Paid Ad,28112,337,1139.59
2025-07-04,2025,7,Q3,Direct,0,0,0.0
2025-07-04,2025,7,Q3,Referral,0,0,0.0
2025-07-05,2025,7,Q3,Organic Search,0,0,0.0
2025-07-05,2025,7,Q3,Social Media,19898,358,783.71
2025-07-05,2025,7,Q3,Email Campaign,7873,354,211.21
2025-07-05,2025,7,Q3,Paid Ad,34243,411,1388.81
2025-07-05,2025,7,Q3,Direct,0,0,0.0
2025-07-05,2025,7,Q3,Referral,0,0,0.0
2025-07-06,2025,7,Q3,Organic Search,0,0,0.0
2025-07-06,2025,7,Q3,Social Media,19844,357,781.04
2025-07-06,2025,7,Q3,Email Campaign,9798,441,263.02
2025-07-06,2025,7,Q3,Paid Ad,35251,423,1430.33
2025-07-06,2025,7,Q3,Direct,0,0,0.0
2025-07-06,2025,7,Q3,Referral,0,0,0.0
2025-07-07,2025,7,Q3,Organic Search,0,0,0.0
2025-07-07,2025,7,Q3,Social Media,19037,343,749.78
2025-07-07,2025,7,Q3,Email Campaign,7690,346,206.44
2025-07-07,2025,7,Q3,Paid Ad,28193,338,1143.25
2025-07-07,2025,7,Q3,Direct,0,0,0.0
2025-07-07,2025,7,Q3,Referral,0,0,0.0
2025-07-08,2025,7,Q3,Organic Search,0,0,0.0
2025-07-08,2025,7,Q3,Social Media,15649,282,616.24
2025-07-08,2025,7,Q3,Email Campaign,7916,356,212.52
2025-07-08,2025,7,Q3,Paid Ad,31379,377,1272.25
2025-07-08,2025,7,Q3,Direct,0,0,0.0
2025-07-08,2025,7,Q3,Referral,0,0,0.0
2025-07-09,2025,7,Q3,Organic Search,0,0,0.0
2025-07-09,2025,7,Q3,Social Media,14439,260,568.88
2025-07-09,2025,7,Q3,Email Campaign,7367,332,197.89
2025-07-09,2025,7,Q3,Paid Ad,31016,372,1258.18
2025-07-09,2025,7,Q3,Direct,0,0,0.0
2025-07-09,2025,7,Q3,Referral,0,0,0.0
2025-07-10,2025,7,Q3,Organic Search,0,0,0.0
2025-07-10,2025,7,Q3,Social Media,17505,315,689.5
2025-07-10,2025,7,Q3,Email Campaign,7690,346,206.32
2025-07-10,2025,7,Q3,Paid Ad,29847,358,1210.77
2025-07-10,2025,7,Q3,Direct,0,0,0.0
2025-07-10,2025,7,Q3,Referral,0,0,0.0
2025-07-11,2025,7,Q3,Organic Search,0,0,0.0
2025-07-11,2025,7,Q3,Social Media,16644,300,654.9
2025-07-11,2025,7,Q3,Email Campaign,8863,399,238.01
2025-07-11,2025,7,Q3,Paid Ad,28112,337,1140.07
2025-07-11,2025,7,Q3,Direct,0,0,0.0
2025-07-11,2025,7,Q3,Referral,0,0,0.0
2025-07-12,2025,7,Q3,Organic Search,0,0,0.0
2025-07-12,2025,7,Q3,Social Media,20140,363,793.25
2025-07-12,2025,7,Q3,Email Campaign,11025,496,295.99
2025-07-12,2025,7,Q3,Paid Ad,33678,404,1365.67
2025-07-12,2025,7,Q3,Direct,0,0,0.0
2025-07-12,2025,7,Q3,Referral,0,0,0.0
2025-07-13,2025,7,Q3,Organic Search,0,0,0.0
2025-07-13,2025,7,Q3,Social Media,18688,336,735.98
2025-07-13,2025,7,Q3,Email Campaign,9626,433,258.49
2025-07-13,2025,7,Q3,Paid Ad,31178,374,1265.22
2025-07-13,2025,7,Q3,Direct,0,0,0.0
2025-07-13,2025,7,Q3,Referral,0,0,0.0
2025-07-14,2025,7,Q3,Organic Search,0,0,0.0
2025-07-14,2025,7,Q3,Social Media,19279,347,759.25
2025-07-14,2025,7,Q3,Email Campaign,8034,362,215.54
2025-07-14,2025,7,Q3,Paid Ad,27346,328,1108.53
2025-07-14,2025,7,Q3,Direct,0,0,0.0
2025-07-14,2025,7,Q3,Referral,0,0,0.0
2025-07-15,2025,7,Q3,Organic Search,0,0,0.0
2025-07-15,2025,7,Q3,Social Media,15111,272,594.89
2025-07-15,2025,7,Q3,Email Campaign,8615,388,231.13
2025-07-15,2025,7,Q3,Paid Ad,29887,359,1211.93
2025-07-15,2025,7,Q3,Direct,0,0,0.0
2025-07-15,2025,7,Q3,Referral,0,0,0.0
2025-07-16,2025,7,Q3,Organic Search,0,0,0.0
2025-07-16,2025,7,Q3,Social Media,15542,280,612.11
2025-07-16,2025,7,Q3,Email Campaign,8282,373,222.3
2025-07-16,2025,7,Q3,Paid Ad,24563,295,996.54
2025-07-16,2025,7,Q3,Direct,0,0,0.0
2025-07-16,2025,7,Q3,Referral,0,0,0.0
2025-07-17,2025,7,Q3,Organic Search,0,0,0.0
2025-07-17,2025,7,Q3,Social Media,16429,296,646.9
2025-07-17,2025,7,Q3,Email Campaign,8207,369,220.19
2025-07-17,2025,7,Q3,Paid Ad,31742,381,1288.08
2025-07-17,2025,7,Q3,Direct,0,0,0.0
2025-07-17,2025,7,Q3,Referral,0,0,0.0
2025-07-18,2025,7,Q3,Organic Search,0,0,0.0
2025-07-18,2025,7,Q3,Social Media,15192,273,598.19
2025-07-18,2025,7,Q3,Email Campaign,7109,320,190.77
2025-07-18,2025,7,Q3,Paid Ad,25934,311,1052.1
2025-07-18,2025,7,Q3,Direct,0,0,0.0
2025-07-18,2025,7,Q3,Referral,0,0,0.0
2025-07-19,2025,7,Q3,Organic Search,0,0,0.0
2025-07-19,2025,7,Q3,Social Media,16617,299,654.7
2025-07-19,2025,7,Q3,Email Campaign,10078,454,270.5
2025-07-19,2025,7,Q3,Paid Ad,36098,433,1464.77
2025-07-19,2025,7,Q3,Direct,0,0,0.0
2025-07-19,2025,7,Q3,Referral,0,0,0.0
2025-07-20,2025,7,Q3,Organic Search,0,0,0.0
2025-07-20,2025,7,Q3,Social Media,19091,344,751.89
2025-07-20,2025,7,Q3,Email Campaign,9992,450,268.23
2025-07-20,2025,7,Q3,Paid Ad,32468,390,1317.27
2025-07-20,2025,7,Q3,Direct,0,0,0.0
2025-07-20,2025,7,Q3,Referral,0,0,0.0
2025-07-21,2025,7,Q3,Organic Search,0,0,0.0
2025-07-21,2025,7,Q3,Social Media,16079,289,632.63
2025-07-21,2025,7,Q3,Email Campaign,7701,347,206.83
2025-07-21,2025,7,Q3,Paid Ad,27265,327,1105.15
2025-07-21,2025,7,Q3,Direct,0,0,0.0
2025-07-21,2025,7,Q3,Referral,0,0,0.0
2025-07-22,2025,7,Q3,Organic Search,0,0,0.0
2025-07-22,2025,7,Q3,Social Media,14197,256,558.54
2025-07-22,2025,7,Q3,Email Campaign,8088,364,216.97
2025-07-22,2025,7,Q3,Paid Ad,27830,334,1129.65
2025-07-22,2025,7,Q3,Direct,0,0,0.0
2025-07-22,2025,7,Q3,Referral,0,0,0.0
2025-07-23,2025,7,Q3,Organic Search,0,0,0.0
2025-07-23,2025,7,Q3,Social Media,17155,309,675.5
2025-07-23,2025,7,Q3,Email Campaign,7981,359,214.11
2025-07-23,2025,7,Q3,Paid Ad,27588,331,1118.55
2025-07-23,2025,7,Q3,Direct,0,0,0.0
2025-07-23,2025,7,Q3,Referral,0,0,0.0
2025-07-24,2025,7,Q3,Organic Search,0,0,0.0
2025-07-24,2025,7,Q3,Social Media,15058,271,593.06
2025-07-24,2025,7,Q3,Email Campaign,7959,358,213.71
2025-07-24,2025,7,Q3,Paid Ad,29605,355,1200.24
2025-07-24,2025,7,Q3,Direct,0,0,0.0
2025-07-24,2025,7,Q3,Referral,0,0,0.0
2025-07-25,2025,7,Q3,Organic Search,0,0,0.0
2025-07-25,2025,7,Q3,Social Media,14708,265,579.18
2025-07-25,2025,7,Q3,Email Campaign,7970,359,213.99
2025-07-25,2025,7,Q3,Paid Ad,28475,342,1154.42
2025-07-25,2025,7,Q3,Direct,0,0,0.0
2025-07-25,2025,7,Q3,Referral,0,0,0.0
2025-07-26,2025,7,Q3,Organic Search,0,0,0.0
2025-07-26,2025,7,Q3,Social Media,17559,316,691.01
2025-07-26,2025,7,Q3,Email Campaign,8680,391,232.88
2025-07-26,2025,7,Q3,Paid Ad,32710,393,1327.33
2025-07-26,2025,7,Q3,Direct,0,0,0.0
2025-07-26,2025,7,Q3,Referral,0,0,0.0
2025-07-27,2025,7,Q3,Organic Search,0,0,0.0
2025-07-27,2025,7,Q3,Social Media,16940,305,666.63
2025-07-27,2025,7,Q3,Email Campaign,9357,421,251.21
2025-07-27,2025,7,Q3,Paid Ad,29847,358,1209.94
2025-07-27,2025,7,Q3,Direct,0,0,0.0
2025-07-27,2025,7,Q3,Referral,0,0,0.0
2025-07-28,2025,7,Q3,Organic Search,0,0,0.0
2025-07-28,2025,7,Q3,Social Media,17559,316,691.68
2025-07-28,2025,7,Q3,Email Campaign,9400,423,252.25
2025-07-28,2025,7,Q3,Paid Ad,26015,312,1055.24
2025-07-28,2025,7,Q3,Direct,0,0,0.0
2025-07-28,2025,7,Q3,Referral,0,0,0.0
2025-07-29,2025,7,Q3,Organic Search,0,0,0.0
2025-07-29,2025,7,Q3,Social Media,16886,304,664.72
2025-07-29,2025,7,Q3,Email Campaign,7454,335,200.15
2025-07-29,2025,7,Q3,Paid Ad,30250,363,1227.68
2025-07-29,2025,7,Q3,Direct,0,0,0.0
2025-07-29,2025,7,Q3,Referral,0,0,0.0
2025-07-30,2025,7,Q3,Organic Search,0,0,0.0
2025-07-30,2025,7,Q3,Social Media,14547,262,572.98
2025-07-30,2025,7,Q3,Email Campaign,8217,370,220.67
2025-07-30,2025,7,Q3,Paid Ad,25975,312,1054.17
2025-07-30,2025,7,Q3,Direct,0,0,0.0
2025-07-30,2025,7,Q3,Referral,0,0,0.0
2025-07-31,2025,7,Q3,Organic Search,0,0,0.0
2025-07-31,2025,7,Q3,Social Media,15918,287,626.94
2025-07-31,2025,7,Q3,Email Campaign,7260,327,194.94
2025-07-31,2025,7,Q3,Paid Ad,29766,357,1207.87
2025-07-31,2025,7,Q3,Direct,0,0,0.0
2025-07-31,2025,7,Q3,Referral,0,0,0.0
2025-08-01,2025,8,Q3,Organic Search,0,0,0.0
2025-08-01,2025,8,Q3,Social Media,13149,237,517.22
2025-08-01,2025,8,Q3,Email Campaign,7184,323,192.95
2025-08-01,2025,8,Q3,Paid Ad,23635,284,958.37
2025-08-01,2025,8,Q3,Direct,0,0,0.0
2025-08-01,2025,8,Q3,Referral,0,0,0.0
2025-08-02,2025,8,Q3,Organic Search,0,0,0.0
2025-08-02,2025,8,Q3,Social Media,16053,289,631.63
2025-08-02,2025,8,Q3,Email Campaign,8013,361,214.99
2025-08-02,2025,8,Q3,Paid Ad,26217,315,1064.23
2025-08-02,2025,8,Q3,Direct,0,0,0.0
2025-08-02,2025,8,Q3,Referral,0,0,0.0
2025-08-03,2025,8,Q3,Organic Search,0,0,0.0
2025-08-03,2025,8,Q3,Social Media,16456,296,648.22
2025-08-03,2025,8,Q3,Email Campaign,8884,400,238.53
2025-08-03,2025,8,Q3,Paid Ad,26217,315,1062.76
2025-08-03,2025,8,Q3,Direct,0,0,0.0
2025-08-03,2025,8,Q3,Referral,0,0,0.0
2025-08-04,2025,8,Q3,Organic Search,0,0,0.0
2025-08-04,2025,8,Q3,Social Media,15407,277,606.3
2025-08-04,2025,8,Q3,Email Campaign,7712,347,206.91
2025-08-04,2025,8,Q3,Paid Ad,22708,272,921.14
2025-08-04,2025,8,Q3,Direct,0,0,0.0
2025-08-04,2025,8,Q3,Referral,0,0,0.0
2025-08-05,2025,8,Q3,Organic Search,0,0,0.0
2025-08-05,2025,8,Q3,Social Media,12449,224,489.82
2025-08-05,2025,8,Q3,Email Campaign,7045,317,189.26
2025-08-05,2025,8,Q3,Paid Ad,23232,279,942.34
2025-08-05,2025,8,Q3,Direct,0,0,0.0
2025-08-05,2025,8,Q3,Referral,0,0,0.0
2025-08-06,2025,8,Q3,Organic Search,0,0,0.0
2025-08-06,2025,8,Q3,Social Media,16187,291,637.2
2025-08-06,2025,8,Q3,Email Campaign,6905,311,185.28
2025-08-06,2025,8,Q3,Paid Ad,22748,273,922.22
2025-08-06,2025,8,Q3,Direct,0,0,0.0
2025-08-06,2025,8,Q3,Referral,0,0,0.0
2025-08-07,2025,8,Q3,Organic Search,0,0,0.0
2025-08-07,2025,8,Q3,Social Media,12799,230,503.46
2025-08-07,2025,8,Q3,Email Campaign,7486,337,200.91
2025-08-07,2025,8,Q3,Paid Ad,23192,278,940.43
2025-08-07,2025,8,Q3,Direct,0,0,0.0
2025-08-07,2025,8,Q3,Referral,0,0,0.0
2025-08-08,2025,8,Q3,Organic Search,0,0,0.0
2025-08-08,2025,8,Q3,Social Media,14117,254,556.27
2025-08-08,2025,8,Q3,Email Campaign,7411,333,198.92
2025-08-08,2025,8,Q3,Paid Ad,23353,280,947.31
2025-08-08,2025,8,Q3,Direct,0,0,0.0
2025-08-08,2025,8,Q3,Referral,0,0,0.0
2025-08-09,2025,8,Q3,Organic Search,0,0,0.0
2025-08-09,2025,8,Q3,Social Media,16133,290,635.13
2025-08-09,2025,8,Q3,Email Campaign,7905,356,212.2
2025-08-09,2025,8,Q3,Paid Ad,29484,354,1195.26
2025-08-09,2025,8,Q3,Direct,0,0,0.0
2025-08-09,2025,8,Q3,Referral,0,0,0.0
2025-08-10,2025,8,Q3,Organic Search,0,0,0.0
2025-08-10,2025,8,Q3,Social Media,16967,305,667.62
2025-08-10,2025,8,Q3,Email Campaign,7776,350,208.74
2025-08-10,2025,8,Q3,Paid Ad,28072,337,1139.07
2025-08-10,2025,8,Q3,Direct,0,0,0.0
2025-08-10,2025,8,Q3,Referral,0,0,0.0
2025-08-11,2025,8,Q3,Organic Search,0,0,0.0
2025-08-11,2025,8,Q3,Social Media,13659,246,537.82
2025-08-11,2025,8,Q3,Email Campaign,6066,273,162.93
2025-08-11,2025,8,Q3,Paid Ad,24805,298,1005.77
2025-08-11,2025,8,Q3,Direct,0,0,0.0
2025-08-11,2025,8,Q3,Referral,0,0,0.0
2025-08-12,2025,8,Q3,Organic Search,0,0,0.0
2025-08-12,2025,8,Q3,Social Media,16214,292,638.24
2025-08-12,2025,8,Q3,Email Campaign,6399,288,171.72
2025-08-12,2025,8,Q3,Paid Ad,22788,273,924.52
2025-08-12,2025,8,Q3,Direct,0,0,0.0
2025-08-12,2025,8,Q3,Referral,0,0,0.0
2025-08-13,2025,8,Q3,Organic Search,0,0,0.0
2025-08-13,2025,8,Q3,Social Media,13095,236,515.71
2025-08-13,2025,8,Q3,Email Campaign,7281,328,195.5
2025-08-13,2025,8,Q3,Paid Ad,25168,302,1020.84
2025-08-13,2025,8,Q3,Direct,0,0,0.0
2025-08-13,2025,8,Q3,Referral,0,0,0.0
2025-08-14,2025,8,Q3,Organic Search,0,0,0.0
2025-08-14,2025,8,Q3,Social Media,13901,250,547.33
2025-08-14,2025,8,Q3,Email Campaign,6378,287,171.2
2025-08-14,2025,8,Q3,Paid Ad,24482,294,992.77
2025-08-14,2025,8,Q3,Direct,0,0,0.0
2025-08-14,2025,8,Q3,Referral,0,0,0.0
2025-08-15,2025,8,Q3,Organic Search,0,0,0.0
2025-08-15,2025,8,Q3,Social Media,12315,222,484.93
2025-08-15,2025,8,Q3,Email Campaign,6959,313,186.91
2025-08-15,2025,8,Q3,Paid Ad,25975,312,1054.21
2025-08-15,2025,8,Q3,Direct,0,0,0.0
2025-08-15,2025,8,Q3,Referral,0,0,0.0
2025-08-16,2025,8,Q3,Organic Search,0,0,0.0
2025-08-16,2025,8,Q3,Social Media,14574,262,573.69
2025-08-16,2025,8,Q3,Email Campaign,6948,313,186.43
2025-08-16,2025,8,Q3,Paid Ad,31460,378,1276.51
2025-08-16,2025,8,Q3,Direct,0,0,0.0
2025-08-16,2025,8,Q3,Referral,0,0,0.0
2025-08-17,2025,8,Q3,Organic Search,0,0,0.0
2025-08-17,2025,8,Q3,Social Media,15407,277,606.3
2025-08-17,2025,8,Q3,Email Campaign,8636,389,231.81
2025-08-17,2025,8,Q3,Paid Ad,27588,331,1119.35
2025-08-17,2025,8,Q3,Direct,0,0,0.0
2025-08-17,2025,8,Q3,Referral,0,0,0.0
2025-08-18,2025,8,Q3,Organic Search,0,0,0.0
2025-08-18,2025,8,Q3,Social Media,13901,250,547.17
2025-08-18,2025,8,Q3,Email Campaign,7120,320,191.28
2025-08-18,2025,8,Q3,Paid Ad,22587,271,915.78
2025-08-18,2025,8,Q3,Direct,0,0,0.0
2025-08-18,2025,8,Q3,Referral,0,0,0.0
2025-08-19,2025,8,Q3,Organic Search,0,0,0.0
2025-08-19,2025,8,Q3,Social Media,14224,256,560.21
2025-08-19,2025,8,Q3,Email Campaign,6669,300,179.15
2025-08-19,2025,8,Q3,Paid Ad,21740,261,881.38
2025-08-19,2025,8,Q3,Direct,0,0,0.0
2025-08-19,2025,8,Q3,Referral,0,0,0.0
2025-08-20,2025,8,Q3,Organic Search,0,0,0.0
2025-08-20,2025,8,Q3,Social Media,14466,260,569.32
2025-08-20,2025,8,Q3,Email Campaign,6744,303,180.9
2025-08-20,2025,8,Q3,Paid Ad,23998,288,973.12
2025-08-20,2025,8,Q3,Direct,0,0,0.0
2025-08-20,2025,8,Q3,Referral,0,0,0.0
2025-08-21,2025,8,Q3,Organic Search,0,0,0.0
2025-08-21,2025,8,Q3,Social Media,12719,229,500.68
2025-08-21,2025,8,Q3,Email Campaign,7755,349,208.3
2025-08-21,2025,8,Q3,Paid Ad,26015,312,1054.61
2025-08-21,2025,8,Q3,Direct,0,0,0.0
2025-08-21,2025,8,Q3,Referral,0,0,0.0
2025-08-22,2025,8,Q3,Organic Search,0,0,0.0
2025-08-22,2025,8,Q3,Social Media,15165,273,597.08
2025-08-22,2025,8,Q3,Email Campaign,6712,302,180.27
2025-08-22,2025,8,Q3,Paid Ad,20933,251,849.16
2025-08-22,2025,8,Q3,Direct,0,0,0.0
2025-08-22,2025,8,Q3,Referral,0,0,0.0
2025-08-23,2025,8,Q3,Organic Search,0,0,0.0
2025-08-23,2025,8,Q3,Social Media,18715,337,737.06
2025-08-23,2025,8,Q3,Email Campaign,7873,354,211.45
2025-08-23,2025,8,Q3,Paid Ad,26257,315,1065.42
2025-08-23,2025,8,Q3,Direct,0,0,0.0
2025-08-23,2025,8,Q3,Referral,0,0,0.0
2025-08-24,2025,8,Q3,Organic Search,0,0,0.0
2025-08-24,2025,8,Q3,Social Media,16725,301,658.72
2025-08-24,2025,8,Q3,Email Campaign,8658,390,232.32
2025-08-24,2025,8,Q3,Paid Ad,27870,334,1131.2
2025-08-24,2025,8,Q3,Direct,0,0,0.0
2025-08-24,2025,8,Q3,Referral,0,0,0.0
2025-08-25,2025,8,Q3,Organic Search,0,0,0.0
2025-08-25,2025,8,Q3,Social Media,15515,279,611.03
2025-08-25,2025,8,Q3,Email Campaign,7475,336,200.79
2025-08-25,2025,8,Q3,Paid Ad,22183,266,900.62
2025-08-25,2025,8,Q3,Direct,0,0,0.0
2025-08-25,2025,8,Q3,Referral,0,0,0.0
2025-08-26,2025,8,Q3,Organic Search,0,0,0.0
2025-08-26,2025,8,Q3,Social Media,13310,240,524.46
2025-08-26,2025,8,Q3,Email Campaign,7411,333,198.92
2025-08-26,2025,8,Q3,Paid Ad,19037,228,771.62
2025-08-26,2025,8,Q3,Direct,0,0,0.0
2025-08-26,2025,8,Q3,Referral,0,0,0.0
2025-08-27,2025,8,Q3,Organic Search,0,0,0.0
2025-08-27,2025,8,Q3,Social Media,13901,250,547.72
2025-08-27,2025,8,Q3,Email Campaign,6098,274,163.61
2025-08-27,2025,8,Q3,Paid Ad,23353,280,947.91
2025-08-27,2025,8,Q3,Direct,0,0,0.0
2025-08-27,2025,8,Q3,Referral,0,0,0.0
2025-08-28,2025,8,Q3,Organic Search,0,0,0.0
2025-08-28,2025,8,Q3,Social Media,13740,247,541.08
2025-08-28,2025,8,Q3,Email Campaign,6690,301,179.47
2025-08-28,2025,8,Q3,Paid Ad,23232,279,941.94
2025-08-28,2025,8,Q3,Direct,0,0,0.0
2025-08-28,2025,8,Q3,Referral,0,0,0.0
2025-08-29,2025,8,Q3,Organic Search,0,0,0.0
2025-08-29,2025,8,Q3,Social Media,12853,231,505.69
2025-08-29,2025,8,Q3,Email Campaign,8142,366,218.64
2025-08-29,2025,8,Q3,Paid Ad,27911,335,1132.71
2025-08-29,2025,8,Q3,Direct,0,0,0.0
2025-08-29,2025,8,Q3,Referral,0,0,0.0
2025-08-30,2025,8,Q3,Organic Search,0,0,0.0
2025-08-30,2025,8,Q3,Social Media,14681,264,578.23
2025-08-30,2025,8,Q3,Email Campaign,8916,401,239.4
2025-08-30,2025,8,Q3,Paid Ad,27064,325,1097.08
2025-08-30,2025,8,Q3,Direct,0,0,0.0
2025-08-30,2025,8,Q3,Referral,0,0,0.0
2025-08-31,2025,8,Q3,Organic Search,0,0,0.0
2025-08-31,2025,8,Q3,Social Media,16349,294,644.08
2025-08-31,2025,8,Q3,Email Campaign,7873,354,211.41
2025-08-31,2025,8,Q3,Paid Ad,26459,318,1073.49
2025-08-31,2025,8,Q3,Direct,0,0,0.0
2025-08-31,2025,8,Q3,Referral,0,0,0.0
2025-09-01,2025,9,Q3,Organic Search,0,0,0.0
2025-09-01,2025,9,Q3,Social Media,15192,273,597.95
2025-09-01,2025,9,Q3,Email Campaign,6948,313,186.63
2025-09-01,2025,9,Q3,Paid Ad,23353,280,947.91
2025-09-01,2025,9,Q3,Direct,0,0,0.0
2025-09-01,2025,9,Q3,Referral,0,0,0.0
2025-09-02,2025,9,Q3,Organic Search,0,0,0.0
2025-09-02,2025,9,Q3,Social Media,12611,227,496.46
2025-09-02,2025,9,Q3,Email Campaign,6389,287,171.56
2025-09-02,2025,9,Q3,Paid Ad,21094,253,856.08
2025-09-02,2025,9,Q3,Direct,0,0,0.0
2025-09-02,2025,9,Q3,Referral,0,0,0.0
2025-09-03,2025,9,Q3,Organic Search,0,0,0.0
2025-09-03,2025,9,Q3,Social Media,14090,254,554.88
2025-09-03,2025,9,Q3,Email Campaign,6228,280,167.1
2025-09-03,2025,9,Q3,Paid Ad,23797,286,964.53
2025-09-03,2025,9,Q3,Direct,0,0,0.0
2025-09-03,2025,9,Q3,Referral,0,0,0.0
2025-09-04,2025,9,Q3,Organic Search,0,0,0.0
2025-09-04,2025,9,Q3,Social Media,15623,281,615.09
2025-09-04,2025,9,Q3,Email Campaign,7540,339,202.5
2025-09-04,2025,9,Q3,Paid Ad,24240,291,982.94
2025-09-04,2025,9,Q3,Direct,0,0,0.0
2025-09-04,2025,9,Q3,Referral,0,0,0.0
2025-09-05,2025,9,Q3,Organic Search,0,0,0.0
2025-09-05,2025,9,Q3,Social Media,13982,252,550.47
2025-09-05,2025,9,Q3,Email Campaign,7916,356,212.56
2025-09-05,2025,9,Q3,Paid Ad,25289,303,1026.53
2025-09-05,2025,9,Q3,Direct,0,0,0.0
2025-09-05,2025,9,Q3,Referral,0,0,0.0
2025-09-06,2025,9,Q3,Organic Search,0,0,0.0
2025-09-06,2025,9,Q3,Social Media,15757,284,620.74
2025-09-06,2025,9,Q3,Email Campaign,7013,316,188.26
2025-09-06,2025,9,Q3,Paid Ad,28838,346,1169.02
2025-09-06,2025,9,Q3,Direct,0,0,0.0
2025-09-06,2025,9,Q3,Referral,0,0,0.0
2025-09-07,2025,9,Q3,Organic Search,0,0,0.0
2025-09-07,2025,9,Q3,Social Media,17263,311,679.75
2025-09-07,2025,9,Q3,Email Campaign,7518,338,201.74
2025-09-07,2025,9,Q3,Paid Ad,28596,343,1159.71
2025-09-07,2025,9,Q3,Direct,0,0,0.0
2025-09-07,2025,9,Q3,Referral,0,0,0.0
2025-09-08,2025,9,Q3,Organic Search,0,0,0.0
2025-09-08,2025,9,Q3,Social Media,13659,246,538.22
2025-09-08,2025,9,Q3,Email Campaign,6787,305,182.06
2025-09-08,2025,9,Q3,Paid Ad,19441,233,789.35
2025-09-08,2025,9,Q3,Direct,0,0,0.0
2025-09-08,2025,9,Q3,Referral,0,0,0.0
2025-09-09,2025,9,Q3,Organic Search,0,0,0.0
2025-09-09,2025,9,Q3,Social Media,13821,249,544.5
2025-09-09,2025,9,Q3,Email Campaign,7421,334,199.08
2025-09-09,2025,9,Q3,Paid Ad,23071,277,935.7
2025-09-09,2025,9,Q3,Direct,0,0,0.0
2025-09-09,2025,9,Q3,Referral,0,0,0.0
2025-09-10,2025,9,Q3,Organic Search,0,0,0.0
2025-09-10,2025,9,Q3,Social Media,14143,255,556.67
2025-09-10,2025,9,Q3,Email Campaign,6464,291,173.59
2025-09-10,2025,9,Q3,Paid Ad,25007,300,1013.88
2025-09-10,2025,9,Q3,Direct,0,0,0.0
2025-09-10,2025,9,Q3,Referral,0,0,0.0
2025-09-11,2025,9,Q3,Organic Search,0,0,0.0
2025-09-11,2025,9,Q3,Social Media,13848,249,544.74
2025-09-11,2025,9,Q3,Email Campaign,6368,287,170.88
2025-09-11,2025,9,Q3,Paid Ad,26902,323,1090.52
2025-09-11,2025,9,Q3,Direct,0,0,0.0
2025-09-11,2025,9,Q3,Referral,0,0,0.0
2025-09-12,2025,9,Q3,Organic Search,0,0,0.0
2025-09-12,2025,9,Q3,Social Media,15139,272,595.52
2025-09-12,2025,9,Q3,Email Campaign,6550,295,175.81
2025-09-12,2025,9,Q3,Paid Ad,25249,303,1024.74
2025-09-12,2025,9,Q3,Direct,0,0,0.0
2025-09-12,2025,9,Q3,Referral,0,0,0.0
2025-09-13,2025,9,Q3,Organic Search,0,0,0.0
2025-09-13,2025,9,Q3,Social Media,16886,304,664.88
2025-09-13,2025,9,Q3,Email Campaign,8325,375,223.42
2025-09-13,2025,9,Q3,Paid Ad,24160,290,979.68
2025-09-13,2025,9,Q3,Direct,0,0,0.0
2025-09-13,2025,9,Q3,Referral,0,0,0.0
2025-09-14,2025,9,Q3,Organic Search,0,0,0.0
2025-09-14,2025,9,Q3,Social Media,17505,315,688.82
2025-09-14,2025,9,Q3,Email Campaign,7550,340,202.82
2025-09-14,2025,9,Q3,Paid Ad,27144,326,1100.86
2025-09-14,2025,9,Q3,Direct,0,0,0.0
2025-09-14,2025,9,Q3,Referral,0,0,0.0
2025-09-15,2025,9,Q3,Organic Search,0,0,0.0
2025-09-15,2025,9,Q3,Social Media,17047,307,671.32
2025-09-15,2025,9,Q3,Email Campaign,7045,317,189.26
2025-09-15,2025,9,Q3,Paid Ad,23555,283,955.03
2025-09-15,2025,9,Q3,Direct,0,0,0.0
2025-09-15,2025,9,Q3,Referral,0,0,0.0
2025-09-16,2025,9,Q3,Organic Search,0,0,0.0
2025-09-16,2025,9,Q3,Social Media,11589,209,456.54
2025-09-16,2025,9,Q3,Email Campaign,7647,344,205.32
2025-09-16,2025,9,Q3,Paid Ad,21699,260,879.43
2025-09-16,2025,9,Q3,Direct,0,0,0.0
2025-09-16,2025,9,Q3,Referral,0,0,0.0
2025-09-17,2025,9,Q3,Organic Search,0,0,0.0
2025-09-17,2025,9,Q3,Social Media,12961,233,509.82
2025-09-17,2025,9,Q3,Email Campaign,6700,302,179.87
2025-09-17,2025,9,Q3,Paid Ad,27064,325,1097.16
2025-09-17,2025,9,Q3,Direct,0,0,0.0
2025-09-17,2025,9,Q3,Referral,0,0,0.0
2025-09-18,2025,9,Q3,Organic Search,0,0,0.0
2025-09-18,2025,9,Q3,Social Media,14950,269,588.64
2025-09-18,2025,9,Q3,Email Campaign,6797,306,182.46
2025-09-18,2025,9,Q3,Paid Ad,24886,299,1009.79
2025-09-18,2025,9,Q3,Direct,0,0,0.0
2025-09-18,2025,9,Q3,Referral,0,0,0.0
2025-09-19,2025,9,Q3,Organic Search,0,0,0.0
2025-09-19,2025,9,Q3,Social Media,13391,241,527.72
2025-09-19,2025,9,Q3,Email Campaign,6959,313,186.83
2025-09-19,2025,9,Q3,Paid Ad,24442,293,991.25
2025-09-19,2025,9,Q3,Direct,0,0,0.0
2025-09-19,2025,9,Q3,Referral,0,0,0.0
2025-09-20,2025,9,Q3,Organic Search,0,0,0.0
2025-09-20,2025,9,Q3,Social Media,17451,314,686.91
2025-09-20,2025,9,Q3,Email Campaign,8529,384,228.94
2025-09-20,2025,9,Q3,Paid Ad,29040,348,1178.08
2025-09-20,2025,9,Q3,Direct,0,0,0.0
2025-09-20,2025,9,Q3,Referral,0,0,0.0
2025-09-21,2025,9,Q3,Organic Search,0,0,0.0
2025-09-21,2025,9,Q3,Social Media,15730,283,618.99
2025-09-21,2025,9,Q3,Email Campaign,8389,378,225.09
2025-09-21,2025,9,Q3,Paid Ad,27749,333,1124.95
2025-09-21,2025,9,Q3,Direct,0,0,0.0
2025-09-21,2025,9,Q3,Referral,0,0,0.0
2025-09-22,2025,9,Q3,Organic Search,0,0,0.0
2025-09-22,2025,9,Q3,Social Media,12853,231,506.36
2025-09-22,2025,9,Q3,Email Campaign,6658,300,178.8
2025-09-22,2025,9,Q3,Paid Ad,24442,293,992.13
2025-09-22,2025,9,Q3,Direct,0,0,0.0
2025-09-22,2025,9,Q3,Referral,0,0,0.0
2025-09-23,2025,9,Q3,Organic Search,0,0,0.0
2025-09-23,2025,9,Q3,Social Media,15111,272,594.69
2025-09-23,2025,9,Q3,Email Campaign,6787,305,182.06
2025-09-23,2025,9,Q3,Paid Ad,21941,263,890.16
2025-09-23,2025,9,Q3,Direct,0,0,0.0
2025-09-23,2025,9,Q3,Referral,0,0,0.0
2025-09-24,2025,9,Q3,Organic Search,0,0,0.0
2025-09-24,2025,9,Q3,Social Media,14143,255,556.87
2025-09-24,2025,9,Q3,Email Campaign,6948,313,186.47
2025-09-24,2025,9,Q3,Paid Ad,24644,296,1000.12
2025-09-24,2025,9,Q3,Direct,0,0,0.0
2025-09-24,2025,9,Q3,Referral,0,0,0.0
2025-09-25,2025,9,Q3,Organic Search,0,0,0.0
2025-09-25,2025,9,Q3,Social Media,15111,272,595.13
2025-09-25,2025,9,Q3,Email Campaign,7443,335,199.83
2025-09-25,2025,9,Q3,Paid Ad,23151,278,938.64
2025-09-25,2025,9,Q3,Direct,0,0,0.0
2025-09-25,2025,9,Q3,Referral,0,0,0.0
2025-09-26,2025,9,Q3,Organic Search,0,0,0.0
2025-09-26,2025,9,Q3,Social Media,13391,241,527.0
2025-09-26,2025,9,Q3,Email Campaign,6313,284,169.41
2025-09-26,2025,9,Q3,Paid Ad,25652,308,1040.57
2025-09-26,2025,9,Q3,Direct,0,0,0.0
2025-09-26,2025,9,Q3,Referral,0,0,0.0
2025-09-27,2025,9,Q3,Organic Search,0,0,0.0
2025-09-27,2025,9,Q3,Social Media,18069,325,711.37
2025-09-27,2025,9,Q3,Email Campaign,7712,347,207.15
2025-09-27,2025,9,Q3,Paid Ad,27386,329,1111.43
2025-09-27,2025,9,Q3,Direct,0,0,0.0
2025-09-27,2025,9,Q3,Referral,0,0,0.0
2025-09-28,2025,9,Q3,Organic Search,0,0,0.0
2025-09-28,2025,9,Q3,Social Media,18096,326,712.28
2025-09-28,2025,9,Q3,Email Campaign,8239,371,221.11
2025-09-28,2025,9,Q3,Paid Ad,28919,347,1172.87
2025-09-28,2025,9,Q3,Direct,0,0,0.0
2025-09-28,2025,9,Q3,Referral,0,0,0.0
2025-09-29,2025,9,Q3,Organic Search,0,0,0.0
2025-09-29,2025,9,Q3,Social Media,12745,229,501.51
2025-09-29,2025,9,Q3,Email Campaign,7260,327,194.82
2025-09-29,2025,9,Q3,Paid Ad,22506,270,912.24
2025-09-29,2025,9,Q3,Direct,0,0,0.0
2025-09-29,2025,9,Q3,Referral,0,0,0.0
2025-09-30,2025,9,Q3,Organic Search,0,0,0.0
2025-09-30,2025,9,Q3,Social Media,12799,230,504.06
2025-09-30,2025,9,Q3,Email Campaign,6690,301,179.67
2025-09-30,2025,9,Q3,Paid Ad,23151,278,939.32
2025-09-30,2025,9,Q3,Direct,0,0,0.0
2025-09-30,2025,9,Q3,Referral,0,0,0.0
2025-10-01,2025,10,Q4,Organic Search,0,0,0.0
2025-10-01,2025,10,Q4,Social Media,13821,249,544.5
2025-10-01,2025,10,Q4,Email Campaign,6088,274,163.49
2025-10-01,2025,10,Q4,Paid Ad,26176,314,1061.05
2025-10-01,2025,10,Q4,Direct,0,0,0.0
2025-10-01,2025,10,Q4,Referral,0,0,0.0
2025-10-02,2025,10,Q4,Organic Search,0,0,0.0
2025-10-02,2025,10,Q4,Social Media,15353,276,604.35
2025-10-02,2025,10,Q4,Email Campaign,5808,261,155.97
2025-10-02,2025,10,Q4,Paid Ad,26217,315,1062.64
2025-10-02,2025,10,Q4,Direct,0,0,0.0
2025-10-02,2025,10,Q4,Referral,0,0,0.0
2025-10-03,2025,10,Q4,Organic Search,0,0,0.0
2025-10-03,2025,10,Q4,Social Media,13175,237,518.41
2025-10-03,2025,10,Q4,Email Campaign,7357,331,197.45
2025-10-03,2025,10,Q4,Paid Ad,24160,290,980.08
2025-10-03,2025,10,Q4,Direct,0,0,0.0
2025-10-03,2025,10,Q4,Referral,0,0,0.0
2025-10-04,2025,10,Q4,Organic Search,0,0,0.0
2025-10-04,2025,10,Q4,Social Media,16241,292,638.95
2025-10-04,2025,10,Q4,Email Campaign,7798,351,209.34
2025-10-04,2025,10,Q4,Paid Ad,30653,368,1243.22
2025-10-04,2025,10,Q4,Direct,0,0,0.0
2025-10-04,2025,10,Q4,Referral,0,0,0.0
2025-10-05,2025,10,Q4,Organic Search,0,0,0.0
2025-10-05,2025,10,Q4,Social Media,14574,262,574.29
2025-10-05,2025,10,Q4,Email Campaign,8304,374,222.82
2025-10-05,2025,10,Q4,Paid Ad,30411,365,1233.16
2025-10-05,2025,10,Q4,Direct,0,0,0.0
2025-10-05,2025,10,Q4,Referral,0,0,0.0
2025-10-06,2025,10,Q4,Organic Search,0,0,0.0
2025-10-06,2025,10,Q4,Social Media,14897,268,586.1
2025-10-06,2025,10,Q4,Email Campaign,8164,367,219.12
2025-10-06,2025,10,Q4,Paid Ad,23272,279,943.77
2025-10-06,2025,10,Q4,Direct,0,0,0.0
2025-10-06,2025,10,Q4,Referral,0,0,0.0
2025-10-07,2025,10,Q4,Organic Search,0,0,0.0
2025-10-07,2025,10,Q4,Social Media,15165,273,596.8
2025-10-07,2025,10,Q4,Email Campaign,6830,307,183.21
2025-10-07,2025,10,Q4,Paid Ad,26701,320,1082.72
2025-10-07,2025,10,Q4,Direct,0,0,0.0
2025-10-07,2025,10,Q4,Referral,0,0,0.0
2025-10-08,2025,10,Q4,Organic Search,0,0,0.0
2025-10-08,2025,10,Q4,Social Media,14063,253,553.97
2025-10-08,2025,10,Q4,Email Campaign,6669,300,179.04
2025-10-08,2025,10,Q4,Paid Ad,26822,322,1088.45
2025-10-08,2025,10,Q4,Direct,0,0,0.0
2025-10-08,2025,10,Q4,Referral,0,0,0.0
2025-10-09,2025,10,Q4,Organic Search,0,0,0.0
2025-10-09,2025,10,Q4,Social Media,13525,243,532.53
2025-10-09,2025,10,Q4,Email Campaign,6109,275,163.88
2025-10-09,2025,10,Q4,Paid Ad,23272,279,944.73
2025-10-09,2025,10,Q4,Direct,0,0,0.0
2025-10-09,2025,10,Q4,Referral,0,0,0.0
2025-10-10,2025,10,Q4,Organic Search,0,0,0.0
2025-10-10,2025,10,Q4,Social Media,14789,266,581.76
2025-10-10,2025,10,Q4,Email Campaign,7647,344,205.36
2025-10-10,2025,10,Q4,Paid Ad,24523,294,994.24
2025-10-10,2025,10,Q4,Direct,0,0,0.0
2025-10-10,2025,10,Q4,Referral,0,0,0.0
2025-10-11,2025,10,Q4,Organic Search,0,0,0.0
2025-10-11,2025,10,Q4,Social Media,17908,322,704.73
2025-10-11,2025,10,Q4,Email Campaign,7056,318,189.41
2025-10-11,2025,10,Q4,Paid Ad,26943,323,1093.1
2025-10-11,2025,10,Q4,Direct,0,0,0.0
2025-10-11,2025,10,Q4,Referral,0,0,0.0
2025-10-12,2025,10,Q4,Organic Search,0,0,0.0
2025-10-12,2025,10,Q4,Social Media,15811,285,622.77
2025-10-12,2025,10,Q4,Email Campaign,7841,353,210.53
2025-10-12,2025,10,Q4,Paid Ad,28112,337,1140.94
2025-10-12,2025,10,Q4,Direct,0,0,0.0
2025-10-12,2025,10,Q4,Referral,0,0,0.0
2025-10-13,2025,10,Q4,Organic Search,0,0,0.0
2025-10-13,2025,10,Q4,Social Media,14869,268,584.99
2025-10-13,2025,10,Q4,Email Campaign,6636,299,178.2
2025-10-13,2025,10,Q4,Paid Ad,24563,295,996.42
2025-10-13,2025,10,Q4,Direct,0,0,0.0
2025-10-13,2025,10,Q4,Referral,0,0,0.0
2025-10-14,2025,10,Q4,Organic Search,0,0,0.0
2025-10-14,2025,10,Q4,Social Media,14036,253,552.34
2025-10-14,2025,10,Q4,Email Campaign,6378,287,171.08
2025-10-14,2025,10,Q4,Paid Ad,24079,289,976.5
2025-10-14,2025,10,Q4,Direct,0,0,0.0
2025-10-14,2025,10,Q4,Referral,0,0,0.0
2025-10-15,2025,10,Q4,Organic Search,0,0,0.0
2025-10-15,2025,10,Q4,Social Media,13929,251,547.96
2025-10-15,2025,10,Q4,Email Campaign,6797,306,182.34
2025-10-15,2025,10,Q4,Paid Ad,24361,292,987.99
2025-10-15,2025,10,Q4,Direct,0,0,0.0
2025-10-15,2025,10,Q4,Referral,0,0,0.0
2025-10-16,2025,10,Q4,Organic Search,0,0,0.0
2025-10-16,2025,10,Q4,Social Media,14171,255,557.67
2025-10-16,2025,10,Q4,Email Campaign,6647,299,178.4
2025-10-16,2025,10,Q4,Paid Ad,26781,321,1085.82
2025-10-16,2025,10,Q4,Direct,0,0,0.0
2025-10-16,2025,10,Q4,Referral,0,0,0.0
2025-10-17,2025,10,Q4,Organic Search,0,0,0.0
2025-10-17,2025,10,Q4,Social Media,12772,230,502.47
2025-10-17,2025,10,Q4,Email Campaign,6486,292,174.1
2025-10-17,2025,10,Q4,Paid Ad,29685,356,1204.65
2025-10-17,2025,10,Q4,Direct,0,0,0.0
2025-10-17,2025,10,Q4,Referral,0,0,0.0
2025-10-18,2025,10,Q4,Organic Search,0,0,0.0
2025-10-18,2025,10,Q4,Social Media,14843,267,584.55
2025-10-18,2025,10,Q4,Email Campaign,7056,318,189.45
2025-10-18,2025,10,Q4,Paid Ad,29564,355,1199.92
2025-10-18,2025,10,Q4,Direct,0,0,0.0
2025-10-18,2025,10,Q4,Referral,0,0,0.0
2025-10-19,2025,10,Q4,Organic Search,0,0,0.0
2025-10-19,2025,10,Q4,Social Media,13498,243,531.54
2025-10-19,2025,10,Q4,Email Campaign,7765,349,208.5
2025-10-19,2025,10,Q4,Paid Ad,32751,393,1327.85
2025-10-19,2025,10,Q4,Direct,0,0,0.0
2025-10-19,2025,10,Q4,Referral,0,0,0.0
2025-10-20,2025,10,Q4,Organic Search,0,0,0.0
2025-10-20,2025,10,Q4,Social Media,12342,222,485.8
2025-10-20,2025,10,Q4,Email Campaign,5797,261,155.49
2025-10-20,2025,10,Q4,Paid Ad,21377,257,867.3
2025-10-20,2025,10,Q4,Direct,0,0,0.0
2025-10-20,2025,10,Q4,Referral,0,0,0.0
2025-10-21,2025,10,Q4,Organic Search,0,0,0.0
2025-10-21,2025,10,Q4,Social Media,15085,272,594.17
2025-10-21,2025,10,Q4,Email Campaign,7507,338,201.42
2025-10-21,2025,10,Q4,Paid Ad,23313,280,945.04
2025-10-21,2025,10,Q4,Direct,0,0,0.0
2025-10-21,2025,10,Q4,Referral,0,0,0.0
2025-10-22,2025,10,Q4,Organic Search,0,0,0.0
2025-10-22,2025,10,Q4,Social Media,14843,267,584.63
2025-10-22,2025,10,Q4,Email Campaign,7647,344,205.32
2025-10-22,2025,10,Q4,Paid Ad,27749,333,1126.39
2025-10-22,2025,10,Q4,Direct,0,0,0.0
2025-10-22,2025,10,Q4,Referral,0,0,0.0
2025-10-23,2025,10,Q4,Organic Search,0,0,0.0
2025-10-23,2025,10,Q4,Social Media,13794,248,543.39
2025-10-23,2025,10,Q4,Email Campaign,5614,253,150.76
2025-10-23,2025,10,Q4,Paid Ad,22708,272,920.79
2025-10-23,2025,10,Q4,Direct,0,0,0.0
2025-10-23,2025,10,Q4,Referral,0,0,0.0
2025-10-24,2025,10,Q4,Organic Search,0,0,0.0
2025-10-24,2025,10,Q4,Social Media,13606,245,535.4
2025-10-24,2025,10,Q4,Email Campaign,6744,303,180.94
2025-10-24,2025,10,Q4,Paid Ad,23918,287,970.69
2025-10-24,2025,10,Q4,Direct,0,0,0.0
2025-10-24,2025,10,Q4,Referral,0,0,0.0
2025-10-25,2025,10,Q4,Organic Search,0,0,0.0
2025-10-25,2025,10,Q4,Social Media,17639,318,694.55
2025-10-25,2025,10,Q4,Email Campaign,8723,393,234.15
2025-10-25,2025,10,Q4,Paid Ad,27548,331,1117.72
2025-10-25,2025,10,Q4,Direct,0,0,0.0
2025-10-25,2025,10,Q4,Referral,0,0,0.0
2025-10-26,2025,10,Q4,Organic Search,0,0,0.0
2025-10-26,2025,10,Q4,Social Media,17612,317,693.51
2025-10-26,2025,10,Q4,Email Campaign,8142,366,218.56
2025-10-26,2025,10,Q4,Paid Ad,28072,337,1139.15
2025-10-26,2025,10,Q4,Direct,0,0,0.0
2025-10-26,2025,10,Q4,Referral,0,0,0.0
2025-10-27,2025,10,Q4,Organic Search,0,0,0.0
2025-10-27,2025,10,Q4,Social Media,15111,272,594.53
2025-10-27,2025,10,Q4,Email Campaign,6927,312,185.84
2025-10-27,2025,10,Q4,Paid Ad,28314,340,1147.7
2025-10-27,2025,10,Q4,Direct,0,0,0.0
2025-10-27,2025,10,Q4,Referral,0,0,0.0
2025-10-28,2025,10,Q4,Organic Search,0,0,0.0
2025-10-28,2025,10,Q4,Social Media,12449,224,490.54
2025-10-28,2025,10,Q4,Email Campaign,6604,297,177.17
2025-10-28,2025,10,Q4,Paid Ad,24039,288,975.51
2025-10-28,2025,10,Q4,Direct,0,0,0.0
2025-10-28,2025,10,Q4,Referral,0,0,0.0
2025-10-29,2025,10,Q4,Organic Search,0,0,0.0
2025-10-29,2025,10,Q4,Social Media,14574,262,573.81
2025-10-29,2025,10,Q4,Email Campaign,7583,341,203.53
2025-10-29,2025,10,Q4,Paid Ad,24240,291,983.54
2025-10-29,2025,10,Q4,Direct,0,0,0.0
2025-10-29,2025,10,Q4,Referral,0,0,0.0
2025-10-30,2025,10,Q4,Organic Search,0,0,0.0
2025-10-30,2025,10,Q4,Social Media,12477,225,491.25
2025-10-30,2025,10,Q4,Email Campaign,7346,331,197.25
2025-10-30,2025,10,Q4,Paid Ad,25773,309,1044.98
2025-10-30,2025,10,Q4,Direct,0,0,0.0
2025-10-30,2025,10,Q4,Referral,0,0,0.0
2025-10-31,2025,10,Q4,Organic Search,0,0,0.0
2025-10-31,2025,10,Q4,Social Media,11885,214,468.23
2025-10-31,2025,10,Q4,Email Campaign,6883,310,184.72
2025-10-31,2025,10,Q4,Paid Ad,21215,255,860.14
2025-10-31,2025,10,Q4,Direct,0,0,0.0
2025-10-31,2025,10,Q4,Referral,0,0,0.0
2025-11-01,2025,11,Q4,Organic Search,0,0,0.0
2025-11-01,2025,11,Q4,Social Media,22237,400,875.17
2025-11-01,2025,11,Q4,Email Campaign,10648,479,285.85
2025-11-01,2025,11,Q4,Paid Ad,43116,517,1749.67
2025-11-01,2025,11,Q4,Direct,0,0,0.0
2025-11-01,2025,11,Q4,Referral,0,0,0.0
2025-11-02,2025,11,Q4,Organic Search,0,0,0.0
2025-11-02,2025,11,Q4,Social Media,23689,426,932.99
2025-11-02,2025,11,Q4,Email Campaign,10293,463,276.43
2025-11-02,2025,11,Q4,Paid Ad,43358,520,1758.97
2025-11-02,2025,11,Q4,Direct,0,0,0.0
2025-11-02,2025,11,Q4,Referral,0,0,0.0
2025-11-03,2025,11,Q4,Organic Search,0,0,0.0
2025-11-03,2025,11,Q4,Social Media,18069,325,711.57
2025-11-03,2025,11,Q4,Email Campaign,10250,461,275.0
2025-11-03,2025,11,Q4,Paid Ad,32952,395,1335.88
2025-11-03,2025,11,Q4,Direct,0,0,0.0
2025-11-03,2025,11,Q4,Referral,0,0,0.0
2025-11-04,2025,11,Q4,Organic Search,0,0,0.0
2025-11-04,2025,11,Q4,Social Media,19817,357,780.25
2025-11-04,2025,11,Q4,Email Campaign,10379,467,278.73
2025-11-04,2025,11,Q4,Paid Ad,36703,440,1488.55
2025-11-04,2025,11,Q4,Direct,0,0,0.0
2025-11-04,2025,11,Q4,Referral,0,0,0.0
2025-11-05,2025,11,Q4,Organic Search,0,0,0.0
2025-11-05,2025,11,Q4,Social Media,22587,407,889.77
2025-11-05,2025,11,Q4,Email Campaign,9917,446,266.17
2025-11-05,2025,11,Q4,Paid Ad,36098,433,1463.98
2025-11-05,2025,11,Q4,Direct,0,0,0.0
2025-11-05,2025,11,Q4,Referral,0,0,0.0
2025-11-06,2025,11,Q4,Organic Search,0,0,0.0
2025-11-06,2025,11,Q4,Social Media,19709,355,775.63
2025-11-06,2025,11,Q4,Email Campaign,10132,456,271.85
2025-11-06,2025,11,Q4,Paid Ad,36461,438,1479.17
2025-11-06,2025,11,Q4,Direct,0,0,0.0
2025-11-06,2025,11,Q4,Referral,0,0,0.0
2025-11-07,2025,11,Q4,Organic Search,0,0,0.0
2025-11-07,2025,11,Q4,Social Media,20247,364,797.47
2025-11-07,2025,11,Q4,Email Campaign,8540,384,229.26
2025-11-07,2025,11,Q4,Paid Ad,36179,434,1466.84
2025-11-07,2025,11,Q4,Direct,0,0,0.0
2025-11-07,2025,11,Q4,Referral,0,0,0.0
2025-11-08,2025,11,Q4,Organic Search,0,0,0.0
2025-11-08,2025,11,Q4,Social Media,24173,435,951.33
2025-11-08,2025,11,Q4,Email Campaign,10852,488,291.34
2025-11-08,2025,11,Q4,Paid Ad,36340,436,1474.44
2025-11-08,2025,11,Q4,Direct,0,0,0.0
2025-11-08,2025,11,Q4,Referral,0,0,0.0
2025-11-09,2025,11,Q4,Organic Search,0,0,0.0
2025-11-09,2025,11,Q4,Social Media,26243,472,1033.49
2025-11-09,2025,11,Q4,Email Campaign,11928,537,320.21
2025-11-09,2025,11,Q4,Paid Ad,39769,477,1613.19
2025-11-09,2025,11,Q4,Direct,0,0,0.0
2025-11-09,2025,11,Q4,Referral,0,0,0.0
2025-11-10,2025,11,Q4,Organic Search,0,0,0.0
2025-11-10,2025,11,Q4,Social Media,18553,334,730.66
2025-11-10,2025,11,Q4,Email Campaign,9325,420,250.3
2025-11-10,2025,11,Q4,Paid Ad,38881,467,1577.83
2025-11-10,2025,11,Q4,Direct,0,0,0.0
2025-11-10,2025,11,Q4,Referral,0,0,0.0
2025-11-11,2025,11,Q4,Organic Search,0,0,0.0
2025-11-11,2025,11,Q4,Social Media,20651,372,812.62
2025-11-11,2025,11,Q4,Email Campaign,9540,429,256.15
2025-11-11,2025,11,Q4,Paid Ad,36663,440,1487.2
2025-11-11,2025,11,Q4,Direct,0,0,0.0
2025-11-11,2025,11,Q4,Referral,0,0,0.0
2025-11-12,2025,11,Q4,Organic Search,0,0,0.0
2025-11-12,2025,11,Q4,Social Media,19091,344,751.41
2025-11-12,2025,11,Q4,Email Campaign,11175,503,300.09
2025-11-12,2025,11,Q4,Paid Ad,39043,469,1583.6
2025-11-12,2025,11,Q4,Direct,0,0,0.0
2025-11-12,2025,11,Q4,Referral,0,0,0.0
2025-11-13,2025,11,Q4,Organic Search,0,0,0.0
2025-11-13,2025,11,Q4,Social Media,19656,354,773.76
2025-11-13,2025,11,Q4,Email Campaign,9476,426,254.44
2025-11-13,2025,11,Q4,Paid Ad,27830,334,1129.65
2025-11-13,2025,11,Q4,Direct,0,0,0.0
2025-11-13,2025,11,Q4,Referral,0,0,0.0
2025-11-14,2025,11,Q4,Organic Search,0,0,0.0
2025-11-14,2025,11,Q4,Social Media,17989,324,708.51
2025-11-14,2025,11,Q4,Email Campaign,8916,401,239.2
2025-11-14,2025,11,Q4,Paid Ad,35614,427,1444.41
2025-11-14,2025,11,Q4,Direct,0,0,0.0
2025-11-14,2025,11,Q4,Referral,0,0,0.0
2025-11-15,2025,11,Q4,Organic Search,0,0,0.0
2025-11-15,2025,11,Q4,Social Media,22855,411,900.23
2025-11-15,2025,11,Q4,Email Campaign,10240,461,274.96
2025-11-15,2025,11,Q4,Paid Ad,39607,475,1606.35
2025-11-15,2025,11,Q4,Direct,0,0,0.0
2025-11-15,2025,11,Q4,Referral,0,0,0.0
2025-11-16,2025,11,Q4,Organic Search,0,0,0.0
2025-11-16,2025,11,Q4,Social Media,24415,439,961.71
2025-11-16,2025,11,Q4,Email Campaign,11960,538,321.13
2025-11-16,2025,11,Q4,Paid Ad,34364,412,1393.55
2025-11-16,2025,11,Q4,Direct,0,0,0.0
2025-11-16,2025,11,Q4,Referral,0,0,0.0
2025-11-17,2025,11,Q4,Organic Search,0,0,0.0
2025-11-17,2025,11,Q4,Social Media,20193,363,795.52
2025-11-17,2025,11,Q4,Email Campaign,8873,399,238.29
2025-11-17,2025,11,Q4,Paid Ad,37752,453,1532.02
2025-11-17,2025,11,Q4,Direct,0,0,0.0
2025-11-17,2025,11,Q4,Referral,0,0,0.0
2025-11-18,2025,11,Q4,Organic Search,0,0,0.0
2025-11-18,2025,11,Q4,Social Media,21699,391,854.21
2025-11-18,2025,11,Q4,Email Campaign,9260,417,248.67
2025-11-18,2025,11,Q4,Paid Ad,33073,397,1341.37
2025-11-18,2025,11,Q4,Direct,0,0,0.0
2025-11-18,2025,11,Q4,Referral,0,0,0.0
2025-11-19,2025,11,Q4,Organic Search,0,0,0.0
2025-11-19,2025,11,Q4,Social Media,19656,354,774.12
2025-11-19,2025,11,Q4,Email Campaign,8185,368,219.64
2025-11-19,2025,11,Q4,Paid Ad,36179,434,1467.36
2025-11-19,2025,11,Q4,Direct,0,0,0.0
2025-11-19,2025,11,Q4,Referral,0,0,0.0
2025-11-20,2025,11,Q4,Organic Search,0,0,0.0
2025-11-20,2025,11,Q4,Social Media,19979,360,786.21
2025-11-20,2025,11,Q4,Email Campaign,10755,484,288.72
2025-11-20,2025,11,Q4,Paid Ad,32146,386,1303.39
2025-11-20,2025,11,Q4,Direct,0,0,0.0
2025-11-20,2025,11,Q4,Referral,0,0,0.0
2025-11-21,2025,11,Q4,Organic Search,0,0,0.0
2025-11-21,2025,11,Q4,Social Media,19414,349,763.98
2025-11-21,2025,11,Q4,Email Campaign,8776,395,235.62
2025-11-21,2025,11,Q4,Paid Ad,32388,389,1314.13
2025-11-21,2025,11,Q4,Direct,0,0,0.0
2025-11-21,2025,11,Q4,Referral,0,0,0.0
2025-11-22,2025,11,Q4,Organic Search,0,0,0.0
2025-11-22,2025,11,Q4,Social Media,21269,383,836.96
2025-11-22,2025,11,Q4,Email Campaign,12390,558,332.66
2025-11-22,2025,11,Q4,Paid Ad,38236,459,1551.51
2025-11-22,2025,11,Q4,Direct,0,0,0.0
2025-11-22,2025,11,Q4,Referral,0,0,0.0
2025-11-23,2025,11,Q4,Organic Search,0,0,0.0
2025-11-23,2025,11,Q4,Social Media,23716,427,933.51
2025-11-23,2025,11,Q4,Email Campaign,11132,501,298.74
2025-11-23,2025,11,Q4,Paid Ad,36381,437,1476.38
2025-11-23,2025,11,Q4,Direct,0,0,0.0
2025-11-23,2025,11,Q4,Referral,0,0,0.0
2025-11-24,2025,11,Q4,Organic Search,0,0,0.0
2025-11-24,2025,11,Q4,Social Media,20140,363,792.97
2025-11-24,2025,11,Q4,Email Campaign,10454,470,280.76
2025-11-24,2025,11,Q4,Paid Ad,31823,382,1290.87
2025-11-24,2025,11,Q4,Direct,0,0,0.0
2025-11-24,2025,11,Q4,Referral,0,0,0.0
2025-11-25,2025,11,Q4,Organic Search,0,0,0.0
2025-11-25,2025,11,Q4,Social Media,21726,391,855.81
2025-11-25,2025,11,Q4,Email Campaign,9303,419,249.7
2025-11-25,2025,11,Q4,Paid Ad,33880,407,1373.74
2025-11-25,2025,11,Q4,Direct,0,0,0.0
2025-11-25,2025,11,Q4,Referral,0,0,0.0
2025-11-26,2025,11,Q4,Organic Search,0,0,0.0
2025-11-26,2025,11,Q4,Social Media,21296,383,837.91
2025-11-26,2025,11,Q4,Email Campaign,9454,425,253.72
2025-11-26,2025,11,Q4,Paid Ad,35332,424,1433.24
2025-11-26,2025,11,Q4,Direct,0,0,0.0
2025-11-26,2025,11,Q4,Referral,0,0,0.0
2025-11-27,2025,11,Q4,Organic Search,0,0,0.0
2025-11-27,2025,11,Q4,Social Media,19898,358,783.55
2025-11-27,2025,11,Q4,Email Campaign,10088,454,270.7
2025-11-27,2025,11,Q4,Paid Ad,28516,342,1156.77
2025-11-27,2025,11,Q4,Direct,0,0,0.0
2025-11-27,2025,11,Q4,Referral,0,0,0.0
2025-11-28,2025,11,Q4,Organic Search,0,0,0.0
2025-11-28,2025,11,Q4,Social Media,17424,314,686.12
2025-11-28,2025,11,Q4,Email Campaign,10476,471,281.12
2025-11-28,2025,11,Q4,Paid Ad,38155,458,1547.53
2025-11-28,2025,11,Q4,Direct,0,0,0.0
2025-11-28,2025,11,Q4,Referral,0,0,0.0
2025-11-29,2025,11,Q4,Organic Search,0,0,0.0
2025-11-29,2025,11,Q4,Social Media,21780,392,857.04
2025-11-29,2025,11,Q4,Email Campaign,11250,506,302.08
2025-11-29,2025,11,Q4,Paid Ad,41463,498,1682.02
2025-11-29,2025,11,Q4,Direct,0,0,0.0
2025-11-29,2025,11,Q4,Referral,0,0,0.0
2025-11-30,2025,11,Q4,Organic Search,0,0,0.0
2025-11-30,2025,11,Q4,Social Media,24791,446,975.63
2025-11-30,2025,11,Q4,Email Campaign,9616,433,258.13
2025-11-30,2025,11,Q4,Paid Ad,37631,452,1526.81
2025-11-30,2025,11,Q4,Direct,0,0,0.0
2025-11-30,2025,11,Q4,Referral,0,0,0.0
2025-12-01,2025,12,Q4,Organic Search,0,0,0.0
2025-12-01,2025,12,Q4,Social Media,19871,358,782.39
2025-12-01,2025,12,Q4,Email Campaign,10541,474,282.99
2025-12-01,2025,12,Q4,Paid Ad,42269,507,1714.55
2025-12-01,2025,12,Q4,Direct,0,0,0.0
2025-12-01,2025,12,Q4,Referral,0,0,0.0
2025-12-02,2025,12,Q4,Organic Search,0,0,0.0
2025-12-02,2025,12,Q4,Social Media,20032,361,789.11
2025-12-02,2025,12,Q4,Email Campaign,8863,399,237.77
2025-12-02,2025,12,Q4,Paid Ad,36381,437,1474.91
2025-12-02,2025,12,Q4,Direct,0,0,0.0
2025-12-02,2025,12,Q4,Referral,0,0,0.0
2025-12-03,2025,12,Q4,Organic Search,0,0,0.0
2025-12-03,2025,12,Q4,Social Media,22587,407,888.73
2025-12-03,2025,12,Q4,Email Campaign,10067,453,270.22
2025-12-03,2025,12,Q4,Paid Ad,32670,392,1325.31
2025-12-03,2025,12,Q4,Direct,0,0,0.0
2025-12-03,2025,12,Q4,Referral,0,0,0.0
2025-12-04,2025,12,Q4,Organic Search,0,0,0.0
2025-12-04,2025,12,Q4,Social Media,21968,395,865.39
2025-12-04,2025,12,Q4,Email Campaign,10508,473,282.15
2025-12-04,2025,12,Q4,Paid Ad,32347,388,1311.66
2025-12-04,2025,12,Q4,Direct,0,0,0.0
2025-12-04,2025,12,Q4,Referral,0,0,0.0
2025-12-05,2025,12,Q4,Organic Search,0,0,0.0
2025-12-05,2025,12,Q4,Social Media,21027,378,828.29
2025-12-05,2025,12,Q4,Email Campaign,10777,485,289.31
2025-12-05,2025,12,Q4,Paid Ad,38559,463,1564.03
2025-12-05,2025,12,Q4,Direct,0,0,0.0
2025-12-05,2025,12,Q4,Referral,0,0,0.0
2025-12-06,2025,12,Q4,Organic Search,0,0,0.0
2025-12-06,2025,12,Q4,Social Media,23367,421,919.43
2025-12-06,2025,12,Q4,Email Campaign,11153,502,299.29
2025-12-06,2025,12,Q4,Paid Ad,44488,534,1804.63
2025-12-06,2025,12,Q4,Direct,0,0,0.0
2025-12-06,2025,12,Q4,Referral,0,0,0.0
2025-12-07,2025,12,Q4,Organic Search,0,0,0.0
2025-12-07,2025,12,Q4,Social Media,21215,382,834.89
2025-12-07,2025,12,Q4,Email Campaign,11885,535,318.94
2025-12-07,2025,12,Q4,Paid Ad,36058,433,1463.18
2025-12-07,2025,12,Q4,Direct,0,0,0.0
2025-12-07,2025,12,Q4,Referral,0,0,0.0
2025-12-08,2025,12,Q4,Organic Search,0,0,0.0
2025-12-08,2025,12,Q4,Social Media,22157,399,872.27
2025-12-08,2025,12,Q4,Email Campaign,9777,440,262.39
2025-12-08,2025,12,Q4,Paid Ad,38801,466,1573.97
2025-12-08,2025,12,Q4,Direct,0,0,0.0
2025-12-08,2025,12,Q4,Referral,0,0,0.0
2025-12-09,2025,12,Q4,Organic Search,0,0,0.0
2025-12-09,2025,12,Q4,Social Media,21215,382,835.4
2025-12-09,2025,12,Q4,Email Campaign,9002,405,241.71
2025-12-09,2025,12,Q4,Paid Ad,39244,471,1591.79
2025-12-09,2025,12,Q4,Direct,0,0,0.0
2025-12-09,2025,12,Q4,Referral,0,0,0.0
2025-12-10,2025,12,Q4,Organic Search,0,0,0.0
2025-12-10,2025,12,Q4,Social Media,22936,413,903.53
2025-12-10,2025,12,Q4,Email Campaign,10691,481,286.85
2025-12-10,2025,12,Q4,Paid Ad,33073,397,1341.89
2025-12-10,2025,12,Q4,Direct,0,0,0.0
2025-12-10,2025,12,Q4,Referral,0,0,0.0
2025-12-11,2025,12,Q4,Organic Search,0,0,0.0
2025-12-11,2025,12,Q4,Social Media,19925,359,784.1
2025-12-11,2025,12,Q4,Email Campaign,10100,454,271.06
2025-12-11,2025,12,Q4,Paid Ad,33235,399,1348.53
2025-12-11,2025,12,Q4,Direct,0,0,0.0
2025-12-11,2025,12,Q4,Referral,0,0,0.0
2025-12-12,2025,12,Q4,Organic Search,0,0,0.0
2025-12-12,2025,12,Q4,Social Media,23178,417,912.59
2025-12-12,2025,12,Q4,Email Campaign,10100,454,271.02
2025-12-12,2025,12,Q4,Paid Ad,27628,332,1119.9
2025-12-12,2025,12,Q4,Direct,0,0,0.0
2025-12-12,2025,12,Q4,Referral,0,0,0.0
2025-12-13,2025,12,Q4,Organic Search,0,0,0.0
2025-12-13,2025,12,Q4,Social Media,24119,434,949.46
2025-12-13,2025,12,Q4,Email Campaign,11153,502,299.53
2025-12-13,2025,12,Q4,Paid Ad,40253,483,1633.43
2025-12-13,2025,12,Q4,Direct,0,0,0.0
2025-12-13,2025,12,Q4,Referral,0,0,0.0
2025-12-14,2025,12,Q4,Organic Search,0,0,0.0
2025-12-14,2025,12,Q4,Social Media,22775,410,897.08
2025-12-14,2025,12,Q4,Email Campaign,12218,550,328.01
2025-12-14,2025,12,Q4,Paid Ad,44125,529,1790.51
2025-12-14,2025,12,Q4,Direct,0,0,0.0
2025-12-14,2025,12,Q4,Referral,0,0,0.0
2025-12-15,2025,12,Q4,Organic Search,0,0,0.0
2025-12-15,2025,12,Q4,Social Media,20866,376,822.0
2025-12-15,2025,12,Q4,Email Campaign,9712,437,260.64
2025-12-15,2025,12,Q4,Paid Ad,35130,422,1424.21
2025-12-15,2025,12,Q4,Direct,0,0,0.0
2025-12-15,2025,12,Q4,Referral,0,0,0.0
2025-12-16,2025,12,Q4,Organic Search,0,0,0.0
2025-12-16,2025,12,Q4,Social Media,20435,368,805.02
2025-12-16,2025,12,Q4,Email Campaign,9336,420,250.74
2025-12-16,2025,12,Q4,Paid Ad,36865,442,1495.11
2025-12-16,2025,12,Q4,Direct,0,0,0.0
2025-12-16,2025,12,Q4,Referral,0,0,0.0
2025-12-17,2025,12,Q4,Organic Search,0,0,0.0
2025-12-17,2025,12,Q4,Social Media,21161,381,833.38
2025-12-17,2025,12,Q4,Email Campaign,11208,504,300.92
2025-12-17,2025,12,Q4,Paid Ad,38760,465,1572.46
2025-12-17,2025,12,Q4,Direct,0,0,0.0
2025-12-17,2025,12,Q4,Referral,0,0,0.0
2025-12-18,2025,12,Q4,Organic Search,0,0,0.0
2025-12-18,2025,12,Q4,Social Media,19306,348,759.69
2025-12-18,2025,12,Q4,Email Campaign,10637,479,285.49
2025-12-18,2025,12,Q4,Paid Ad,32549,391,1320.25
2025-12-18,2025,12,Q4,Direct,0,0,0.0
2025-12-18,2025,12,Q4,Referral,0,0,0.0
2025-12-19,2025,12,Q4,Organic Search,0,0,0.0
2025-12-19,2025,12,Q4,Social Media,21565,388,848.53
2025-12-19,2025,12,Q4,Email Campaign,9573,431,256.86
2025-12-19,2025,12,Q4,Paid Ad,32347,388,1311.98
2025-12-19,2025,12,Q4,Direct,0,0,0.0
2025-12-19,2025,12,Q4,Referral,0,0,0.0
2025-12-20,2025,12,Q4,Organic Search,0,0,0.0
2025-12-20,2025,12,Q4,Social Media,24012,432,945.04
2025-12-20,2025,12,Q4,Email Campaign,9024,406,242.19
2025-12-20,2025,12,Q4,Paid Ad,34848,418,1413.11
2025-12-20,2025,12,Q4,Direct,0,0,0.0
2025-12-20,2025,12,Q4,Referral,0,0,0.0
2025-12-21,2025,12,Q4,Organic Search,0,0,0.0
2025-12-21,2025,12,Q4,Social Media,23151,417,911.24
2025-12-21,2025,12,Q4,Email Campaign,11552,520,310.15
2025-12-21,2025,12,Q4,Paid Ad,39325,472,1594.73
2025-12-21,2025,12,Q4,Direct,0,0,0.0
2025-12-21,2025,12,Q4,Referral,0,0,0.0
2025-12-22,2025,12,Q4,Organic Search,0,0,0.0
2025-12-22,2025,12,Q4,Social Media,17827,321,702.22
2025-12-22,2025,12,Q4,Email Campaign,9325,420,250.38
2025-12-22,2025,12,Q4,Paid Ad,36340,436,1473.64
2025-12-22,2025,12,Q4,Direct,0,0,0.0
2025-12-22,2025,12,Q4,Referral,0,0,0.0
2025-12-23,2025,12,Q4,Organic Search,0,0,0.0
2025-12-23,2025,12,Q4,Social Media,21377,385,841.21
2025-12-23,2025,12,Q4,Email Campaign,9970,449,267.6
2025-12-23,2025,12,Q4,Paid Ad,38478,462,1561.21
2025-12-23,2025,12,Q4,Direct,0,0,0.0
2025-12-23,2025,12,Q4,Referral,0,0,0.0
2025-12-24,2025,12,Q4,Organic Search,0,0,0.0
2025-12-24,2025,12,Q4,Social Media,21054,379,829.36
2025-12-24,2025,12,Q4,Email Campaign,9390,423,251.93
2025-12-24,2025,12,Q4,Paid Ad,34445,413,1396.89
2025-12-24,2025,12,Q4,Direct,0,0,0.0
2025-12-24,2025,12,Q4,Referral,0,0,0.0
2025-12-25,2025,12,Q4,Organic Search,0,0,0.0
2025-12-25,2025,12,Q4,Social Media,18123,326,713.56
2025-12-25,2025,12,Q4,Email Campaign,9895,445,265.61
2025-12-25,2025,12,Q4,Paid Ad,38357,460,1556.08
2025-12-25,2025,12,Q4,Direct,0,0,0.0
2025-12-25,2025,12,Q4,Referral,0,0,0.0
2025-12-26,2025,12,Q4,Organic Search,0,0,0.0
2025-12-26,2025,12,Q4,Social Media,21538,388,847.85
2025-12-26,2025,12,Q4,Email Campaign,11100,499,297.98
2025-12-26,2025,12,Q4,Paid Ad,34364,412,1394.3
2025-12-26,2025,12,Q4,Direct,0,0,0.0
2025-12-26,2025,12,Q4,Referral,0,0,0.0
2025-12-27,2025,12,Q4,Organic Search,0,0,0.0
2025-12-27,2025,12,Q4,Social Media,26001,468,1023.9
2025-12-27,2025,12,Q4,Email Campaign,11304,509,303.35
2025-12-27,2025,12,Q4,Paid Ad,45294,544,1836.76
2025-12-27,2025,12,Q4,Direct,0,0,0.0
2025-12-27,2025,12,Q4,Referral,0,0,0.0
2025-12-28,2025,12,Q4,Organic Search,0,0,0.0
2025-12-28,2025,12,Q4,Social Media,23447,422,922.73
2025-12-28,2025,12,Q4,Email Campaign,12132,546,325.54
2025-12-28,2025,12,Q4,Paid Ad,45294,544,1837.2
2025-12-28,2025,12,Q4,Direct,0,0,0.0
2025-12-28,2025,12,Q4,Referral,0,0,0.0
2025-12-29,2025,12,Q4,Organic Search,0,0,0.0
2025-12-29,2025,12,Q4,Social Media,20113,362,791.34
2025-12-29,2025,12,Q4,Email Campaign,10153,457,272.61
2025-12-29,2025,12,Q4,Paid Ad,38841,466,1576.28
2025-12-29,2025,12,Q4,Direct,0,0,0.0
2025-12-29,2025,12,Q4,Referral,0,0,0.0
2025-12-30,2025,12,Q4,Organic Search,0,0,0.0
2025-12-30,2025,12,Q4,Social Media,20193,363,795.24
2025-12-30,2025,12,Q4,Email Campaign,8927,402,239.6
2025-12-30,2025,12,Q4,Paid Ad,41261,495,1673.95
2025-12-30,2025,12,Q4,Direct,0,0,0.0
2025-12-30,2025,12,Q4,Referral,0,0,0.0
2025-12-31,2025,12,Q4,Organic Search,0,0,0.0
2025-12-31,2025,12,Q4,Social Media,19656,354,773.57
2025-12-31,2025,12,Q4,Email Campaign,10110,455,271.34
2025-12-31,2025,12,Q4,Paid Ad,38478,462,1561.09
2025-12-31,2025,12,Q4,Direct,0,0,0.0
2025-12-31,2025,12,Q4,Referral,0,0,0.0
2026-01-01,2026,1,Q1,Organic Search,0,0,0.0
2026-01-01,2026,1,Q1,Social Media,12235,220,481.87
2026-01-01,2026,1,Q1,Email Campaign,5787,260,155.21
2026-01-01,2026,1,Q1,Paid Ad,22667,272,918.76
2026-01-01,2026,1,Q1,Direct,0,0,0.0
2026-01-01,2026,1,Q1,Referral,0,0,0.0
2026-01-02,2026,1,Q1,Organic Search,0,0,0.0
2026-01-02,2026,1,Q1,Social Media,11025,198,433.87
2026-01-02,2026,1,Q1,Email Campaign,6141,276,164.96
2026-01-02,2026,1,Q1,Paid Ad,22627,272,918.12
2026-01-02,2026,1,Q1,Direct,0,0,0.0
2026-01-02,2026,1,Q1,Referral,0,0,0.0
2026-01-03,2026,1,Q1,Organic Search,0,0,0.0
2026-01-03,2026,1,Q1,Social Media,14466,260,569.91
2026-01-03,2026,1,Q1,Email Campaign,6335,285,170.21
2026-01-03,2026,1,Q1,Paid Ad,28798,346,1167.63
2026-01-03,2026,1,Q1,Direct,0,0,0.0
2026-01-03,2026,1,Q1,Referral,0,0,0.0
2026-01-04,2026,1,Q1,Organic Search,0,0,0.0
2026-01-04,2026,1,Q1,Social Media,14923,269,587.33
2026-01-04,2026,1,Q1,Email Campaign,8067,363,216.42
2026-01-04,2026,1,Q1,Paid Ad,25007,300,1014.0
2026-01-04,2026,1,Q1,Direct,0,0,0.0
2026-01-04,2026,1,Q1,Referral,0,0,0.0
2026-01-05,2026,1,Q1,Organic Search,0,0,0.0
2026-01-05,2026,1,Q1,Social Media,11965,215,470.85
2026-01-05,2026,1,Q1,Email Campaign,6421,289,172.47
2026-01-05,2026,1,Q1,Paid Ad,21820,262,884.92
2026-01-05,2026,1,Q1,Direct,0,0,0.0
2026-01-05,2026,1,Q1,Referral,0,0,0.0
2026-01-06,2026,1,Q1,Organic Search,0,0,0.0
2026-01-06,2026,1,Q1,Social Media,11643,210,458.8
2026-01-06,2026,1,Q1,Email Campaign,7034,317,188.7
2026-01-06,2026,1,Q1,Paid Ad,21094,253,855.65
2026-01-06,2026,1,Q1,Direct,0,0,0.0
2026-01-06,2026,1,Q1,Referral,0,0,0.0
2026-01-07,2026,1,Q1,Organic Search,0,0,0.0
2026-01-07,2026,1,Q1,Social Media,10971,197,431.96
2026-01-07,2026,1,Q1,Email Campaign,6959,313,186.79
2026-01-07,2026,1,Q1,Paid Ad,21296,256,864.16
2026-01-07,2026,1,Q1,Direct,0,0,0.0
2026-01-07,2026,1,Q1,Referral,0,0,0.0
2026-01-08,2026,1,Q1,Organic Search,0,0,0.0
2026-01-08,2026,1,Q1,Social Media,12235,220,481.87
2026-01-08,2026,1,Q1,Email Campaign,5400,243,144.99
2026-01-08,2026,1,Q1,Paid Ad,25289,303,1025.89
2026-01-08,2026,1,Q1,Direct,0,0,0.0
2026-01-08,2026,1,Q1,Referral,0,0,0.0
2026-01-09,2026,1,Q1,Organic Search,0,0,0.0
2026-01-09,2026,1,Q1,Social Media,11535,208,454.27
2026-01-09,2026,1,Q1,Email Campaign,6324,285,169.61
2026-01-09,2026,1,Q1,Paid Ad,23837,286,966.24
2026-01-09,2026,1,Q1,Direct,0,0,0.0
2026-01-09,2026,1,Q1,Referral,0,0,0.0
2026-01-10,2026,1,Q1,Organic Search,0,0,0.0
2026-01-10,2026,1,Q1,Social Media,15300,275,602.13
2026-01-10,2026,1,Q1,Email Campaign,7196,324,193.23
2026-01-10,2026,1,Q1,Paid Ad,22062,265,894.58
2026-01-10,2026,1,Q1,Direct,0,0,0.0
2026-01-10,2026,1,Q1,Referral,0,0,0.0
2026-01-11,2026,1,Q1,Organic Search,0,0,0.0
2026-01-11,2026,1,Q1,Social Media,13848,249,544.78
2026-01-11,2026,1,Q1,Email Campaign,7346,331,197.09
2026-01-11,2026,1,Q1,Paid Ad,23918,287,970.34
2026-01-11,2026,1,Q1,Direct,0,0,0.0
2026-01-11,2026,1,Q1,Referral,0,0,0.0
2026-01-12,2026,1,Q1,Organic Search,0,0,0.0
2026-01-12,2026,1,Q1,Social Media,13068,235,514.76
2026-01-12,2026,1,Q1,Email Campaign,6636,299,178.04
2026-01-12,2026,1,Q1,Paid Ad,23918,287,969.82
2026-01-12,2026,1,Q1,Direct,0,0,0.0
2026-01-12,2026,1,Q1,Referral,0,0,0.0
2026-01-13,2026,1,Q1,Organic Search,0,0,0.0
2026-01-13,2026,1,Q1,Social Media,11616,209,456.85
2026-01-13,2026,1,Q1,Email Campaign,7400,333,198.52
2026-01-13,2026,1,Q1,Paid Ad,23555,283,955.78
2026-01-13,2026,1,Q1,Direct,0,0,0.0
2026-01-13,2026,1,Q1,Referral,0,0,0.0
2026-01-14,2026,1,Q1,Organic Search,0,0,0.0
2026-01-14,2026,1,Q1,Social Media,12853,231,506.44
2026-01-14,2026,1,Q1,Email Campaign,6840,308,183.57
2026-01-14,2026,1,Q1,Paid Ad,26418,317,1070.87
2026-01-14,2026,1,Q1,Direct,0,0,0.0
2026-01-14,2026,1,Q1,Referral,0,0,0.0
2026-01-15,2026,1,Q1,Organic Search,0,0,0.0
2026-01-15,2026,1,Q1,Social Media,11374,205,448.22
2026-01-15,2026,1,Q1,Email Campaign,6174,278,165.79
2026-01-15,2026,1,Q1,Paid Ad,17989,216,729.14
2026-01-15,2026,1,Q1,Direct,0,0,0.0
2026-01-15,2026,1,Q1,Referral,0,0,0.0
2026-01-16,2026,1,Q1,Organic Search,0,0,0.0
2026-01-16,2026,1,Q1,Social Media,13068,235,514.32
2026-01-16,2026,1,Q1,Email Campaign,6475,291,173.79
2026-01-16,2026,1,Q1,Paid Ad,22143,266,897.64
2026-01-16,2026,1,Q1,Direct,0,0,0.0
2026-01-16,2026,1,Q1,Referral,0,0,0.0
2026-01-17,2026,1,Q1,Organic Search,0,0,0.0
2026-01-17,2026,1,Q1,Social Media,14009,252,552.02
2026-01-17,2026,1,Q1,Email Campaign,6045,272,162.33
2026-01-17,2026,1,Q1,Paid Ad,26297,316,1066.5
2026-01-17,2026,1,Q1,Direct,0,0,0.0
2026-01-17,2026,1,Q1,Referral,0,0,0.0
2026-01-18,2026,1,Q1,Organic Search,0,0,0.0
2026-01-18,2026,1,Q1,Social Media,16510,297,650.32
2026-01-18,2026,1,Q1,Email Campaign,6894,310,185.0
2026-01-18,2026,1,Q1,Paid Ad,26418,317,1072.02
2026-01-18,2026,1,Q1,Direct,0,0,0.0
2026-01-18,2026,1,Q1,Referral,0,0,0.0
2026-01-19,2026,1,Q1,Organic Search,0,0,0.0
2026-01-19,2026,1,Q1,Social Media,11239,202,442.97
2026-01-19,2026,1,Q1,Email Campaign,6518,293,175.02
2026-01-19,2026,1,Q1,Paid Ad,21498,258,872.15
2026-01-19,2026,1,Q1,Direct,0,0,0.0
2026-01-19,2026,1,Q1,Referral,0,0,0.0
2026-01-20,2026,1,Q1,Organic Search,0,0,0.0
2026-01-20,2026,1,Q1,Social Media,12073,217,475.62
2026-01-20,2026,1,Q1,Email Campaign,5905,266,158.55
2026-01-20,2026,1,Q1,Paid Ad,21498,258,872.15
2026-01-20,2026,1,Q1,Direct,0,0,0.0
2026-01-20,2026,1,Q1,Referral,0,0,0.0
2026-01-21,2026,1,Q1,Organic Search,0,0,0.0
2026-01-21,2026,1,Q1,Social Media,13256,239,522.03
2026-01-21,2026,1,Q1,Email Campaign,5625,253,151.12
2026-01-21,2026,1,Q1,Paid Ad,21498,258,871.87
2026-01-21,2026,1,Q1,Direct,0,0,0.0
2026-01-21,2026,1,Q1,Referral,0,0,0.0
2026-01-22,2026,1,Q1,Organic Search,0,0,0.0
2026-01-22,2026,1,Q1,Social Media,12826,231,504.85
2026-01-22,2026,1,Q1,Email Campaign,5732,258,153.98
2026-01-22,2026,1,Q1,Paid Ad,25410,305,1029.91
2026-01-22,2026,1,Q1,Direct,0,0,0.0
2026-01-22,2026,1,Q1,Referral,0,0,0.0
2026-01-23,2026,1,Q1,Organic Search,0,0,0.0
2026-01-23,2026,1,Q1,Social Media,11993,216,471.93
2026-01-23,2026,1,Q1,Email Campaign,5948,268,159.79
2026-01-23,2026,1,Q1,Paid Ad,20449,245,830.0
2026-01-23,2026,1,Q1,Direct,0,0,0.0
2026-01-23,2026,1,Q1,Referral,0,0,0.0
2026-01-24,2026,1,Q1,Organic Search,0,0,0.0
2026-01-24,2026,1,Q1,Social Media,16913,304,666.31
2026-01-24,2026,1,Q1,Email Campaign,7550,340,202.74
2026-01-24,2026,1,Q1,Paid Ad,23635,284,957.97
2026-01-24,2026,1,Q1,Direct,0,0,0.0
2026-01-24,2026,1,Q1,Referral,0,0,0.0
2026-01-25,2026,1,Q1,Organic Search,0,0,0.0
2026-01-25,2026,1,Q1,Social Media,16107,290,634.06
2026-01-25,2026,1,Q1,Email Campaign,7346,331,197.29
2026-01-25,2026,1,Q1,Paid Ad,26055,313,1056.87
2026-01-25,2026,1,Q1,Direct,0,0,0.0
2026-01-25,2026,1,Q1,Referral,0,0,0.0
2026-01-26,2026,1,Q1,Organic Search,0,0,0.0
2026-01-26,2026,1,Q1,Social Media,12503,225,492.57
2026-01-26,2026,1,Q1,Email Campaign,5915,266,158.71
2026-01-26,2026,1,Q1,Paid Ad,22788,273,924.8
2026-01-26,2026,1,Q1,Direct,0,0,0.0
2026-01-26,2026,1,Q1,Referral,0,0,0.0
2026-01-27,2026,1,Q1,Organic Search,0,0,0.0
2026-01-27,2026,1,Q1,Social Media,12315,222,484.41
2026-01-27,2026,1,Q1,Email Campaign,7206,324,193.39
2026-01-27,2026,1,Q1,Paid Ad,19965,240,809.04
2026-01-27,2026,1,Q1,Direct,0,0,0.0
2026-01-27,2026,1,Q1,Referral,0,0,0.0
2026-01-28,2026,1,Q1,Organic Search,0,0,0.0
2026-01-28,2026,1,Q1,Social Media,14439,260,568.76
2026-01-28,2026,1,Q1,Email Campaign,6238,281,167.34
2026-01-28,2026,1,Q1,Paid Ad,22748,273,922.02
2026-01-28,2026,1,Q1,Direct,0,0,0.0
2026-01-28,2026,1,Q1,Referral,0,0,0.0
2026-01-29,2026,1,Q1,Organic Search,0,0,0.0
2026-01-29,2026,1,Q1,Social Media,13713,247,540.29
2026-01-29,2026,1,Q1,Email Campaign,5969,269,160.34
2026-01-29,2026,1,Q1,Paid Ad,23716,285,962.74
2026-01-29,2026,1,Q1,Direct,0,0,0.0
2026-01-29,2026,1,Q1,Referral,0,0,0.0
2026-01-30,2026,1,Q1,Organic Search,0,0,0.0
2026-01-30,2026,1,Q1,Social Media,10083,182,396.8
2026-01-30,2026,1,Q1,Email Campaign,5926,267,159.11
2026-01-30,2026,1,Q1,Paid Ad,20570,247,833.89
2026-01-30,2026,1,Q1,Direct,0,0,0.0
2026-01-30,2026,1,Q1,Referral,0,0,0.0
2026-01-31,2026,1,Q1,Organic Search,0,0,0.0
2026-01-31,2026,1,Q1,Social Media,13310,240,524.1
2026-01-31,2026,1,Q1,Email Campaign,7109,320,190.81
2026-01-31,2026,1,Q1,Paid Ad,26297,316,1067.53
2026-01-31,2026,1,Q1,Direct,0,0,0.0
2026-01-31,2026,1,Q1,Referral,0,0,0.0
2026-02-01,2026,2,Q1,Organic Search,0,0,0.0
2026-02-01,2026,2,Q1,Social Media,15623,281,615.25
2026-02-01,2026,2,Q1,Email Campaign,7367,332,197.89
2026-02-01,2026,2,Q1,Paid Ad,24160,290,980.4
2026-02-01,2026,2,Q1,Direct,0,0,0.0
2026-02-01,2026,2,Q1,Referral,0,0,0.0
2026-02-02,2026,2,Q1,Organic Search,0,0,0.0
2026-02-02,2026,2,Q1,Social Media,13256,239,521.48
2026-02-02,2026,2,Q1,Email Campaign,6356,286,170.52
2026-02-02,2026,2,Q1,Paid Ad,23877,287,967.91
2026-02-02,2026,2,Q1,Direct,0,0,0.0
2026-02-02,2026,2,Q1,Referral,0,0,0.0
2026-02-03,2026,2,Q1,Organic Search,0,0,0.0
2026-02-03,2026,2,Q1,Social Media,13659,246,538.02
2026-02-03,2026,2,Q1,Email Campaign,6303,284,169.25
2026-02-03,2026,2,Q1,Paid Ad,20610,247,835.84
2026-02-03,2026,2,Q1,Direct,0,0,0.0
2026-02-03,2026,2,Q1,Referral,0,0,0.0
2026-02-04,2026,2,Q1,Organic Search,0,0,0.0
2026-02-04,2026,2,Q1,Social Media,12181,219,480.04
2026-02-04,2026,2,Q1,Email Campaign,6012,271,161.42
2026-02-04,2026,2,Q1,Paid Ad,21659,260,877.76
2026-02-04,2026,2,Q1,Direct,0,0,0.0
2026-02-04,2026,2,Q1,Referral,0,0,0.0
2026-02-05,2026,2,Q1,Organic Search,0,0,0.0
2026-02-05,2026,2,Q1,Social Media,13149,237,517.38
2026-02-05,2026,2,Q1,Email Campaign,6647,299,178.52
2026-02-05,2026,2,Q1,Paid Ad,22103,265,896.81
2026-02-05,2026,2,Q1,Direct,0,0,0.0
2026-02-05,2026,2,Q1,Referral,0,0,0.0
2026-02-06,2026,2,Q1,Organic Search,0,0,0.0
2026-02-06,2026,2,Q1,Social Media,12880,232,507.16
2026-02-06,2026,2,Q1,Email Campaign,6368,287,170.8
2026-02-06,2026,2,Q1,Paid Ad,21296,256,863.32
2026-02-06,2026,2,Q1,Direct,0,0,0.0
2026-02-06,2026,2,Q1,Referral,0,0,0.0
2026-02-07,2026,2,Q1,Organic Search,0,0,0.0
2026-02-07,2026,2,Q1,Social Media,13713,247,539.37
2026-02-07,2026,2,Q1,Email Campaign,6216,280,166.91
2026-02-07,2026,2,Q1,Paid Ad,24119,289,977.97
2026-02-07,2026,2,Q1,Direct,0,0,0.0
2026-02-07,2026,2,Q1,Referral,0,0,0.0
2026-02-08,2026,2,Q1,Organic Search,0,0,0.0
2026-02-08,2026,2,Q1,Social Media,15353,276,604.55
2026-02-08,2026,2,Q1,Email Campaign,6830,307,183.25
2026-02-08,2026,2,Q1,Paid Ad,25047,301,1015.87
2026-02-08,2026,2,Q1,Direct,0,0,0.0
2026-02-08,2026,2,Q1,Referral,0,0,0.0
2026-02-09,2026,2,Q1,Organic Search,0,0,0.0
2026-02-09,2026,2,Q1,Social Media,13337,240,525.41
2026-02-09,2026,2,Q1,Email Campaign,6550,295,175.85
2026-02-09,2026,2,Q1,Paid Ad,20288,243,822.72
2026-02-09,2026,2,Q1,Direct,0,0,0.0
2026-02-09,2026,2,Q1,Referral,0,0,0.0
2026-02-10,2026,2,Q1,Organic Search,0,0,0.0
2026-02-10,2026,2,Q1,Social Media,13901,250,546.93
2026-02-10,2026,2,Q1,Email Campaign,6862,309,184.05
2026-02-10,2026,2,Q1,Paid Ad,20207,242,819.1
2026-02-10,2026,2,Q1,Direct,0,0,0.0
2026-02-10,2026,2,Q1,Referral,0,0,0.0
2026-02-11,2026,2,Q1,Organic Search,0,0,0.0
2026-02-11,2026,2,Q1,Social Media,12019,216,473.16
2026-02-11,2026,2,Q1,Email Campaign,6894,310,184.92
2026-02-11,2026,2,Q1,Paid Ad,21941,263,889.89
2026-02-11,2026,2,Q1,Direct,0,0,0.0
2026-02-11,2026,2,Q1,Referral,0,0,0.0
2026-02-12,2026,2,Q1,Organic Search,0,0,0.0
2026-02-12,2026,2,Q1,Social Media,10594,191,416.57
2026-02-12,2026,2,Q1,Email Campaign,5582,251,149.93
2026-02-12,2026,2,Q1,Paid Ad,21740,261,882.53
2026-02-12,2026,2,Q1,Direct,0,0,0.0
2026-02-12,2026,2,Q1,Referral,0,0,0.0
2026-02-13,2026,2,Q1,Organic Search,0,0,0.0
2026-02-13,2026,2,Q1,Social Media,11670,210,459.4
2026-02-13,2026,2,Q1,Email Campaign,6077,273,163.25
2026-02-13,2026,2,Q1,Paid Ad,22264,267,902.81
2026-02-13,2026,2,Q1,Direct,0,0,0.0
2026-02-13,2026,2,Q1,Referral,0,0,0.0
2026-02-14,2026,2,Q1,Organic Search,0,0,0.0
2026-02-14,2026,2,Q1,Social Media,16537,298,650.64
2026-02-14,2026,2,Q1,Email Campaign,7066,318,189.65
2026-02-14,2026,2,Q1,Paid Ad,27709,333,1124.4
2026-02-14,2026,2,Q1,Direct,0,0,0.0
2026-02-14,2026,2,Q1,Referral,0,0,0.0
2026-02-15,2026,2,Q1,Organic Search,0,0,0.0
2026-02-15,2026,2,Q1,Social Media,16483,297,649.09
2026-02-15,2026,2,Q1,Email Campaign,8067,363,216.46
2026-02-15,2026,2,Q1,Paid Ad,26096,313,1059.14
2026-02-15,2026,2,Q1,Direct,0,0,0.0
2026-02-15,2026,2,Q1,Referral,0,0,0.0
2026-02-16,2026,2,Q1,Organic Search,0,0,0.0
2026-02-16,2026,2,Q1,Social Media,10836,195,426.99
2026-02-16,2026,2,Q1,Email Campaign,6518,293,175.06
2026-02-16,2026,2,Q1,Paid Ad,24079,289,976.02
2026-02-16,2026,2,Q1,Direct,0,0,0.0
2026-02-16,2026,2,Q1,Referral,0,0,0.0
2026-02-17,2026,2,Q1,Organic Search,0,0,0.0
2026-02-17,2026,2,Q1,Social Media,12772,230,503.22
2026-02-17,2026,2,Q1,Email Campaign,7163,322,192.4
2026-02-17,2026,2,Q1,Paid Ad,23716,285,962.42
2026-02-17,2026,2,Q1,Direct,0,0,0.0
2026-02-17,2026,2,Q1,Referral,0,0,0.0
2026-02-18,2026,2,Q1,Organic Search,0,0,0.0
2026-02-18,2026,2,Q1,Social Media,13445,242,529.55
2026-02-18,2026,2,Q1,Email Campaign,6840,308,183.49
2026-02-18,2026,2,Q1,Paid Ad,22788,273,924.48
2026-02-18,2026,2,Q1,Direct,0,0,0.0
2026-02-18,2026,2,Q1,Referral,0,0,0.0
2026-02-19,2026,2,Q1,Organic Search,0,0,0.0
2026-02-19,2026,2,Q1,Social Media,10299,185,405.51
2026-02-19,2026,2,Q1,Email Campaign,6034,272,162.09
2026-02-19,2026,2,Q1,Paid Ad,24321,292,986.72
2026-02-19,2026,2,Q1,Direct,0,0,0.0
2026-02-19,2026,2,Q1,Referral,0,0,0.0
2026-02-20,2026,2,Q1,Organic Search,0,0,0.0
2026-02-20,2026,2,Q1,Social Media,12046,217,473.79
2026-02-20,2026,2,Q1,Email Campaign,6174,278,165.83
2026-02-20,2026,2,Q1,Paid Ad,20328,244,825.22
2026-02-20,2026,2,Q1,Direct,0,0,0.0
2026-02-20,2026,2,Q1,Referral,0,0,0.0
2026-02-21,2026,2,Q1,Organic Search,0,0,0.0
2026-02-21,2026,2,Q1,Social Media,16913,304,665.64
2026-02-21,2026,2,Q1,Email Campaign,8207,369,220.27
2026-02-21,2026,2,Q1,Paid Ad,23716,285,962.34
2026-02-21,2026,2,Q1,Direct,0,0,0.0
2026-02-21,2026,2,Q1,Referral,0,0,0.0
2026-02-22,2026,2,Q1,Organic Search,0,0,0.0
2026-02-22,2026,2,Q1,Social Media,14977,270,589.36
2026-02-22,2026,2,Q1,Email Campaign,6840,308,183.61
2026-02-22,2026,2,Q1,Paid Ad,26781,321,1086.5
2026-02-22,2026,2,Q1,Direct,0,0,0.0
2026-02-22,2026,2,Q1,Referral,0,0,0.0
2026-02-23,2026,2,Q1,Organic Search,0,0,0.0
2026-02-23,2026,2,Q1,Social Media,13391,241,527.16
2026-02-23,2026,2,Q1,Email Campaign,6700,302,179.83
2026-02-23,2026,2,Q1,Paid Ad,22788,273,924.41
2026-02-23,2026,2,Q1,Direct,0,0,0.0
2026-02-23,2026,2,Q1,Referral,0,0,0.0
2026-02-24,2026,2,Q1,Organic Search,0,0,0.0
2026-02-24,2026,2,Q1,Social Media,15891,286,625.47
2026-02-24,2026,2,Q1,Email Campaign,5776,260,154.98
2026-02-24,2026,2,Q1,Paid Ad,19158,230,777.26
2026-02-24,2026,2,Q1,Direct,0,0,0.0
2026-02-24,2026,2,Q1,Referral,0,0,0.0
2026-02-25,2026,2,Q1,Organic Search,0,0,0.0
2026-02-25,2026,2,Q1,Social Media,12449,224,490.58
2026-02-25,2026,2,Q1,Email Campaign,5496,247,147.66
2026-02-25,2026,2,Q1,Paid Ad,19562,235,792.97
2026-02-25,2026,2,Q1,Direct,0,0,0.0
2026-02-25,2026,2,Q1,Referral,0,0,0.0
2026-02-26,2026,2,Q1,Organic Search,0,0,0.0
2026-02-26,2026,2,Q1,Social Media,11831,213,465.96
2026-02-26,2026,2,Q1,Email Campaign,5829,262,156.37
2026-02-26,2026,2,Q1,Paid Ad,20489,246,831.71
2026-02-26,2026,2,Q1,Direct,0,0,0.0
2026-02-26,2026,2,Q1,Referral,0,0,0.0
2026-02-27,2026,2,Q1,Organic Search,0,0,0.0
2026-02-27,2026,2,Q1,Social Media,13391,241,527.52
2026-02-27,2026,2,Q1,Email Campaign,6034,272,162.01
2026-02-27,2026,2,Q1,Paid Ad,21861,262,887.54
2026-02-27,2026,2,Q1,Direct,0,0,0.0
2026-02-27,2026,2,Q1,Referral,0,0,0.0
2026-02-28,2026,2,Q1,Organic Search,0,0,0.0
2026-02-28,2026,2,Q1,Social Media,15865,286,624.16
2026-02-28,2026,2,Q1,Email Campaign,6787,305,182.26
2026-02-28,2026,2,Q1,Paid Ad,25007,300,1013.64
2026-02-28,2026,2,Q1,Direct,0,0,0.0
2026-02-28,2026,2,Q1,Referral,0,0,0.0
2026-03-01,2026,3,Q1,Organic Search,0,0,0.0
2026-03-01,2026,3,Q1,Social Media,17908,322,705.36
2026-03-01,2026,3,Q1,Email Campaign,7184,323,192.95
2026-03-01,2026,3,Q1,Paid Ad,24321,292,985.85
2026-03-01,2026,3,Q1,Direct,0,0,0.0
2026-03-01,2026,3,Q1,Referral,0,0,0.0
2026-03-02,2026,3,Q1,Organic Search,0,0,0.0
2026-03-02,2026,3,Q1,Social Media,15542,280,612.39
2026-03-02,2026,3,Q1,Email Campaign,7690,346,206.44
2026-03-02,2026,3,Q1,Paid Ad,30411,365,1234.32
2026-03-02,2026,3,Q1,Direct,0,0,0.0
2026-03-02,2026,3,Q1,Referral,0,0,0.0
2026-03-03,2026,3,Q1,Organic Search,0,0,0.0
2026-03-03,2026,3,Q1,Social Media,15327,276,603.44
2026-03-03,2026,3,Q1,Email Campaign,7884,355,211.68
2026-03-03,2026,3,Q1,Paid Ad,25692,308,1042.83
2026-03-03,2026,3,Q1,Direct,0,0,0.0
2026-03-03,2026,3,Q1,Referral,0,0,0.0
2026-03-04,2026,3,Q1,Organic Search,0,0,0.0
2026-03-04,2026,3,Q1,Social Media,15488,279,610.08
2026-03-04,2026,3,Q1,Email Campaign,8389,378,225.13
2026-03-04,2026,3,Q1,Paid Ad,21699,260,879.39
2026-03-04,2026,3,Q1,Direct,0,0,0.0
2026-03-04,2026,3,Q1,Referral,0,0,0.0
2026-03-05,2026,3,Q1,Organic Search,0,0,0.0
2026-03-05,2026,3,Q1,Social Media,15649,282,615.61
2026-03-05,2026,3,Q1,Email Campaign,8669,390,232.56
2026-03-05,2026,3,Q1,Paid Ad,26701,320,1083.28
2026-03-05,2026,3,Q1,Direct,0,0,0.0
2026-03-05,2026,3,Q1,Referral,0,0,0.0
2026-03-06,2026,3,Q1,Organic Search,0,0,0.0
2026-03-06,2026,3,Q1,Social Media,17128,308,674.58
2026-03-06,2026,3,Q1,Email Campaign,7023,316,188.66
2026-03-06,2026,3,Q1,Paid Ad,26055,313,1056.67
2026-03-06,2026,3,Q1,Direct,0,0,0.0
2026-03-06,2026,3,Q1,Referral,0,0,0.0
2026-03-07,2026,3,Q1,Organic Search,0,0,0.0
2026-03-07,2026,3,Q1,Social Media,17451,314,687.11
2026-03-07,2026,3,Q1,Email Campaign,7002,315,187.9
2026-03-07,2026,3,Q1,Paid Ad,27225,327,1104.43
2026-03-07,2026,3,Q1,Direct,0,0,0.0
2026-03-07,2026,3,Q1,Referral,0,0,0.0
2026-03-08,2026,3,Q1,Organic Search,0,0,0.0
2026-03-08,2026,3,Q1,Social Media,15891,286,625.15
2026-03-08,2026,3,Q1,Email Campaign,9067,408,243.46
2026-03-08,2026,3,Q1,Paid Ad,32146,386,1303.31
2026-03-08,2026,3,Q1,Direct,0,0,0.0
2026-03-08,2026,3,Q1,Referral,0,0,0.0
2026-03-09,2026,3,Q1,Organic Search,0,0,0.0
2026-03-09,2026,3,Q1,Social Media,15542,280,611.35
2026-03-09,2026,3,Q1,Email Campaign,7884,355,211.72
2026-03-09,2026,3,Q1,Paid Ad,25773,309,1045.46
2026-03-09,2026,3,Q1,Direct,0,0,0.0
2026-03-09,2026,3,Q1,Referral,0,0,0.0
2026-03-10,2026,3,Q1,Organic Search,0,0,0.0
2026-03-10,2026,3,Q1,Social Media,16591,299,653.23
2026-03-10,2026,3,Q1,Email Campaign,7400,333,198.76
2026-03-10,2026,3,Q1,Paid Ad,26257,315,1064.31
2026-03-10,2026,3,Q1,Direct,0,0,0.0
2026-03-10,2026,3,Q1,Referral,0,0,0.0
2026-03-11,2026,3,Q1,Organic Search,0,0,0.0
2026-03-11,2026,3,Q1,Social Media,14816,267,583.24
2026-03-11,2026,3,Q1,Email Campaign,7808,351,209.5
2026-03-11,2026,3,Q1,Paid Ad,25249,303,1023.71
2026-03-11,2026,3,Q1,Direct,0,0,0.0
2026-03-11,2026,3,Q1,Referral,0,0,0.0
2026-03-12,2026,3,Q1,Organic Search,0,0,0.0
2026-03-12,2026,3,Q1,Social Media,16321,294,642.45
2026-03-12,2026,3,Q1,Email Campaign,6733,303,180.63
2026-03-12,2026,3,Q1,Paid Ad,23837,286,966.24
2026-03-12,2026,3,Q1,Direct,0,0,0.0
2026-03-12,2026,3,Q1,Referral,0,0,0.0
2026-03-13,2026,3,Q1,Organic Search,0,0,0.0
2026-03-13,2026,3,Q1,Social Media,15972,287,628.69
2026-03-13,2026,3,Q1,Email Campaign,7346,331,197.25
2026-03-13,2026,3,Q1,Paid Ad,25168,302,1020.92
2026-03-13,2026,3,Q1,Direct,0,0,0.0
2026-03-13,2026,3,Q1,Referral,0,0,0.0
2026-03-14,2026,3,Q1,Organic Search,0,0,0.0
2026-03-14,2026,3,Q1,Social Media,18634,335,734.08
2026-03-14,2026,3,Q1,Email Campaign,8099,364,217.33
2026-03-14,2026,3,Q1,Paid Ad,29564,355,1198.76
2026-03-14,2026,3,Q1,Direct,0,0,0.0
2026-03-14,2026,3,Q1,Referral,0,0,0.0
2026-03-15,2026,3,Q1,Organic Search,0,0,0.0
2026-03-15,2026,3,Q1,Social Media,19360,348,761.99
2026-03-15,2026,3,Q1,Email Campaign,9562,430,256.54
2026-03-15,2026,3,Q1,Paid Ad,33799,406,1371.56
2026-03-15,2026,3,Q1,Direct,0,0,0.0
2026-03-15,2026,3,Q1,Referral,0,0,0.0
2026-03-16,2026,3,Q1,Organic Search,0,0,0.0
2026-03-16,2026,3,Q1,Social Media,14789,266,582.44
2026-03-16,2026,3,Q1,Email Campaign,8131,366,218.21
2026-03-16,2026,3,Q1,Paid Ad,24119,289,978.97
2026-03-16,2026,3,Q1,Direct,0,0,0.0
2026-03-16,2026,3,Q1,Referral,0,0,0.0
2026-03-17,2026,3,Q1,Organic Search,0,0,0.0
2026-03-17,2026,3,Q1,Social Media,14036,253,552.69
2026-03-17,2026,3,Q1,Email Campaign,6012,271,161.26
2026-03-17,2026,3,Q1,Paid Ad,29605,355,1201.19
2026-03-17,2026,3,Q1,Direct,0,0,0.0
2026-03-17,2026,3,Q1,Referral,0,0,0.0
2026-03-18,2026,3,Q1,Organic Search,0,0,0.0
2026-03-18,2026,3,Q1,Social Media,14090,254,554.72
2026-03-18,2026,3,Q1,Email Campaign,7324,330,196.65
2026-03-18,2026,3,Q1,Paid Ad,24200,290,982.23
2026-03-18,2026,3,Q1,Direct,0,0,0.0
2026-03-18,2026,3,Q1,Referral,0,0,0.0
2026-03-19,2026,3,Q1,Organic Search,0,0,0.0
2026-03-19,2026,3,Q1,Social Media,15972,287,629.05
2026-03-19,2026,3,Q1,Email Campaign,7174,323,192.68
2026-03-19,2026,3,Q1,Paid Ad,23393,281,948.82
2026-03-19,2026,3,Q1,Direct,0,0,0.0
2026-03-19,2026,3,Q1,Referral,0,0,0.0
2026-03-20,2026,3,Q1,Organic Search,0,0,0.0
2026-03-20,2026,3,Q1,Social Media,15676,282,616.96
2026-03-20,2026,3,Q1,Email Campaign,6550,295,175.85
2026-03-20,2026,3,Q1,Paid Ad,24361,292,988.43
2026-03-20,2026,3,Q1,Direct,0,0,0.0
2026-03-20,2026,3,Q1,Referral,0,0,0.0
2026-03-21,2026,3,Q1,Organic Search,0,0,0.0
2026-03-21,2026,3,Q1,Social Media,14466,260,569.79
2026-03-21,2026,3,Q1,Email Campaign,7540,339,202.42
2026-03-21,2026,3,Q1,Paid Ad,30452,365,1235.71
2026-03-21,2026,3,Q1,Direct,0,0,0.0
2026-03-21,2026,3,Q1,Referral,0,0,0.0
2026-03-22,2026,3,Q1,Organic Search,0,0,0.0
2026-03-22,2026,3,Q1,Social Media,14681,264,577.59
2026-03-22,2026,3,Q1,Email Campaign,7497,337,201.38
2026-03-22,2026,3,Q1,Paid Ad,30048,361,1218.05
2026-03-22,2026,3,Q1,Direct,0,0,0.0
2026-03-22,2026,3,Q1,Referral,0,0,0.0
2026-03-23,2026,3,Q1,Organic Search,0,0,0.0
2026-03-23,2026,3,Q1,Social Media,14466,260,569.99
2026-03-23,2026,3,Q1,Email Campaign,8583,386,230.3
2026-03-23,2026,3,Q1,Paid Ad,29968,360,1214.83
2026-03-23,2026,3,Q1,Direct,0,0,0.0
2026-03-23,2026,3,Q1,Referral,0,0,0.0
2026-03-24,2026,3,Q1,Organic Search,0,0,0.0
2026-03-24,2026,3,Q1,Social Media,14090,254,554.52
2026-03-24,2026,3,Q1,Email Campaign,7733,348,207.51
2026-03-24,2026,3,Q1,Paid Ad,27669,332,1122.89
2026-03-24,2026,3,Q1,Direct,0,0,0.0
2026-03-24,2026,3,Q1,Referral,0,0,0.0
2026-03-25,2026,3,Q1,Organic Search,0,0,0.0
2026-03-25,2026,3,Q1,Social Media,14413,259,567.41
2026-03-25,2026,3,Q1,Email Campaign,6518,293,174.86
2026-03-25,2026,3,Q1,Paid Ad,26096,313,1058.34
2026-03-25,2026,3,Q1,Direct,0,0,0.0
2026-03-25,2026,3,Q1,Referral,0,0,0.0
2026-03-26,2026,3,Q1,Organic Search,0,0,0.0
2026-03-26,2026,3,Q1,Social Media,14923,269,587.65
2026-03-26,2026,3,Q1,Email Campaign,7142,321,191.72
2026-03-26,2026,3,Q1,Paid Ad,27023,324,1096.88
2026-03-26,2026,3,Q1,Direct,0,0,0.0
2026-03-26,2026,3,Q1,Referral,0,0,0.0
2026-03-27,2026,3,Q1,Organic Search,0,0,0.0
2026-03-27,2026,3,Q1,Social Media,14224,256,560.13
2026-03-27,2026,3,Q1,Email Campaign,6722,302,180.35
2026-03-27,2026,3,Q1,Paid Ad,26338,316,1068.64
2026-03-27,2026,3,Q1,Direct,0,0,0.0
2026-03-27,2026,3,Q1,Referral,0,0,0.0
2026-03-28,2026,3,Q1,Organic Search,0,0,0.0
2026-03-28,2026,3,Q1,Social Media,17935,323,706.44
2026-03-28,2026,3,Q1,Email Campaign,7712,347,206.91
2026-03-28,2026,3,Q1,Paid Ad,32267,387,1308.76
2026-03-28,2026,3,Q1,Direct,0,0,0.0
2026-03-28,2026,3,Q1,Referral,0,0,0.0
2026-03-29,2026,3,Q1,Organic Search,0,0,0.0
2026-03-29,2026,3,Q1,Social Media,14950,269,588.25
2026-03-29,2026,3,Q1,Email Campaign,8121,365,217.85
2026-03-29,2026,3,Q1,Paid Ad,29403,353,1193.16
2026-03-29,2026,3,Q1,Direct,0,0,0.0
2026-03-29,2026,3,Q1,Referral,0,0,0.0
2026-03-30,2026,3,Q1,Organic Search,0,0,0.0
2026-03-30,2026,3,Q1,Social Media,14359,258,565.58
2026-03-30,2026,3,Q1,Email Campaign,7066,318,189.65
2026-03-30,2026,3,Q1,Paid Ad,30008,360,1217.97
2026-03-30,2026,3,Q1,Direct,0,0,0.0
2026-03-30,2026,3,Q1,Referral,0,0,0.0
2026-03-31,2026,3,Q1,Organic Search,0,0,0.0
2026-03-31,2026,3,Q1,Social Media,14117,254,555.36
2026-03-31,2026,3,Q1,Email Campaign,8841,398,237.41
2026-03-31,2026,3,Q1,Paid Ad,27023,324,1096.44
2026-03-31,2026,3,Q1,Direct,0,0,0.0
2026-03-31,2026,3,Q1,Referral,0,0,0.0
